player_id,player,position,sub_position,season,season_start,season_end,competition_id,competition_name,competition_sub_type,competition_type,country_name,confederation,competition_level,first_match_date,last_match_date,appearances,minutes,goals,assists,goals_per90,assists_per90,competition_name_xgxa,game_player_rows,source_confirmed_rows,xg_xa_coverage_rate,source_minutes,xg,xa,xg_xa_enrichment_status,xg_xa_source,xg_xa_source_library,xg_xa_source_version,minutes_consistent_with_game_level,xg_per90,xa_per90,season_start_date,season_end_date,competition,team,starts,performance_score_status,performance_score,performance_percentile
3333,James Milner,Midfield,Central Midfield,2024,2024-07-09,2025-12-07,GB1,premier-league,first_tier,domestic_league,England,europa,TOP_LEAGUE,2024-08-17,2025-05-25,4,173.0,0.0,0.0,0.0,0.0,premier-league,4.0,4.0,1.0,173.0,0.1920489966869354,0.2607630733400583,COMPLETE,Understat,soccerdata,1.9.1,True,0.0999098826695039,0.1356570901769089,2024-07-09,2025-12-07,premier-league,,,INSUFFICIENT_MINUTES,,
14086,Ashley Young,Defender,Right-Back,2024,2024-07-09,2025-12-07,GB1,premier-league,first_tier,domestic_league,England,europa,TOP_LEAGUE,2024-08-17,2025-05-25,32,1870.0,1.0,3.0,0.0481283422459893,0.1443850267379679,premier-league,32.0,32.0,1.0,1870.0,0.2522744350135326,2.9377346560359,COMPLETE,Understat,soccerdata,1.9.1,True,0.0121415503482448,0.1413882989535994,2024-07-09,2025-12-07,premier-league,,,ELIGIBLE,0.075236,0.75
16306,Casemiro,Midfield,Defensive Midfield,2024,2024-07-09,2025-12-07,GB1,premier-league,first_tier,domestic_league,England,europa,TOP_LEAGUE,2024-08-16,2025-05-25,24,1498.0,1.0,0.0,0.0600801068090787,0.0,premier-league,24.0,24.0,1.0,1498.0,1.939050110988319,2.170760851353407,COMPLETE,Understat,soccerdata,1.9.1,True,0.1164983377763342,0.1304195438062794,2024-07-09,2025-12-07,premier-league,,,ELIGIBLE,0.079057,0.381443
29692,Lukasz Fabianski,Goalkeeper,Goalkeeper,2024,2024-07-09,2025-12-07,GB1,premier-league,first_tier,domestic_league,England,europa,TOP_LEAGUE,2024-08-31,2025-05-25,14,1161.0,0.0,0.0,0.0,0.0,premier-league,14.0,14.0,1.0,1161.0,0.0,0.0,COMPLETE,Understat,soccerdata,1.9.1,True,0.0,0.0,2024-07-09,2025-12-07,premier-league,,,ELIGIBLE,0.0,0.211538
42412,Jonny Evans,Defender,Centre-Back,2024,2024-07-09,2025-12-07,GB1,premier-league,first_tier,domestic_league,England,europa,TOP_LEAGUE,2024-08-16,2025-05-25,7,314.0,0.0,0.0,0.0,0.0,premier-league,7.0,7.0,1.0,314.0,0.0842704158276319,0.0,COMPLETE,Understat,soccerdata,1.9.1,True,0.0241539408423148,0.0,2024-07-09,2025-12-07,premier-league,,,INSUFFICIENT_MINUTES,,
43530,Adam Lallana,Midfield,Attacking Midfield,2024,2024-07-09,2025-12-07,GB1,premier-league,first_tier,domestic_league,England,europa,TOP_LEAGUE,2024-08-31,2025-03-08,14,355.0,0.0,2.0,0.0,0.5070422535211268,premier-league,14.0,14.0,1.0,355.0,0.1523155756294727,0.5534783098846674,COMPLETE,Understat,soccerdata,1.9.1,True,0.0386152163567677,0.1403184447594931,2024-07-09,2025-12-07,premier-league,,,INSUFFICIENT_MINUTES,,
51471,Mateo Kovacic,Midfield,Central Midfield,2024,2024-07-09,2025-12-07,GB1,premier-league,first_tier,domestic_league,England,europa,TOP_LEAGUE,2024-08-18,2025-05-20,31,2203.0,6.0,2.0,0.2451202905129369,0.0817067635043123,premier-league,31.0,31.0,1.0,2203.0,1.806072806939483,3.685476559214294,COMPLETE,Understat,soccerdata,1.9.1,True,0.0737841818540869,0.1505641808122045,2024-07-09,2025-12-07,premier-league,,,ELIGIBLE,0.142126,0.659794
52570,Fraser Forster,Goalkeeper,Goalkeeper,2024,2024-07-09,2025-12-07,GB1,premier-league,first_tier,domestic_league,England,europa,TOP_LEAGUE,2024-12-01,2024-12-29,7,630.0,0.0,0.0,0.0,0.0,premier-league,7.0,7.0,1.0,630.0,0.0,0.0,COMPLETE,Understat,soccerdata,1.9.1,True,0.0,0.0,2024-07-09,2025-12-07,premier-league,,,INSUFFICIENT_MINUTES,,
52769,Willian,Attack,Left Winger,2024,2024-07-09,2025-12-07,GB1,premier-league,first_tier,domestic_league,England,europa,TOP_LEAGUE,2025-02-15,2025-05-10,10,252.0,0.0,0.0,0.0,0.0,premier-league,10.0,10.0,1.0,252.0,0.2559743635356426,0.2961952313780784,COMPLETE,Understat,soccerdata,1.9.1,True,0.0914194155484437,0.1057840112064566,2024-07-09,2025-12-07,premier-league,,,INSUFFICIENT_MINUTES,,
53622,İlkay Gündoğan,Midfield,Central Midfield,2024,2024-07-09,2025-12-07,GB1,premier-league,first_tier,domestic_league,England,europa,TOP_LEAGUE,2024-08-24,2025-05-25,33,2229.0,1.0,7.0,0.0403768506056527,0.2826379542395693,premier-league,33.0,33.0,1.0,2229.0,3.426698351278901,3.667873060330749,COMPLETE,Understat,soccerdata,1.9.1,True,0.1383592874002248,0.148097162597473,2024-07-09,2025-12-07,premier-league,,,ELIGIBLE,0.139768,0.639175
61841,Adam Smith,Defender,Right-Back,2024,2024-07-09,2025-12-07,GB1,premier-league,first_tier,domestic_league,England,europa,TOP_LEAGUE,2024-08-17,2025-05-25,25,1595.0,0.0,0.0,0.0,0.0,premier-league,25.0,25.0,1.0,1595.0,0.3261268213391304,0.4430896267294884,COMPLETE,Understat,soccerdata,1.9.1,True,0.0184021403890418,0.0250019225113817,2024-07-09,2025-12-07,premier-league,,,ELIGIBLE,0.010521,0.066667
67063,Danny Welbeck,Attack,Centre-Forward,2024,2024-07-09,2025-12-07,GB1,premier-league,first_tier,domestic_league,England,europa,TOP_LEAGUE,2024-08-17,2025-05-19,30,2121.0,10.0,4.0,0.4243281471004243,0.1697312588401697,premier-league,30.0,30.0,1.0,2121.0,10.45602908357978,2.076795544475317,COMPLETE,Understat,soccerdata,1.9.1,True,0.4436787447063555,0.0881242805293628,2024-07-09,2025-12-07,premier-league,,,ELIGIBLE,0.311973,0.576923
68390,Séamus Coleman,Defender,Right-Back,2024,2024-07-09,2025-12-07,GB1,premier-league,first_tier,domestic_league,England,europa,TOP_LEAGUE,2024-08-31,2025-05-18,5,215.0,0.0,0.0,0.0,0.0,premier-league,5.0,5.0,1.0,215.0,0.4752198457717895,0.0,COMPLETE,Understat,soccerdata,1.9.1,True,0.1989292377649351,0.0,2024-07-09,2025-12-07,premier-league,,,INSUFFICIENT_MINUTES,,
69633,Christian Eriksen,Midfield,Attacking Midfield,2024,2024-07-09,2025-12-07,GB1,premier-league,first_tier,domestic_league,England,europa,TOP_LEAGUE,2024-09-01,2025-05-25,23,1056.0,1.0,2.0,0.0852272727272727,0.1704545454545454,premier-league,23.0,23.0,1.0,1056.0,1.3317703362554312,3.2394327828660607,COMPLETE,Understat,soccerdata,1.9.1,True,0.1135031536581333,0.2760880212669938,2024-07-09,2025-12-07,premier-league,,,ELIGIBLE,0.148928,0.680412
72476,Bernd Leno,Goalkeeper,Goalkeeper,2024,2024-07-09,2025-12-07,GB1,premier-league,first_tier,domestic_league,England,europa,TOP_LEAGUE,2024-08-16,2025-05-25,38,3420.0,0.0,1.0,0.0,0.0263157894736842,premier-league,38.0,38.0,1.0,3420.0,0.0,0.31894351541996,COMPLETE,Understat,soccerdata,1.9.1,True,0.0,0.0083932504057884,2024-07-09,2025-12-07,premier-league,,,ELIGIBLE,0.006942,0.923077
73564,Jason Steele,Goalkeeper,Goalkeeper,2024,2024-07-09,2025-12-07,GB1,premier-league,first_tier,domestic_league,England,europa,TOP_LEAGUE,2024-08-17,2024-08-24,2,180.0,0.0,0.0,0.0,0.0,premier-league,2.0,2.0,1.0,180.0,0.0,0.0,COMPLETE,Understat,soccerdata,1.9.1,True,0.0,0.0,2024-07-09,2025-12-07,premier-league,,,INSUFFICIENT_MINUTES,,
74230,Pablo Sarabia,Midfield,Attacking Midfield,2024,2024-07-09,2025-12-07,GB1,premier-league,first_tier,domestic_league,England,europa,TOP_LEAGUE,2024-08-17,2025-05-20,23,805.0,3.0,2.0,0.3354037267080745,0.2236024844720497,premier-league,23.0,23.0,1.0,805.0,2.177397783845663,1.962121868506074,COMPLETE,Understat,soccerdata,1.9.1,True,0.2434357770759126,0.2193676623174492,2024-07-09,2025-12-07,premier-league,,,INSUFFICIENT_MINUTES,,
74810,Ben Mee,Defender,Centre-Back,2024,2024-07-09,2025-12-07,GB1,premier-league,first_tier,domestic_league,England,europa,TOP_LEAGUE,2024-08-18,2025-03-15,7,181.0,0.0,0.0,0.0,0.0,premier-league,7.0,7.0,1.0,181.0,0.0,0.0,COMPLETE,Understat,soccerdata,1.9.1,True,0.0,0.0,2024-07-09,2025-12-07,premier-league,,,INSUFFICIENT_MINUTES,,
74960,Martin Dúbravka,Goalkeeper,Goalkeeper,2024,2024-07-09,2025-12-07,GB1,premier-league,first_tier,domestic_league,England,europa,TOP_LEAGUE,2024-12-14,2025-02-15,10,900.0,0.0,0.0,0.0,0.0,premier-league,10.0,10.0,1.0,900.0,0.0,0.0,COMPLETE,Understat,soccerdata,1.9.1,True,0.0,0.0,2024-07-09,2025-12-07,premier-league,,,ELIGIBLE,0.0,0.211538
75458,Robin Olsen,Goalkeeper,Goalkeeper,2024,2024-07-09,2025-12-07,GB1,premier-league,first_tier,domestic_league,England,europa,TOP_LEAGUE,2024-12-01,2025-05-25,4,225.0,0.0,0.0,0.0,0.0,premier-league,4.0,4.0,1.0,225.0,0.0,0.0,COMPLETE,Understat,soccerdata,1.9.1,True,0.0,0.0,2024-07-09,2025-12-07,premier-league,,,INSUFFICIENT_MINUTES,,
75489,Niclas Füllkrug,Attack,Centre-Forward,2024,2024-07-09,2025-12-07,GB1,premier-league,first_tier,domestic_league,England,europa,TOP_LEAGUE,2024-08-17,2025-05-25,18,788.0,3.0,2.0,0.3426395939086294,0.2284263959390862,premier-league,18.0,18.0,1.0,788.0,2.1643357016146183,2.0831744708120823,COMPLETE,Understat,soccerdata,1.9.1,True,0.2471957019610604,0.2379260182399586,2024-07-09,2025-12-07,premier-league,,,INSUFFICIENT_MINUTES,,
85177,Nathaniel Clyne,Defender,Right-Back,2024,2024-07-09,2025-12-07,GB1,premier-league,first_tier,domestic_league,England,europa,TOP_LEAGUE,2024-09-01,2025-04-12,13,481.0,0.0,0.0,0.0,0.0,premier-league,13.0,13.0,1.0,481.0,0.0234091719612479,0.1613760516047477,COMPLETE,Understat,soccerdata,1.9.1,True,0.0043800945457636,0.0301951032108675,2024-07-09,2025-12-07,premier-league,,,INSUFFICIENT_MINUTES,,
85941,Stefan Ortega,Goalkeeper,Goalkeeper,2024,2024-07-09,2025-12-07,GB1,premier-league,first_tier,domestic_league,England,europa,TOP_LEAGUE,2024-12-01,2025-04-22,13,1099.0,0.0,0.0,0.0,0.0,premier-league,13.0,13.0,1.0,1099.0,0.0,0.0,COMPLETE,Understat,soccerdata,1.9.1,True,0.0,0.0,2024-07-09,2025-12-07,premier-league,,,ELIGIBLE,0.0,0.211538
88755,Kevin De Bruyne,Midfield,Attacking Midfield,2024,2024-07-09,2025-12-07,GB1,premier-league,first_tier,domestic_league,England,europa,TOP_LEAGUE,2024-08-18,2025-05-25,28,1705.0,4.0,7.0,0.2111436950146627,0.3695014662756598,premier-league,28.0,28.0,1.0,1705.0,5.544451447203755,8.934372447431087,COMPLETE,Understat,soccerdata,1.9.1,True,0.2926689913479988,0.4716091027969489,2024-07-09,2025-12-07,premier-league,,,ELIGIBLE,0.319366,0.969072
91845,Heung-min Son,Attack,Left Winger,2024,2024-07-09,2025-12-07,GB1,premier-league,first_tier,domestic_league,England,europa,TOP_LEAGUE,2024-08-19,2025-05-16,30,2117.0,7.0,10.0,0.2975909305621162,0.4251299008030231,premier-league,30.0,30.0,1.0,2117.0,7.906742995604873,9.04414401575923,COMPLETE,Understat,soccerdata,1.9.1,True,0.3361392865396497,0.3844936048267977,2024-07-09,2025-12-07,premier-league,,,ELIGIBLE,0.352044,0.769231
92571,Aaron Cresswell,Defender,Left-Back,2024,2024-07-09,2025-12-07,GB1,premier-league,first_tier,domestic_league,England,europa,TOP_LEAGUE,2024-08-24,2025-05-25,18,823.0,0.0,0.0,0.0,0.0,premier-league,18.0,18.0,1.0,823.0,0.1508999690413475,1.589625921100378,COMPLETE,Understat,soccerdata,1.9.1,True,0.0165018192147281,0.1738351554058736,2024-07-09,2025-12-07,premier-league,,,INSUFFICIENT_MINUTES,,
92572,Joel Ward,Defender,Right-Back,2024,2024-07-09,2025-12-07,GB1,premier-league,first_tier,domestic_league,England,europa,TOP_LEAGUE,2025-04-05,2025-05-20,2,72.0,0.0,0.0,0.0,0.0,premier-league,2.0,2.0,1.0,72.0,0.0,0.0684693977236747,COMPLETE,Understat,soccerdata,1.9.1,True,0.0,0.0855867471545934,2024-07-09,2025-12-07,premier-league,,,INSUFFICIENT_MINUTES,,
95424,Kyle Walker,Defender,Right-Back,2024,2024-07-09,2025-12-07,GB1,premier-league,first_tier,domestic_league,England,europa,TOP_LEAGUE,2024-08-31,2025-01-04,15,967.0,0.0,0.0,0.0,0.0,premier-league,15.0,15.0,1.0,967.0,0.1098661832511425,0.7247695401310921,COMPLETE,Understat,soccerdata,1.9.1,True,0.0102253945114817,0.0674552829491192,2024-07-09,2025-12-07,premier-league,,,ELIGIBLE,0.016559,0.125
95810,Kieran Trippier,Defender,Right-Back,2024,2024-07-09,2025-12-07,GB1,premier-league,first_tier,domestic_league,England,europa,TOP_LEAGUE,2024-08-25,2025-05-25,25,1309.0,0.0,3.0,0.0,0.2062643239113827,premier-league,25.0,25.0,1.0,1309.0,0.1578787304461002,1.8058830378577115,COMPLETE,Understat,soccerdata,1.9.1,True,0.0108549165318174,0.1241630812889182,2024-07-09,2025-12-07,premier-league,,,ELIGIBLE,0.069342,0.708333
95976,Alex McCarthy,Goalkeeper,Goalkeeper,2024,2024-07-09,2025-12-07,GB1,premier-league,first_tier,domestic_league,England,europa,TOP_LEAGUE,2024-08-17,2025-01-25,5,450.0,0.0,0.0,0.0,0.0,premier-league,5.0,5.0,1.0,450.0,0.0,0.0,COMPLETE,Understat,soccerdata,1.9.1,True,0.0,0.0,2024-07-09,2025-12-07,premier-league,,,INSUFFICIENT_MINUTES,,
99331,Jannik Vestergaard,Defender,Centre-Back,2024,2024-07-09,2025-12-07,GB1,premier-league,first_tier,domestic_league,England,europa,TOP_LEAGUE,2024-08-19,2025-02-27,18,1395.0,0.0,0.0,0.0,0.0,premier-league,18.0,18.0,1.0,1395.0,0.1115449527278542,0.0718512497842311,COMPLETE,Understat,soccerdata,1.9.1,True,0.0071964485630873,0.0046355645022084,2024-07-09,2025-12-07,premier-league,,,ELIGIBLE,0.003086,0.016667
102017,Jorginho,Midfield,Defensive Midfield,2024,2024-07-09,2025-12-07,GB1,premier-league,first_tier,domestic_league,England,europa,TOP_LEAGUE,2024-09-15,2025-05-18,15,705.0,0.0,0.0,0.0,0.0,premier-league,15.0,15.0,1.0,705.0,0.0592099986970424,0.4611985944211483,COMPLETE,Understat,soccerdata,1.9.1,True,0.0075587232379203,0.0588764163090827,2024-07-09,2025-12-07,premier-league,,,INSUFFICIENT_MINUTES,,
104124,Michail Antonio,Attack,Centre-Forward,2024,2024-07-09,2025-12-07,GB1,premier-league,first_tier,domestic_league,England,europa,TOP_LEAGUE,2024-08-17,2024-12-03,14,844.0,1.0,1.0,0.1066350710900474,0.1066350710900474,premier-league,14.0,14.0,1.0,844.0,2.99339403398335,1.598572283051908,COMPLETE,Understat,soccerdata,1.9.1,True,0.3192007856143382,0.1704638690458195,2024-07-09,2025-12-07,premier-league,,,INSUFFICIENT_MINUTES,,
105470,Alisson,Goalkeeper,Goalkeeper,2024,2024-07-09,2025-12-07,GB1,premier-league,first_tier,domestic_league,England,europa,TOP_LEAGUE,2024-08-17,2025-05-25,28,2509.0,0.0,0.0,0.0,0.0,premier-league,28.0,28.0,1.0,2509.0,0.0,0.4981032609939575,COMPLETE,Understat,soccerdata,1.9.1,True,0.0,0.0178673947745939,2024-07-09,2025-12-07,premier-league,,,ELIGIBLE,0.003573,0.807692
108354,Jordan Ayew,Attack,Centre-Forward,2024,2024-07-09,2025-12-07,GB1,premier-league,first_tier,domestic_league,England,europa,TOP_LEAGUE,2024-08-18,2025-05-25,31,1663.0,5.0,0.0,0.2705953096812988,0.0,premier-league,31.0,31.0,1.0,1663.0,4.341383438557386,1.9064311189576983,COMPLETE,Understat,soccerdata,1.9.1,True,0.2349515992003396,0.1031742638040846,2024-07-09,2025-12-07,premier-league,,,ELIGIBLE,0.172299,0.128205
108725,Chris Wood,Attack,Centre-Forward,2024,2024-07-09,2025-12-07,GB1,premier-league,first_tier,domestic_league,England,europa,TOP_LEAGUE,2024-08-17,2025-05-25,36,2979.0,20.0,3.0,0.6042296072507553,0.0906344410876132,premier-league,36.0,36.0,1.0,2979.0,15.638655036687853,3.044111367315054,COMPLETE,Understat,soccerdata,1.9.1,True,0.4724669195373973,0.0919671107950167,2024-07-09,2025-12-07,premier-league,,,ELIGIBLE,0.359529,0.820513
110864,Sam Johnstone,Goalkeeper,Goalkeeper,2024,2024-07-09,2025-12-07,GB1,premier-league,first_tier,domestic_league,England,europa,TOP_LEAGUE,2024-08-31,2024-12-14,7,630.0,0.0,0.0,0.0,0.0,premier-league,7.0,7.0,1.0,630.0,0.0,0.0490641593933105,COMPLETE,Understat,soccerdata,1.9.1,True,0.0,0.0070091656276157,2024-07-09,2025-12-07,premier-league,,,INSUFFICIENT_MINUTES,,
111195,Joël Veltman,Defender,Right-Back,2024,2024-07-09,2025-12-07,GB1,premier-league,first_tier,domestic_league,England,europa,TOP_LEAGUE,2024-08-17,2025-05-25,21,1699.0,0.0,0.0,0.0,0.0,premier-league,21.0,21.0,1.0,1699.0,0.7976804617792368,0.7567648589611053,COMPLETE,Understat,soccerdata,1.9.1,True,0.0422549979753568,0.0400876028878749,2024-07-09,2025-12-07,premier-league,,,ELIGIBLE,0.020694,0.183333
111819,Neto,Goalkeeper,Goalkeeper,2024,2024-07-09,2025-12-07,GB1,premier-league,first_tier,domestic_league,England,europa,TOP_LEAGUE,2024-08-17,2024-08-25,2,180.0,0.0,0.0,0.0,0.0,premier-league,2.0,2.0,1.0,180.0,0.0,0.0,COMPLETE,Understat,soccerdata,1.9.1,True,0.0,0.0,2024-07-09,2025-12-07,premier-league,,,INSUFFICIENT_MINUTES,,
111873,Emiliano Martínez,Goalkeeper,Goalkeeper,2024,2024-07-09,2025-12-07,GB1,premier-league,first_tier,domestic_league,England,europa,TOP_LEAGUE,2024-08-17,2025-05-25,37,3195.0,0.0,0.0,0.0,0.0,premier-league,37.0,37.0,1.0,3195.0,0.0,0.2820240408182144,COMPLETE,Understat,soccerdata,1.9.1,True,0.0,0.0079443391779778,2024-07-09,2025-12-07,premier-league,,,ELIGIBLE,0.001589,0.692308
118534,Michael Keane,Defender,Centre-Back,2024,2024-07-09,2025-12-07,GB1,premier-league,first_tier,domestic_league,England,europa,TOP_LEAGUE,2024-08-17,2025-05-25,14,1046.0,3.0,0.0,0.2581261950286806,0.0,premier-league,14.0,14.0,1.0,1046.0,1.126571523025632,0.1236345618963241,COMPLETE,Understat,soccerdata,1.9.1,True,0.0969325402220907,0.010637773012112,2024-07-09,2025-12-07,premier-league,,,ELIGIBLE,0.108645,0.933333
120629,Alphonse Areola,Goalkeeper,Goalkeeper,2024,2024-07-09,2025-12-07,GB1,premier-league,first_tier,domestic_league,England,europa,TOP_LEAGUE,2024-08-17,2025-05-18,26,2259.0,0.0,0.0,0.0,0.0,premier-league,26.0,26.0,1.0,2259.0,0.0,0.0,COMPLETE,Understat,soccerdata,1.9.1,True,0.0,0.0,2024-07-09,2025-12-07,premier-league,,,ELIGIBLE,0.0,0.211538
121477,Craig Dawson,Defender,Centre-Back,2024,2024-07-09,2025-12-07,GB1,premier-league,first_tier,domestic_league,England,europa,TOP_LEAGUE,2024-08-17,2024-12-29,15,970.0,0.0,0.0,0.0,0.0,premier-league,15.0,15.0,1.0,970.0,0.4068407323211431,0.0697851851582527,COMPLETE,Understat,soccerdata,1.9.1,True,0.0377481091844359,0.0064749140868481,2024-07-09,2025-12-07,premier-league,,,ELIGIBLE,0.012619,0.1
123275,Tom Cairney,Midfield,Central Midfield,2024,2024-07-09,2025-12-07,GB1,premier-league,first_tier,domestic_league,England,europa,TOP_LEAGUE,2024-08-16,2025-05-25,25,613.0,2.0,0.0,0.2936378466557912,0.0,premier-league,25.0,25.0,1.0,613.0,0.7964487187564373,1.6266533425077796,COMPLETE,Understat,soccerdata,1.9.1,True,0.116933743373702,0.2388234923747147,2024-07-09,2025-12-07,premier-league,,,INSUFFICIENT_MINUTES,,
123551,Sam Morsy,Midfield,Central Midfield,2024,2024-07-09,2025-12-07,GB1,premier-league,first_tier,domestic_league,England,europa,TOP_LEAGUE,2024-08-17,2025-05-25,33,2757.0,1.0,1.0,0.0326441784548422,0.0326441784548422,premier-league,33.0,33.0,1.0,2757.0,0.2957767499610781,1.4169819168746471,COMPLETE,Understat,soccerdata,1.9.1,True,0.0096553890085226,0.0462562105617403,2024-07-09,2025-12-07,premier-league,,,ELIGIBLE,0.02847,0.103093
123682,Callum Wilson,Attack,Centre-Forward,2024,2024-07-09,2025-12-07,GB1,premier-league,first_tier,domestic_league,England,europa,TOP_LEAGUE,2024-11-25,2025-05-25,18,357.0,0.0,0.0,0.0,0.0,premier-league,18.0,18.0,1.0,357.0,0.7507430538535118,0.1887170672416687,COMPLETE,Understat,soccerdata,1.9.1,True,0.1892629547529861,0.0475757312373954,2024-07-09,2025-12-07,premier-league,,,INSUFFICIENT_MINUTES,,
125714,Mark Flekken,Goalkeeper,Goalkeeper,2024,2024-07-09,2025-12-07,GB1,premier-league,first_tier,domestic_league,England,europa,TOP_LEAGUE,2024-08-18,2025-05-25,37,3276.0,0.0,2.0,0.0,0.0549450549450549,premier-league,37.0,37.0,1.0,3276.0,0.0,0.5480153113603592,COMPLETE,Understat,soccerdata,1.9.1,True,0.0,0.0150553656967131,2024-07-09,2025-12-07,premier-league,,,ELIGIBLE,0.014,0.961538
126664,Lucas Digne,Defender,Left-Back,2024,2024-07-09,2025-12-07,GB1,premier-league,first_tier,domestic_league,England,europa,TOP_LEAGUE,2024-08-17,2025-05-10,32,2360.0,0.0,5.0,0.0,0.1906779661016949,premier-league,32.0,32.0,1.0,2360.0,0.7811353597790003,6.966049259528518,COMPLETE,Understat,soccerdata,1.9.1,True,0.029789060330555,0.2656544209142231,2024-07-09,2025-12-07,premier-league,,,ELIGIBLE,0.100203,0.9
126665,Idrissa Gueye,Midfield,Defensive Midfield,2024,2024-07-09,2025-12-07,GB1,premier-league,first_tier,domestic_league,England,europa,TOP_LEAGUE,2024-08-17,2025-05-25,37,3070.0,0.0,3.0,0.0,0.0879478827361563,premier-league,37.0,37.0,1.0,3070.0,1.0407873457297685,2.416206769645214,COMPLETE,Understat,soccerdata,1.9.1,True,0.0305116811451723,0.0708334232143548,2024-07-09,2025-12-07,premier-league,,,ELIGIBLE,0.04091,0.195876
127187,Abdoulaye Doucouré,Midfield,Attacking Midfield,2024,2024-07-09,2025-12-07,GB1,premier-league,first_tier,domestic_league,England,europa,TOP_LEAGUE,2024-08-17,2025-05-25,33,2577.0,3.0,2.0,0.1047729918509895,0.069848661233993,premier-league,33.0,33.0,1.0,2577.0,4.050999755039811,2.317836028058082,COMPLETE,Understat,soccerdata,1.9.1,True,0.1414784547743822,0.0809488717598864,2024-07-09,2025-12-07,premier-league,,,ELIGIBLE,0.104035,0.505155
127202,Matz Sels,Goalkeeper,Goalkeeper,2024,2024-07-09,2025-12-07,GB1,premier-league,first_tier,domestic_league,England,europa,TOP_LEAGUE,2024-08-17,2025-05-25,38,3420.0,0.0,0.0,0.0,0.0,premier-league,38.0,38.0,1.0,3420.0,0.0,0.5219662692397833,COMPLETE,Understat,soccerdata,1.9.1,True,0.0,0.0137359544536785,2024-07-09,2025-12-07,premier-league,,,ELIGIBLE,0.002747,0.769231
128901,Conor Coady,Defender,Centre-Back,2024,2024-07-09,2025-12-07,GB1,premier-league,first_tier,domestic_league,England,europa,TOP_LEAGUE,2024-09-14,2025-05-25,22,1714.0,1.0,0.0,0.0525087514585764,0.0,premier-league,22.0,22.0,1.0,1714.0,0.6421074867248535,0.0701530873775482,COMPLETE,Understat,soccerdata,1.9.1,True,0.0337162624301265,0.0036836510291594,2024-07-09,2025-12-07,premier-league,,,ELIGIBLE,0.026604,0.258333
130164,Jordan Pickford,Goalkeeper,Goalkeeper,2024,2024-07-09,2025-12-07,GB1,premier-league,first_tier,domestic_league,England,europa,TOP_LEAGUE,2024-08-17,2025-05-25,38,3420.0,0.0,1.0,0.0,0.0263157894736842,premier-league,38.0,38.0,1.0,3420.0,0.0,0.2801412306725979,COMPLETE,Understat,soccerdata,1.9.1,True,0.0,0.0073721376492788,2024-07-09,2025-12-07,premier-league,,,ELIGIBLE,0.006738,0.884615
131978,Ross Barkley,Midfield,Central Midfield,2024,2024-07-09,2025-12-07,GB1,premier-league,first_tier,domestic_league,England,europa,TOP_LEAGUE,2024-08-24,2025-05-25,20,567.0,3.0,1.0,0.4761904761904761,0.1587301587301587,premier-league,20.0,20.0,1.0,567.0,2.1608064183965325,0.9665419245138764,COMPLETE,Understat,soccerdata,1.9.1,True,0.3429851457772274,0.1534193530974407,2024-07-09,2025-12-07,premier-league,,,INSUFFICIENT_MINUTES,,
134270,Dan Burn,Defender,Centre-Back,2024,2024-07-09,2025-12-07,GB1,premier-league,first_tier,domestic_league,England,europa,TOP_LEAGUE,2024-08-17,2025-05-25,37,3330.0,1.0,1.0,0.027027027027027,0.027027027027027,premier-league,37.0,37.0,1.0,3330.0,2.574376904405653,1.1636743620038033,COMPLETE,Understat,soccerdata,1.9.1,True,0.0695777541731257,0.0314506584325352,2024-07-09,2025-12-07,premier-league,,,ELIGIBLE,0.040677,0.441667
134294,Danny Ings,Attack,Centre-Forward,2024,2024-07-09,2025-12-07,GB1,premier-league,first_tier,domestic_league,England,europa,TOP_LEAGUE,2024-08-17,2025-03-10,15,270.0,1.0,2.0,0.3333333333333333,0.6666666666666666,premier-league,15.0,15.0,1.0,270.0,1.7657166114076972,1.154838539659977,COMPLETE,Understat,soccerdata,1.9.1,True,0.5885722038025658,0.3849461798866589,2024-07-09,2025-12-07,premier-league,,,INSUFFICIENT_MINUTES,,
134425,Raheem Sterling,Attack,Right Winger,2024,2024-07-09,2025-12-07,GB1,premier-league,first_tier,domestic_league,England,europa,TOP_LEAGUE,2024-09-15,2025-05-25,17,496.0,0.0,2.0,0.0,0.3629032258064516,premier-league,17.0,17.0,1.0,496.0,0.9707838203758,0.5390832684934139,COMPLETE,Understat,soccerdata,1.9.1,True,0.1761502899875443,0.0978175285572726,2024-07-09,2025-12-07,premier-league,,,INSUFFICIENT_MINUTES,,
135343,Fabian Schär,Defender,Centre-Back,2024,2024-07-09,2025-12-07,GB1,premier-league,first_tier,domestic_league,England,europa,TOP_LEAGUE,2024-08-17,2025-05-25,34,2938.0,4.0,0.0,0.1225323349217154,0.0,premier-league,34.0,34.0,1.0,2938.0,4.203412067145109,0.3913493175059557,COMPLETE,Understat,soccerdata,1.9.1,True,0.1287634738063512,0.0119882364110061,2024-07-09,2025-12-07,premier-league,,,ELIGIBLE,0.077786,0.791667
136401,Daniel Bentley,Goalkeeper,Goalkeeper,2024,2024-07-09,2025-12-07,GB1,premier-league,first_tier,domestic_league,England,europa,TOP_LEAGUE,2025-04-20,2025-05-20,2,180.0,0.0,0.0,0.0,0.0,premier-league,2.0,2.0,1.0,180.0,0.0,0.0,COMPLETE,Understat,soccerdata,1.9.1,True,0.0,0.0,2024-07-09,2025-12-07,premier-league,,,INSUFFICIENT_MINUTES,,
139208,Virgil van Dijk,Defender,Centre-Back,2024,2024-07-09,2025-12-07,GB1,premier-league,first_tier,domestic_league,England,europa,TOP_LEAGUE,2024-08-17,2025-05-25,37,3330.0,3.0,1.0,0.081081081081081,0.027027027027027,premier-league,37.0,37.0,1.0,3330.0,2.821447281166911,1.2135552121326327,COMPLETE,Understat,soccerdata,1.9.1,True,0.07625533192343,0.0327987895170981,2024-07-09,2025-12-07,premier-league,,,ELIGIBLE,0.059166,0.625
142310,Willy Boly,Defender,Centre-Back,2024,2024-07-09,2025-12-07,GB1,premier-league,first_tier,domestic_league,England,europa,TOP_LEAGUE,2024-08-17,2025-04-05,6,146.0,0.0,0.0,0.0,0.0,premier-league,6.0,6.0,1.0,146.0,0.082951508462429,0.0,COMPLETE,Understat,soccerdata,1.9.1,True,0.0511344915179357,0.0,2024-07-09,2025-12-07,premier-league,,,INSUFFICIENT_MINUTES,,
144028,Leandro Trossard,Attack,Left Winger,2024,2024-07-09,2025-12-07,GB1,premier-league,first_tier,domestic_league,England,europa,TOP_LEAGUE,2024-08-17,2025-05-25,38,2551.0,8.0,8.0,0.2822422579380635,0.2822422579380635,premier-league,38.0,38.0,1.0,2551.0,8.742100939154625,7.04339361935854,COMPLETE,Understat,soccerdata,1.9.1,True,0.3084237885236833,0.2484929148342879,2024-07-09,2025-12-07,premier-league,,,ELIGIBLE,0.283347,0.487179
146310,Wataru Endo,Midfield,Defensive Midfield,2024,2024-07-09,2025-12-07,GB1,premier-league,first_tier,domestic_league,England,europa,TOP_LEAGUE,2024-08-25,2025-05-25,20,260.0,0.0,0.0,0.0,0.0,premier-league,20.0,20.0,1.0,260.0,0.0,0.0670378655195236,COMPLETE,Understat,soccerdata,1.9.1,True,0.0,0.0232054149875274,2024-07-09,2025-12-07,premier-league,,,INSUFFICIENT_MINUTES,,
146509,Conor Townsend,Defender,Left-Back,2024,2024-07-09,2025-12-07,GB1,premier-league,first_tier,domestic_league,England,europa,TOP_LEAGUE,2024-10-26,2025-04-13,6,335.0,0.0,1.0,0.0,0.2686567164179104,premier-league,6.0,6.0,1.0,335.0,0.0434189923107624,0.8038922008126974,COMPLETE,Understat,soccerdata,1.9.1,True,0.0116648039043839,0.2159710390243067,2024-07-09,2025-12-07,premier-league,,,INSUFFICIENT_MINUTES,,
146795,Ryan Fraser,Attack,Left Winger,2024,2024-07-09,2025-12-07,GB1,premier-league,first_tier,domestic_league,England,europa,TOP_LEAGUE,2024-09-14,2025-01-25,8,306.0,0.0,0.0,0.0,0.0,premier-league,8.0,8.0,1.0,306.0,0.0251516010612249,0.1558907814323902,COMPLETE,Understat,soccerdata,1.9.1,True,0.0073975297238896,0.0458502298330559,2024-07-09,2025-12-07,premier-league,,,INSUFFICIENT_MINUTES,,
148153,Lewis Dunk,Defender,Centre-Back,2024,2024-07-09,2025-12-07,GB1,premier-league,first_tier,domestic_league,England,europa,TOP_LEAGUE,2024-08-17,2025-05-04,25,2083.0,0.0,0.0,0.0,0.0,premier-league,25.0,25.0,1.0,2083.0,1.1070273127406836,0.5168026331812143,COMPLETE,Understat,soccerdata,1.9.1,True,0.0478312329076627,0.0223294464648628,2024-07-09,2025-12-07,premier-league,,,ELIGIBLE,0.018815,0.158333
148367,Christian Nørgaard,Midfield,Defensive Midfield,2024,2024-07-09,2025-12-07,GB1,premier-league,first_tier,domestic_league,England,europa,TOP_LEAGUE,2024-08-18,2025-05-25,34,2830.0,5.0,4.0,0.1590106007067137,0.127208480565371,premier-league,34.0,34.0,1.0,2830.0,5.773721532896161,1.9166031386703253,COMPLETE,Understat,soccerdata,1.9.1,True,0.1836165858518214,0.0609520432792683,2024-07-09,2025-12-07,premier-league,,,ELIGIBLE,0.14042,0.649485
148455,Mohamed Salah,Attack,Right Winger,2024,2024-07-09,2025-12-07,GB1,premier-league,first_tier,domestic_league,England,europa,TOP_LEAGUE,2024-08-17,2025-05-25,38,3380.0,29.0,18.0,0.772189349112426,0.4792899408284023,premier-league,38.0,38.0,1.0,3380.0,27.70626749098301,15.858334187418222,COMPLETE,Understat,soccerdata,1.9.1,True,0.7377408503516185,0.4222633363513728,2024-07-09,2025-12-07,premier-league,,,ELIGIBLE,0.63329,1.0
157506,Jeffrey Schlupp,Midfield,Left Midfield,2024,2024-07-09,2025-12-07,GB1,premier-league,first_tier,domestic_league,England,europa,TOP_LEAGUE,2024-08-24,2025-01-18,12,94.0,0.0,0.0,0.0,0.0,premier-league,12.0,12.0,1.0,94.0,0.2102906517684459,0.3348583467304706,COMPLETE,Understat,soccerdata,1.9.1,True,0.2013421133953206,0.3206090553802379,2024-07-09,2025-12-07,premier-league,,,INSUFFICIENT_MINUTES,,
157672,Vladimír Coufal,Defender,Right-Back,2024,2024-07-09,2025-12-07,GB1,premier-league,first_tier,domestic_league,England,europa,TOP_LEAGUE,2024-08-17,2025-05-25,22,1061.0,0.0,0.0,0.0,0.0,premier-league,22.0,22.0,1.0,1061.0,0.3236212413758039,0.5783606953918934,COMPLETE,Understat,soccerdata,1.9.1,True,0.0274513776850352,0.0490598139352218,2024-07-09,2025-12-07,premier-league,,,ELIGIBLE,0.018047,0.15
163744,Jack Stephens,Defender,Centre-Back,2024,2024-07-09,2025-12-07,GB1,premier-league,first_tier,domestic_league,England,europa,TOP_LEAGUE,2024-08-17,2025-05-18,19,1394.0,1.0,0.0,0.0645624103299856,0.0,premier-league,19.0,19.0,1.0,1394.0,0.6747798472642899,0.2880069650709629,COMPLETE,Understat,soccerdata,1.9.1,True,0.0435654133814821,0.0185944238568053,2024-07-09,2025-12-07,premier-league,,,ELIGIBLE,0.036157,0.375
170527,Timo Werner,Attack,Centre-Forward,2024,2024-07-09,2025-12-07,GB1,premier-league,first_tier,domestic_league,England,europa,TOP_LEAGUE,2024-08-19,2025-02-26,18,508.0,0.0,3.0,0.0,0.531496062992126,premier-league,18.0,18.0,1.0,508.0,0.953228548169136,3.0806511119008064,COMPLETE,Understat,soccerdata,1.9.1,True,0.1688790734945319,0.545784645809198,2024-07-09,2025-12-07,premier-league,,,INSUFFICIENT_MINUTES,,
170934,Mario Lemina,Midfield,Defensive Midfield,2024,2024-07-09,2025-12-07,GB1,premier-league,first_tier,domestic_league,England,europa,TOP_LEAGUE,2024-08-17,2025-01-06,17,1363.0,1.0,3.0,0.066030814380044,0.198092443140132,premier-league,17.0,17.0,1.0,1363.0,1.1920787254348395,1.287991652265191,COMPLETE,Understat,soccerdata,1.9.1,True,0.0787139290455873,0.085047137713769,2024-07-09,2025-12-07,premier-league,,,ELIGIBLE,0.100051,0.474227
171679,Matt Doherty,Defender,Right-Back,2024,2024-07-09,2025-12-07,GB1,premier-league,first_tier,domestic_league,England,europa,TOP_LEAGUE,2024-08-17,2025-05-25,30,2112.0,2.0,1.0,0.0852272727272727,0.0426136363636363,premier-league,30.0,30.0,1.0,2112.0,1.576674222946167,1.7241646945476532,COMPLETE,Understat,soccerdata,1.9.1,True,0.0671878220005468,0.0734729273244738,2024-07-09,2025-12-07,premier-league,,,ELIGIBLE,0.068942,0.7
173504,James Tarkowski,Defender,Centre-Back,2024,2024-07-09,2025-12-07,GB1,premier-league,first_tier,domestic_league,England,europa,TOP_LEAGUE,2024-08-17,2025-04-19,33,2924.0,1.0,1.0,0.0307797537619699,0.0307797537619699,premier-league,33.0,33.0,1.0,2924.0,1.2661416758783162,2.7973302034661174,COMPLETE,Understat,soccerdata,1.9.1,True,0.0389715290113024,0.0861011348536082,2024-07-09,2025-12-07,premier-league,,,ELIGIBLE,0.044302,0.491667
177476,Nathan Aké,Defender,Centre-Back,2024,2024-07-09,2025-12-07,GB1,premier-league,first_tier,domestic_league,England,europa,TOP_LEAGUE,2024-08-31,2025-02-23,10,683.0,0.0,0.0,0.0,0.0,premier-league,10.0,10.0,1.0,683.0,0.2418667152523994,0.0160249359905719,COMPLETE,Understat,soccerdata,1.9.1,True,0.0318711630640057,0.00211163138968,2024-07-09,2025-12-07,premier-league,,,INSUFFICIENT_MINUTES,,
177907,Harry Maguire,Defender,Centre-Back,2024,2024-07-09,2025-12-07,GB1,premier-league,first_tier,domestic_league,England,europa,TOP_LEAGUE,2024-08-16,2025-05-25,27,1756.0,1.0,0.0,0.05125284738041,0.0,premier-league,27.0,27.0,1.0,1756.0,2.342265553772449,0.9308241046965122,COMPLETE,Understat,soccerdata,1.9.1,True,0.1200477789518909,0.0477073857760171,2024-07-09,2025-12-07,premier-league,,,ELIGIBLE,0.060932,0.666667
181579,James Ward-Prowse,Midfield,Central Midfield,2024,2024-07-09,2025-12-07,GB1,premier-league,first_tier,domestic_league,England,europa,TOP_LEAGUE,2024-08-17,2025-05-25,24,1440.0,1.0,2.0,0.0625,0.125,premier-league,24.0,24.0,1.0,1440.0,1.2941841231659057,3.261906538158655,COMPLETE,Understat,soccerdata,1.9.1,True,0.080886507697869,0.2038691586349159,2024-07-09,2025-12-07,premier-league,,,ELIGIBLE,0.10879,0.546392
181687,Massimo Luongo,Midfield,Central Midfield,2024,2024-07-09,2025-12-07,GB1,premier-league,first_tier,domestic_league,England,europa,TOP_LEAGUE,2024-08-17,2025-05-25,11,196.0,0.0,0.0,0.0,0.0,premier-league,11.0,11.0,1.0,196.0,0.0,0.0,COMPLETE,Understat,soccerdata,1.9.1,True,0.0,0.0,2024-07-09,2025-12-07,premier-league,,,INSUFFICIENT_MINUTES,,
181778,Emerson,Defender,Left-Back,2024,2024-07-09,2025-12-07,GB1,premier-league,first_tier,domestic_league,England,europa,TOP_LEAGUE,2024-08-17,2025-05-11,31,2125.0,2.0,1.0,0.0847058823529411,0.0423529411764705,premier-league,31.0,31.0,1.0,2125.0,2.1318588722497225,1.2129619792103767,COMPLETE,Understat,soccerdata,1.9.1,True,0.0902904934129294,0.0513725073547924,2024-07-09,2025-12-07,premier-league,,,ELIGIBLE,0.071244,0.716667
183288,Luke Shaw,Defender,Left-Back,2024,2024-07-09,2025-12-07,GB1,premier-league,first_tier,domestic_league,England,europa,TOP_LEAGUE,2024-11-24,2025-05-16,7,348.0,0.0,0.0,0.0,0.0,premier-league,7.0,7.0,1.0,348.0,0.031377512961626,0.5605076849460602,COMPLETE,Understat,soccerdata,1.9.1,True,0.0081148740417998,0.1449588840377741,2024-07-09,2025-12-07,premier-league,,,INSUFFICIENT_MINUTES,,
184528,Emil Krafth,Defender,Right-Back,2024,2024-07-09,2025-12-07,GB1,premier-league,first_tier,domestic_league,England,europa,TOP_LEAGUE,2024-08-17,2025-05-18,12,334.0,0.0,0.0,0.0,0.0,premier-league,12.0,12.0,1.0,334.0,0.0276889540255069,0.0589407011866569,COMPLETE,Understat,soccerdata,1.9.1,True,0.0074610953960946,0.015882224870656,2024-07-09,2025-12-07,premier-league,,,INSUFFICIENT_MINUTES,,
184573,Victor Lindelöf,Defender,Centre-Back,2024,2024-07-09,2025-12-07,GB1,premier-league,first_tier,domestic_league,England,europa,TOP_LEAGUE,2024-10-06,2025-05-25,16,697.0,0.0,0.0,0.0,0.0,premier-league,16.0,16.0,1.0,697.0,0.0,0.1225271690636873,COMPLETE,Understat,soccerdata,1.9.1,True,0.0,0.0158212987313226,2024-07-09,2025-12-07,premier-league,,,INSUFFICIENT_MINUTES,,
186186,Bobby De Cordova-Reid,Midfield,Attacking Midfield,2024,2024-07-09,2025-12-07,GB1,premier-league,first_tier,domestic_league,England,europa,TOP_LEAGUE,2024-08-19,2025-04-26,23,741.0,1.0,3.0,0.1214574898785425,0.3643724696356275,premier-league,23.0,23.0,1.0,741.0,0.667118170298636,1.0936873592436314,COMPLETE,Understat,soccerdata,1.9.1,True,0.0810264984168383,0.1328365213656232,2024-07-09,2025-12-07,premier-league,,,INSUFFICIENT_MINUTES,,
186590,John Stones,Defender,Centre-Back,2024,2024-07-09,2025-12-07,GB1,premier-league,first_tier,domestic_league,England,europa,TOP_LEAGUE,2024-08-24,2025-02-15,11,545.0,2.0,0.0,0.3302752293577982,0.0,premier-league,11.0,11.0,1.0,545.0,0.6664973199367523,0.0837758481502533,COMPLETE,Understat,soccerdata,1.9.1,True,0.1100637776042343,0.0138345437312344,2024-07-09,2025-12-07,premier-league,,,INSUFFICIENT_MINUTES,,
188077,Ryan Christie,Midfield,Central Midfield,2024,2024-07-09,2025-12-07,GB1,premier-league,first_tier,domestic_league,England,europa,TOP_LEAGUE,2024-08-17,2025-04-02,29,2131.0,2.0,3.0,0.0844673862036602,0.1267010793054903,premier-league,29.0,29.0,1.0,2131.0,1.625680811703205,3.819417158141732,COMPLETE,Understat,soccerdata,1.9.1,True,0.0686585044830072,0.1613080920848221,2024-07-09,2025-12-07,premier-league,,,ELIGIBLE,0.10354,0.494845
192080,Nick Pope,Goalkeeper,Goalkeeper,2024,2024-07-09,2025-12-07,GB1,premier-league,first_tier,domestic_league,England,europa,TOP_LEAGUE,2024-08-17,2025-05-25,28,2520.0,0.0,0.0,0.0,0.0,premier-league,28.0,28.0,1.0,2520.0,0.0,0.0770820155739784,COMPLETE,Understat,soccerdata,1.9.1,True,0.0,0.002752929127642,2024-07-09,2025-12-07,premier-league,,,ELIGIBLE,0.000551,0.576923
192279,Kepa Arrizabalaga,Goalkeeper,Goalkeeper,2024,2024-07-09,2025-12-07,GB1,premier-league,first_tier,domestic_league,England,europa,TOP_LEAGUE,2024-08-31,2025-05-25,31,2790.0,0.0,0.0,0.0,0.0,premier-league,31.0,31.0,1.0,2790.0,0.0683941841125488,0.0258998982608318,COMPLETE,Understat,soccerdata,1.9.1,True,0.0022062640036306,0.000835480589059,2024-07-09,2025-12-07,premier-league,,,ELIGIBLE,0.000829,0.653846
192765,Ben Davies,Defender,Centre-Back,2024,2024-07-09,2025-12-07,GB1,premier-league,first_tier,domestic_league,England,europa,TOP_LEAGUE,2024-11-03,2025-05-25,17,1330.0,0.0,0.0,0.0,0.0,premier-league,17.0,17.0,1.0,1330.0,0.3614495517686009,0.0991829298436641,COMPLETE,Understat,soccerdata,1.9.1,True,0.0244589922249429,0.0067116268315261,2024-07-09,2025-12-07,premier-league,,,ELIGIBLE,0.00868,0.058333
193098,Álex Moreno,Defender,Left-Back,2024,2024-07-09,2025-12-07,GB1,premier-league,first_tier,domestic_league,England,europa,TOP_LEAGUE,2024-09-14,2025-04-12,15,960.0,0.0,1.0,0.0,0.09375,premier-league,15.0,15.0,1.0,960.0,0.2170073073357343,1.076141320168972,COMPLETE,Understat,soccerdata,1.9.1,True,0.020344435062725,0.1008882487658411,2024-07-09,2025-12-07,premier-league,,,ELIGIBLE,0.045031,0.508333
193116,John McGinn,Midfield,Central Midfield,2024,2024-07-09,2025-12-07,GB1,premier-league,first_tier,domestic_league,England,europa,TOP_LEAGUE,2024-08-17,2025-05-25,34,2231.0,1.0,4.0,0.0403406544150605,0.161362617660242,premier-league,34.0,34.0,1.0,2231.0,3.7942231353372335,3.4790949057787657,COMPLETE,Understat,soccerdata,1.9.1,True,0.1530614442762667,0.1403489652712186,2024-07-09,2025-12-07,premier-league,,,ELIGIBLE,0.118363,0.57732
195633,Charlie Taylor,Defender,Left-Back,2024,2024-07-09,2025-12-07,GB1,premier-league,first_tier,domestic_league,England,europa,TOP_LEAGUE,2024-08-24,2025-05-25,8,353.0,0.0,0.0,0.0,0.0,premier-league,8.0,8.0,1.0,353.0,0.0,0.055130336433649,COMPLETE,Understat,soccerdata,1.9.1,True,0.0,0.0140558931417235,2024-07-09,2025-12-07,premier-league,,,INSUFFICIENT_MINUTES,,
197838,Jamie Vardy,Attack,Centre-Forward,2024,2024-07-09,2025-12-07,GB1,premier-league,first_tier,domestic_league,England,europa,TOP_LEAGUE,2024-08-19,2025-05-18,35,2839.0,9.0,4.0,0.285311729482212,0.1268052131032053,premier-league,35.0,35.0,1.0,2839.0,12.219386659562588,3.737534761428833,COMPLETE,Understat,soccerdata,1.9.1,True,0.3873704823390746,0.1184847229759052,2024-07-09,2025-12-07,premier-league,,,ELIGIBLE,0.250863,0.358974
198516,Harry Toffolo,Defender,Left-Back,2024,2024-07-09,2025-12-07,GB1,premier-league,first_tier,domestic_league,England,europa,TOP_LEAGUE,2024-08-17,2025-04-21,4,135.0,0.0,0.0,0.0,0.0,premier-league,4.0,4.0,1.0,135.0,0.0225998293608427,0.0,COMPLETE,Understat,soccerdata,1.9.1,True,0.0150665529072284,0.0,2024-07-09,2025-12-07,premier-league,,,INSUFFICIENT_MINUTES,,
199527,Jacob Murphy,Attack,Right Winger,2024,2024-07-09,2025-12-07,GB1,premier-league,first_tier,domestic_league,England,europa,TOP_LEAGUE,2024-08-17,2025-05-25,35,2382.0,8.0,12.0,0.3022670025188917,0.4534005037783375,premier-league,35.0,35.0,1.0,2382.0,6.590988090261817,9.341311557218432,COMPLETE,Understat,soccerdata,1.9.1,True,0.2490297767101442,0.352946280499437,2024-07-09,2025-12-07,premier-league,,,ELIGIBLE,0.326658,0.666667
203026,Danny Ward,Goalkeeper,Goalkeeper,2024,2024-07-09,2025-12-07,GB1,premier-league,first_tier,domestic_league,England,europa,TOP_LEAGUE,2024-12-14,2024-12-22,2,135.0,0.0,0.0,0.0,0.0,premier-league,2.0,2.0,1.0,135.0,0.0,0.0,COMPLETE,Understat,soccerdata,1.9.1,True,0.0,0.0,2024-07-09,2025-12-07,premier-league,,,INSUFFICIENT_MINUTES,,
203394,Andreas Pereira,Midfield,Central Midfield,2024,2024-07-09,2025-12-07,GB1,premier-league,first_tier,domestic_league,England,europa,TOP_LEAGUE,2024-08-16,2025-05-25,33,2026.0,2.0,6.0,0.0888450148075024,0.2665350444225074,premier-league,33.0,33.0,1.0,2026.0,4.448508242145181,5.718298438005149,COMPLETE,Understat,soccerdata,1.9.1,True,0.1976138903223427,0.2540211546991428,2024-07-09,2025-12-07,premier-league,,,ELIGIBLE,0.190049,0.783505
203460,Jack Grealish,Attack,Left Winger,2024,2024-07-09,2025-12-07,GB1,premier-league,first_tier,domestic_league,England,europa,TOP_LEAGUE,2024-08-24,2025-05-20,20,715.0,1.0,1.0,0.1258741258741259,0.1258741258741259,premier-league,20.0,20.0,1.0,715.0,1.2711530942469835,1.9155478971078992,COMPLETE,Understat,soccerdata,1.9.1,True,0.1600052845905294,0.2411179171184768,2024-07-09,2025-12-07,premier-league,,,INSUFFICIENT_MINUTES,,
203853,Oleksandr Zinchenko,Defender,Left-Back,2024,2024-07-09,2025-12-07,GB1,premier-league,first_tier,domestic_league,England,europa,TOP_LEAGUE,2024-08-17,2025-05-25,15,522.0,0.0,1.0,0.0,0.1724137931034483,premier-league,15.0,15.0,1.0,522.0,0.4987206254154444,0.1286610011011362,COMPLETE,Understat,soccerdata,1.9.1,True,0.0859863147268007,0.0221829312243338,2024-07-09,2025-12-07,premier-league,,,INSUFFICIENT_MINUTES,,
204103,Adama Traoré,Attack,Right Winger,2024,2024-07-09,2025-12-07,GB1,premier-league,first_tier,domestic_league,England,europa,TOP_LEAGUE,2024-08-16,2025-05-25,36,1770.0,2.0,7.0,0.1016949152542373,0.3559322033898305,premier-league,36.0,36.0,1.0,1770.0,5.658592768013477,6.4245162177830935,COMPLETE,Understat,soccerdata,1.9.1,True,0.2877250560006852,0.3266703161584623,2024-07-09,2025-12-07,premier-league,,,ELIGIBLE,0.253346,0.371795
206040,Raúl Jiménez,Attack,Centre-Forward,2024,2024-07-09,2025-12-07,GB1,premier-league,first_tier,domestic_league,England,europa,TOP_LEAGUE,2024-08-16,2025-05-25,38,2507.0,12.0,3.0,0.430793777423215,0.1076984443558037,premier-league,38.0,38.0,1.0,2507.0,14.405358291231096,4.079181319102645,COMPLETE,Understat,soccerdata,1.9.1,True,0.5171448927845228,0.1464404941042034,2024-07-09,2025-12-07,premier-league,,,ELIGIBLE,0.335209,0.717949
206746,Kenny Tete,Defender,Right-Back,2024,2024-07-09,2025-12-07,GB1,premier-league,first_tier,domestic_league,England,europa,TOP_LEAGUE,2024-08-16,2025-05-25,22,1779.0,0.0,2.0,0.0,0.1011804384485666,premier-league,22.0,22.0,1.0,1779.0,1.595350006595254,0.6750296298414469,COMPLETE,Understat,soccerdata,1.9.1,True,0.0807091065731157,0.0341498969565656,2024-07-09,2025-12-07,premier-league,,,ELIGIBLE,0.051279,0.566667
207014,Will Hughes,Midfield,Central Midfield,2024,2024-07-09,2025-12-07,GB1,premier-league,first_tier,domestic_league,England,europa,TOP_LEAGUE,2024-08-18,2025-05-25,33,2120.0,0.0,4.0,0.0,0.1698113207547169,premier-league,33.0,33.0,1.0,2120.0,0.9225301016122104,3.364077143371105,COMPLETE,Understat,soccerdata,1.9.1,True,0.0391640137476881,0.1428145957091506,2024-07-09,2025-12-07,premier-league,,,ELIGIBLE,0.074274,0.360825
208379,Christian Walton,Goalkeeper,Goalkeeper,2024,2024-07-09,2025-12-07,GB1,premier-league,first_tier,domestic_league,England,europa,TOP_LEAGUE,2024-08-17,2025-05-25,7,630.0,0.0,0.0,0.0,0.0,premier-league,7.0,7.0,1.0,630.0,0.0,0.0168508626520633,COMPLETE,Understat,soccerdata,1.9.1,True,0.0,0.0024072660931519,2024-07-09,2025-12-07,premier-league,,,INSUFFICIENT_MINUTES,,
209212,Solly March,Attack,Right Winger,2024,2024-07-09,2025-12-07,GB1,premier-league,first_tier,domestic_league,England,europa,TOP_LEAGUE,2024-12-27,2025-04-26,8,163.0,0.0,0.0,0.0,0.0,premier-league,8.0,8.0,1.0,163.0,0.0514545002952218,0.2339879721403122,COMPLETE,Understat,soccerdata,1.9.1,True,0.0284104602857052,0.1291958128382092,2024-07-09,2025-12-07,premier-league,,,INSUFFICIENT_MINUTES,,
212847,Adam Webster,Defender,Centre-Back,2024,2024-07-09,2025-12-07,GB1,premier-league,first_tier,domestic_league,England,europa,TOP_LEAGUE,2024-08-17,2025-05-25,14,888.0,0.0,0.0,0.0,0.0,premier-league,14.0,14.0,1.0,888.0,0.3764696484431624,0.3818966709077358,COMPLETE,Understat,soccerdata,1.9.1,True,0.0381557076124826,0.0387057436730813,2024-07-09,2025-12-07,premier-league,,,INSUFFICIENT_MINUTES,,
215810,Tom King,Goalkeeper,Goalkeeper,2024,2024-07-09,2025-12-07,GB1,premier-league,first_tier,domestic_league,England,europa,TOP_LEAGUE,2025-05-25,2025-05-25,1,1.0,0.0,0.0,0.0,0.0,premier-league,1.0,1.0,1.0,1.0,0.0,0.0,COMPLETE,Understat,soccerdata,1.9.1,True,0.0,0.0,2024-07-09,2025-12-07,premier-league,,,INSUFFICIENT_MINUTES,,
215876,Ricardo Pereira,Defender,Right-Back,2024,2024-07-09,2025-12-07,GB1,premier-league,first_tier,domestic_league,England,europa,TOP_LEAGUE,2024-10-25,2025-05-25,10,385.0,0.0,0.0,0.0,0.0,premier-league,10.0,10.0,1.0,385.0,0.1111767999827861,0.0,COMPLETE,Understat,soccerdata,1.9.1,True,0.0259893818141578,0.0,2024-07-09,2025-12-07,premier-league,,,INSUFFICIENT_MINUTES,,
225122,Gonçalo Guedes,Attack,Left Winger,2024,2024-07-09,2025-12-07,GB1,premier-league,first_tier,domestic_league,England,europa,TOP_LEAGUE,2024-08-31,2025-05-25,29,987.0,2.0,4.0,0.182370820668693,0.364741641337386,premier-league,29.0,29.0,1.0,987.0,3.3298932649195194,1.434443952515721,COMPLETE,Understat,soccerdata,1.9.1,True,0.3036376837312631,0.1308003604117679,2024-07-09,2025-12-07,premier-league,,,ELIGIBLE,0.244911,0.333333
226973,Harrison Reed,Midfield,Central Midfield,2024,2024-07-09,2025-12-07,GB1,premier-league,first_tier,domestic_league,England,europa,TOP_LEAGUE,2024-08-16,2025-05-03,12,98.0,0.0,0.0,0.0,0.0,premier-league,12.0,12.0,1.0,98.0,0.1439509261399507,0.0789679586887359,COMPLETE,Understat,soccerdata,1.9.1,True,0.1321998301285262,0.0725215947141452,2024-07-09,2025-12-07,premier-league,,,INSUFFICIENT_MINUTES,,
230784,Thomas Partey,Midfield,Defensive Midfield,2024,2024-07-09,2025-12-07,GB1,premier-league,first_tier,domestic_league,England,europa,TOP_LEAGUE,2024-08-17,2025-05-25,35,2800.0,4.0,2.0,0.1285714285714285,0.0642857142857142,premier-league,35.0,35.0,1.0,2800.0,2.3900655396282677,2.580821704119444,COMPLETE,Understat,soccerdata,1.9.1,True,0.0768235352023371,0.0829549833466964,2024-07-09,2025-12-07,premier-league,,,ELIGIBLE,0.091067,0.443299
231572,Nélson Semedo,Defender,Right-Back,2024,2024-07-09,2025-12-07,GB1,premier-league,first_tier,domestic_league,England,europa,TOP_LEAGUE,2024-08-31,2025-05-25,34,2896.0,0.0,4.0,0.0,0.1243093922651933,premier-league,34.0,34.0,1.0,2896.0,0.9947248105891048,2.185204219073057,COMPLETE,Understat,soccerdata,1.9.1,True,0.0309134091688603,0.067910352112077,2024-07-09,2025-12-07,premier-league,,,ELIGIBLE,0.047718,0.525
234509,André Onana,Goalkeeper,Goalkeeper,2024,2024-07-09,2025-12-07,GB1,premier-league,first_tier,domestic_league,England,europa,TOP_LEAGUE,2024-08-16,2025-05-16,34,3060.0,0.0,0.0,0.0,0.0,premier-league,34.0,34.0,1.0,3060.0,0.0,0.3146860003471374,COMPLETE,Understat,soccerdata,1.9.1,True,0.0,0.0092554705984452,2024-07-09,2025-12-07,premier-league,,,ELIGIBLE,0.001851,0.730769
234781,Maxwel Cornet,Attack,Left Winger,2024,2024-07-09,2025-12-07,GB1,premier-league,first_tier,domestic_league,England,europa,TOP_LEAGUE,2024-09-14,2024-09-30,2,71.0,0.0,0.0,0.0,0.0,premier-league,2.0,2.0,1.0,71.0,0.0751236081123352,0.0,COMPLETE,Understat,soccerdata,1.9.1,True,0.0952271088747911,0.0,2024-07-09,2025-12-07,premier-league,,,INSUFFICIENT_MINUTES,,
234803,Andrew Robertson,Defender,Left-Back,2024,2024-07-09,2025-12-07,GB1,premier-league,first_tier,domestic_league,England,europa,TOP_LEAGUE,2024-08-17,2025-05-25,33,2492.0,0.0,1.0,0.0,0.0361155698234349,premier-league,33.0,33.0,1.0,2492.0,1.5656620487570765,4.881590306758881,COMPLETE,Understat,soccerdata,1.9.1,True,0.0565447770417884,0.1763014155731537,2024-07-09,2025-12-07,premier-league,,,ELIGIBLE,0.059447,0.633333
236490,Ola Aina,Defender,Right-Back,2024,2024-07-09,2025-12-07,GB1,premier-league,first_tier,domestic_league,England,europa,TOP_LEAGUE,2024-08-17,2025-05-25,35,3002.0,2.0,1.0,0.0599600266489007,0.0299800133244503,premier-league,35.0,35.0,1.0,3002.0,0.4608655953779816,2.045018967241049,COMPLETE,Understat,soccerdata,1.9.1,True,0.0138167566902126,0.0613096958866403,2024-07-09,2025-12-07,premier-league,,,ELIGIBLE,0.040391,0.433333
238223,Ederson,Goalkeeper,Goalkeeper,2024,2024-07-09,2025-12-07,GB1,premier-league,first_tier,domestic_league,England,europa,TOP_LEAGUE,2024-08-18,2025-05-25,26,2321.0,0.0,4.0,0.0,0.1551055579491598,premier-league,26.0,26.0,1.0,2321.0,0.0,1.1925887912511826,COMPLETE,Understat,soccerdata,1.9.1,True,0.0,0.0462442874677321,2024-07-09,2025-12-07,premier-league,,,ELIGIBLE,0.04027,1.0
240306,Bruno Fernandes,Midfield,Attacking Midfield,2024,2024-07-09,2025-12-07,GB1,premier-league,first_tier,domestic_league,England,europa,TOP_LEAGUE,2024-08-16,2025-05-25,36,3023.0,8.0,11.0,0.2381739993384055,0.3274892490903076,premier-league,36.0,36.0,1.0,3023.0,9.887796703726051,10.227527445182204,COMPLETE,Understat,soccerdata,1.9.1,True,0.2943770106964422,0.3044913893702938,2024-07-09,2025-12-07,premier-league,,,ELIGIBLE,0.286161,0.948454
241641,Bernardo Silva,Midfield,Attacking Midfield,2024,2024-07-09,2025-12-07,GB1,premier-league,first_tier,domestic_league,England,europa,TOP_LEAGUE,2024-08-18,2025-05-25,33,2668.0,4.0,4.0,0.1349325337331334,0.1349325337331334,premier-league,33.0,33.0,1.0,2668.0,4.793662561103702,4.999884040094912,COMPLETE,Understat,soccerdata,1.9.1,True,0.161705258807846,0.1686617554754655,2024-07-09,2025-12-07,premier-league,,,ELIGIBLE,0.14971,0.701031
242631,Alex Iwobi,Attack,Left Winger,2024,2024-07-09,2025-12-07,GB1,premier-league,first_tier,domestic_league,England,europa,TOP_LEAGUE,2024-08-16,2025-05-25,38,2998.0,9.0,6.0,0.2701801200800534,0.1801200800533689,premier-league,38.0,38.0,1.0,2998.0,5.021547559648752,8.458939167670906,COMPLETE,Understat,soccerdata,1.9.1,True,0.1507469247392887,0.2539374666745769,2024-07-09,2025-12-07,premier-league,,,ELIGIBLE,0.21309,0.25641
243028,Jan Bednarek,Defender,Centre-Back,2024,2024-07-09,2025-12-07,GB1,premier-league,first_tier,domestic_league,England,europa,TOP_LEAGUE,2024-08-17,2025-05-10,30,2535.0,2.0,0.0,0.0710059171597633,0.0,premier-league,30.0,30.0,1.0,2535.0,1.0302477153018117,0.3539321832358837,COMPLETE,Understat,soccerdata,1.9.1,True,0.0365768419633779,0.0125656396415106,2024-07-09,2025-12-07,premier-league,,,ELIGIBLE,0.034788,0.358333
245056,Saša Lukić,Midfield,Central Midfield,2024,2024-07-09,2025-12-07,GB1,premier-league,first_tier,domestic_league,England,europa,TOP_LEAGUE,2024-08-16,2025-05-25,30,2360.0,0.0,2.0,0.0,0.0762711864406779,premier-league,30.0,30.0,1.0,2360.0,1.5360550973564386,3.099418031051755,COMPLETE,Understat,soccerdata,1.9.1,True,0.0585783723568133,0.1181981452519737,2024-07-09,2025-12-07,premier-league,,,ELIGIBLE,0.056467,0.278351
245625,Alex Palmer,Goalkeeper,Goalkeeper,2024,2024-07-09,2025-12-07,GB1,premier-league,first_tier,domestic_league,England,europa,TOP_LEAGUE,2025-02-15,2025-05-18,13,1170.0,0.0,0.0,0.0,0.0,premier-league,13.0,13.0,1.0,1170.0,0.0,0.0210703182965517,COMPLETE,Understat,soccerdata,1.9.1,True,0.0,0.0016207937151193,2024-07-09,2025-12-07,premier-league,,,ELIGIBLE,0.000324,0.461538
249089,Lewis Cook,Midfield,Central Midfield,2024,2024-07-09,2025-12-07,GB1,premier-league,first_tier,domestic_league,England,europa,TOP_LEAGUE,2024-08-17,2025-05-20,36,2978.0,1.0,3.0,0.0302216252518468,0.0906648757555406,premier-league,36.0,36.0,1.0,2978.0,0.963939368724823,4.5853610355407,COMPLETE,Understat,soccerdata,1.9.1,True,0.0291318143671034,0.1385770628605315,2024-07-09,2025-12-07,premier-league,,,ELIGIBLE,0.063654,0.309278
249126,Harry Winks,Midfield,Defensive Midfield,2024,2024-07-09,2025-12-07,GB1,premier-league,first_tier,domestic_league,England,europa,TOP_LEAGUE,2024-08-19,2025-03-16,22,1540.0,0.0,2.0,0.0,0.1168831168831168,premier-league,22.0,22.0,1.0,1540.0,0.1876087933778762,1.32591406814754,COMPLETE,Understat,soccerdata,1.9.1,True,0.0109641502623434,0.0774884845021289,2024-07-09,2025-12-07,premier-league,,,ELIGIBLE,0.042164,0.206186
249565,Youri Tielemans,Midfield,Central Midfield,2024,2024-07-09,2025-12-07,GB1,premier-league,first_tier,domestic_league,England,europa,TOP_LEAGUE,2024-08-17,2025-05-25,36,3032.0,3.0,7.0,0.0890501319261213,0.2077836411609498,premier-league,36.0,36.0,1.0,3032.0,3.709774609655142,8.044237377122045,COMPLETE,Understat,soccerdata,1.9.1,True,0.1101186394686552,0.2387801332259182,2024-07-09,2025-12-07,premier-league,,,ELIGIBLE,0.149063,0.690722
249994,José Sá,Goalkeeper,Goalkeeper,2024,2024-07-09,2025-12-07,GB1,premier-league,first_tier,domestic_league,England,europa,TOP_LEAGUE,2024-08-17,2025-05-25,29,2610.0,0.0,0.0,0.0,0.0,premier-league,29.0,29.0,1.0,2610.0,0.0,0.0653070900589227,COMPLETE,Understat,soccerdata,1.9.1,True,0.0,0.0022519686227214,2024-07-09,2025-12-07,premier-league,,,ELIGIBLE,0.00045,0.5
250426,Adam Armstrong,Attack,Centre-Forward,2024,2024-07-09,2025-12-07,GB1,premier-league,first_tier,domestic_league,England,europa,TOP_LEAGUE,2024-08-17,2025-01-25,20,1254.0,2.0,2.0,0.1435406698564593,0.1435406698564593,premier-league,20.0,20.0,1.0,1254.0,3.93346855416894,2.005434782244265,COMPLETE,Understat,soccerdata,1.9.1,True,0.282306355562364,0.1439307259983922,2024-07-09,2025-12-07,premier-league,,,ELIGIBLE,0.185248,0.192308
250478,Matt Targett,Defender,Left-Back,2024,2024-07-09,2025-12-07,GB1,premier-league,first_tier,domestic_league,England,europa,TOP_LEAGUE,2024-12-26,2025-04-19,2,19.0,0.0,0.0,0.0,0.0,premier-league,2.0,2.0,1.0,19.0,0.0,0.0,COMPLETE,Understat,soccerdata,1.9.1,True,0.0,0.0,2024-07-09,2025-12-07,premier-league,,,INSUFFICIENT_MINUTES,,
251106,Enes Ünal,Attack,Centre-Forward,2024,2024-07-09,2025-12-07,GB1,premier-league,first_tier,domestic_league,England,europa,TOP_LEAGUE,2024-09-14,2025-01-04,17,332.0,2.0,1.0,0.5421686746987951,0.2710843373493976,premier-league,17.0,17.0,1.0,332.0,2.016992896795273,0.545154508203268,COMPLETE,Understat,soccerdata,1.9.1,True,0.5467751828661884,0.1477828486093196,2024-07-09,2025-12-07,premier-league,,,INSUFFICIENT_MINUTES,,
253677,Tyrone Mings,Defender,Centre-Back,2024,2024-07-09,2025-12-07,GB1,premier-league,first_tier,domestic_league,England,europa,TOP_LEAGUE,2024-12-04,2025-05-10,14,1121.0,0.0,0.0,0.0,0.0,premier-league,14.0,14.0,1.0,1121.0,0.7991716582328081,0.1797054167836904,COMPLETE,Understat,soccerdata,1.9.1,True,0.0641618637296634,0.0144277319451669,2024-07-09,2025-12-07,premier-league,,,ELIGIBLE,0.022134,0.2
255731,Wes Burns,Midfield,Right Midfield,2024,2024-07-09,2025-12-07,GB1,premier-league,first_tier,domestic_league,England,europa,TOP_LEAGUE,2024-08-17,2025-01-25,18,934.0,0.0,1.0,0.0,0.0963597430406852,premier-league,18.0,18.0,1.0,934.0,0.4133827127516269,2.204632848501205,COMPLETE,Understat,soccerdata,1.9.1,True,0.0398334519782081,0.2124378547806301,2024-07-09,2025-12-07,premier-league,,,ELIGIBLE,0.07371,0.350515
255788,Cameron Burgess,Defender,Centre-Back,2024,2024-07-09,2025-12-07,GB1,premier-league,first_tier,domestic_league,England,europa,TOP_LEAGUE,2024-10-19,2025-05-10,18,1540.0,0.0,2.0,0.0,0.1168831168831168,premier-league,18.0,18.0,1.0,1540.0,0.9312757514417171,0.376679259352386,COMPLETE,Understat,soccerdata,1.9.1,True,0.0544252062530873,0.0220137229491654,2024-07-09,2025-12-07,premier-league,,,ELIGIBLE,0.044107,0.483333
256178,Joe Gomez,Defender,Centre-Back,2024,2024-07-09,2025-12-07,GB1,premier-league,first_tier,domestic_league,England,europa,TOP_LEAGUE,2024-09-28,2024-12-29,9,519.0,0.0,0.0,0.0,0.0,premier-league,9.0,9.0,1.0,519.0,0.3742993529886007,0.0806920379400253,COMPLETE,Understat,soccerdata,1.9.1,True,0.0649074022523585,0.0139928389491373,2024-07-09,2025-12-07,premier-league,,,INSUFFICIENT_MINUTES,,
256977,Daniel Podence,Attack,Left Winger,2024,2024-07-09,2025-12-07,GB1,premier-league,first_tier,domestic_league,England,europa,TOP_LEAGUE,2024-08-17,2024-08-25,2,46.0,0.0,0.0,0.0,0.0,premier-league,2.0,2.0,1.0,46.0,0.0448911525309085,0.0,COMPLETE,Understat,soccerdata,1.9.1,True,0.0878305158213428,0.0,2024-07-09,2025-12-07,premier-league,,,INSUFFICIENT_MINUTES,,
258004,Rúben Dias,Defender,Centre-Back,2024,2024-07-09,2025-12-07,GB1,premier-league,first_tier,domestic_league,England,europa,TOP_LEAGUE,2024-08-18,2025-05-25,27,2269.0,0.0,0.0,0.0,0.0,premier-league,27.0,27.0,1.0,2269.0,1.335742843337357,0.2133867554366588,COMPLETE,Understat,soccerdata,1.9.1,True,0.0529823075805915,0.0084639964695016,2024-07-09,2025-12-07,premier-league,,,ELIGIBLE,0.017587,0.141667
258878,Tosin Adarabioyo,Defender,Centre-Back,2024,2024-07-09,2025-12-07,GB1,premier-league,first_tier,domestic_league,England,europa,TOP_LEAGUE,2024-09-14,2025-05-25,22,1405.0,1.0,1.0,0.0640569395017793,0.0640569395017793,premier-league,22.0,22.0,1.0,1405.0,1.1859792517498136,0.3341391310095787,COMPLETE,Understat,soccerdata,1.9.1,True,0.0759702011797033,0.0214039301002577,2024-07-09,2025-12-07,premier-league,,,ELIGIBLE,0.0591,0.616667
258889,Dominic Solanke,Attack,Centre-Forward,2024,2024-07-09,2025-12-07,GB1,premier-league,first_tier,domestic_league,England,europa,TOP_LEAGUE,2024-08-19,2025-05-25,27,2206.0,9.0,3.0,0.3671804170444243,0.1223934723481414,premier-league,27.0,27.0,1.0,2206.0,12.416034620255232,2.4611449129879475,COMPLETE,Understat,soccerdata,1.9.1,True,0.5065471966559252,0.1004093572841864,2024-07-09,2025-12-07,premier-league,,,ELIGIBLE,0.306679,0.551282
258919,Dean Henderson,Goalkeeper,Goalkeeper,2024,2024-07-09,2025-12-07,GB1,premier-league,first_tier,domestic_league,England,europa,TOP_LEAGUE,2024-08-18,2025-05-25,38,3420.0,0.0,0.0,0.0,0.0,premier-league,38.0,38.0,1.0,3420.0,0.0109276687726378,0.1058704666793346,COMPLETE,Understat,soccerdata,1.9.1,True,0.0002875702308588,0.002786064912614,2024-07-09,2025-12-07,premier-league,,,ELIGIBLE,0.000643,0.615385
258923,Marcus Rashford,Attack,Left Winger,2024,2024-07-09,2025-12-07,GB1,premier-league,first_tier,domestic_league,England,europa,TOP_LEAGUE,2024-08-16,2025-04-22,25,1426.0,6.0,4.0,0.3786816269284712,0.2524544179523141,premier-league,25.0,25.0,1.0,1426.0,4.986043129116297,4.728895880281925,COMPLETE,Understat,soccerdata,1.9.1,True,0.3146871540115475,0.2984576642534174,2024-07-09,2025-12-07,premier-league,,,ELIGIBLE,0.318193,0.641026
260827,Joachim Andersen,Defender,Centre-Back,2024,2024-07-09,2025-12-07,GB1,premier-league,first_tier,domestic_league,England,europa,TOP_LEAGUE,2024-08-18,2025-05-25,30,2674.0,0.0,0.0,0.0,0.0,premier-league,30.0,30.0,1.0,2674.0,0.8852448537945747,0.280512185767293,COMPLETE,Understat,soccerdata,1.9.1,True,0.0297950773528465,0.009441322632407,2024-07-09,2025-12-07,premier-league,,,ELIGIBLE,0.010827,0.075
262226,Timothy Castagne,Defender,Right-Back,2024,2024-07-09,2025-12-07,GB1,premier-league,first_tier,domestic_league,England,europa,TOP_LEAGUE,2024-10-05,2025-05-03,24,1643.0,0.0,1.0,0.0,0.0547778454047474,premier-league,24.0,24.0,1.0,1643.0,0.3606655541807413,0.8743397928774357,COMPLETE,Understat,soccerdata,1.9.1,True,0.0197564819697302,0.047894450005459,2024-07-09,2025-12-07,premier-league,,,ELIGIBLE,0.026461,0.25
262300,Ryan Manning,Defender,Left-Back,2024,2024-07-09,2025-12-07,GB1,premier-league,first_tier,domestic_league,England,europa,TOP_LEAGUE,2024-10-05,2025-05-10,24,1468.0,0.0,1.0,0.0,0.0613079019073569,premier-league,24.0,24.0,1.0,1468.0,0.336783405393362,3.371531819924712,COMPLETE,Understat,soccerdata,1.9.1,True,0.0206474839818818,0.2067015420934769,2024-07-09,2025-12-07,premier-league,,,ELIGIBLE,0.059796,0.641667
262749,David Raya,Goalkeeper,Goalkeeper,2024,2024-07-09,2025-12-07,GB1,premier-league,first_tier,domestic_league,England,europa,TOP_LEAGUE,2024-08-17,2025-05-25,38,3420.0,0.0,0.0,0.0,0.0,premier-league,38.0,38.0,1.0,3420.0,0.0,0.0936360284686088,COMPLETE,Understat,soccerdata,1.9.1,True,0.0,0.0024641060123318,2024-07-09,2025-12-07,premier-league,,,ELIGIBLE,0.000493,0.538462
262980,Jefferson Lerma,Midfield,Defensive Midfield,2024,2024-07-09,2025-12-07,GB1,premier-league,first_tier,domestic_league,England,europa,TOP_LEAGUE,2024-08-18,2025-05-25,33,2277.0,0.0,1.0,0.0,0.0395256916996047,premier-league,33.0,33.0,1.0,2277.0,0.8986045755445957,1.3882753169164062,COMPLETE,Understat,soccerdata,1.9.1,True,0.0355179674128298,0.0548725421706089,2024-07-09,2025-12-07,premier-league,,,ELIGIBLE,0.029535,0.113402
263236,Kevin Danso,Defender,Centre-Back,2024,2024-07-09,2025-12-07,GB1,premier-league,first_tier,domestic_league,England,europa,TOP_LEAGUE,2025-02-16,2025-05-25,10,843.0,0.0,0.0,0.0,0.0,premier-league,10.0,10.0,1.0,843.0,0.273663411848247,0.0684588281437754,COMPLETE,Understat,soccerdata,1.9.1,True,0.0292167343610228,0.0073087716879475,2024-07-09,2025-12-07,premier-league,,,INSUFFICIENT_MINUTES,,
270171,Vitaly Janelt,Midfield,Defensive Midfield,2024,2024-07-09,2025-12-07,GB1,premier-league,first_tier,domestic_league,England,europa,TOP_LEAGUE,2024-08-18,2025-04-19,32,2267.0,1.0,3.0,0.0397000441111601,0.1191001323334803,premier-league,32.0,32.0,1.0,2267.0,0.9458270631730556,2.358839701861143,COMPLETE,Understat,soccerdata,1.9.1,True,0.0375493761294993,0.0936460402150431,2024-07-09,2025-12-07,premier-league,,,ELIGIBLE,0.065724,0.319588
272622,Issa Diop,Defender,Centre-Back,2024,2024-07-09,2025-12-07,GB1,premier-league,first_tier,domestic_league,England,europa,TOP_LEAGUE,2024-08-16,2025-04-01,21,1335.0,0.0,0.0,0.0,0.0,premier-league,21.0,21.0,1.0,1335.0,0.4851377755403518,0.1430980395525694,COMPLETE,Understat,soccerdata,1.9.1,True,0.0327059174521585,0.0096470588462406,2024-07-09,2025-12-07,premier-league,,,ELIGIBLE,0.011741,0.091667
272855,Paul Onuachu,Attack,Centre-Forward,2024,2024-07-09,2025-12-07,GB1,premier-league,first_tier,domestic_league,England,europa,TOP_LEAGUE,2024-10-05,2025-05-25,25,1045.0,4.0,1.0,0.3444976076555024,0.0861244019138756,premier-league,25.0,25.0,1.0,1045.0,4.886736177839339,0.5158860571682453,COMPLETE,Understat,soccerdata,1.9.1,True,0.4208672306273115,0.0444303781293225,2024-07-09,2025-12-07,premier-league,,,ELIGIBLE,0.25572,0.397436
272999,Miguel Almirón,Attack,Right Winger,2024,2024-07-09,2025-12-07,GB1,premier-league,first_tier,domestic_league,England,europa,TOP_LEAGUE,2024-08-25,2025-01-25,9,150.0,0.0,0.0,0.0,0.0,premier-league,9.0,9.0,1.0,150.0,0.4826713129878044,0.1663767416030168,COMPLETE,Understat,soccerdata,1.9.1,True,0.2896027877926826,0.0998260449618101,2024-07-09,2025-12-07,premier-league,,,INSUFFICIENT_MINUTES,,
274839,Wilfred Ndidi,Midfield,Defensive Midfield,2024,2024-07-09,2025-12-07,GB1,premier-league,first_tier,domestic_league,England,europa,TOP_LEAGUE,2024-08-19,2025-05-18,28,2337.0,0.0,5.0,0.0,0.1925545571245186,premier-league,28.0,28.0,1.0,2337.0,1.973463961854577,2.7866385113447905,COMPLETE,Understat,soccerdata,1.9.1,True,0.0759998958352212,0.1073159888836247,2024-07-09,2025-12-07,premier-league,,,ELIGIBLE,0.082774,0.412371
277033,David Brooks,Attack,Right Winger,2024,2024-07-09,2025-12-07,GB1,premier-league,first_tier,domestic_league,England,europa,TOP_LEAGUE,2024-10-05,2025-05-25,29,948.0,2.0,0.0,0.189873417721519,0.0,premier-league,29.0,29.0,1.0,948.0,2.8713680896908045,1.7746479772031307,COMPLETE,Understat,soccerdata,1.9.1,True,0.272598236363051,0.1684792383420693,2024-07-09,2025-12-07,premier-league,,,ELIGIBLE,0.172437,0.141026
279455,Harry Wilson,Attack,Right Winger,2024,2024-07-09,2025-12-07,GB1,premier-league,first_tier,domestic_league,England,europa,TOP_LEAGUE,2024-08-16,2025-05-25,25,1159.0,6.0,2.0,0.4659188955996549,0.1553062985332182,premier-league,25.0,25.0,1.0,1159.0,3.605708472430706,1.4601951194927096,COMPLETE,Understat,soccerdata,1.9.1,True,0.2799946182215388,0.1133887495723415,2024-07-09,2025-12-07,premier-league,,,ELIGIBLE,0.277513,0.461538
282429,Sergio Reguilón,Defender,Left-Back,2024,2024-07-09,2025-12-07,GB1,premier-league,first_tier,domestic_league,England,europa,TOP_LEAGUE,2024-12-29,2025-05-16,4,195.0,0.0,0.0,0.0,0.0,premier-league,4.0,4.0,1.0,195.0,0.1322939433157444,0.0298521239310503,COMPLETE,Understat,soccerdata,1.9.1,True,0.0610587430688051,0.0137779033527924,2024-07-09,2025-12-07,premier-league,,,INSUFFICIENT_MINUTES,,
283628,Tomáš Souček,Midfield,Defensive Midfield,2024,2024-07-09,2025-12-07,GB1,premier-league,first_tier,domestic_league,England,europa,TOP_LEAGUE,2024-08-17,2025-05-25,35,2571.0,9.0,2.0,0.3150525087514585,0.0700116686114352,premier-league,35.0,35.0,1.0,2571.0,8.068854354321957,0.947371281683445,COMPLETE,Understat,soccerdata,1.9.1,True,0.2824569785643625,0.033163522112606,2024-07-09,2025-12-07,premier-league,,,ELIGIBLE,0.199888,0.814433
284730,Manuel Akanji,Defender,Centre-Back,2024,2024-07-09,2025-12-07,GB1,premier-league,first_tier,domestic_league,England,europa,TOP_LEAGUE,2024-08-18,2025-05-25,26,2014.0,0.0,0.0,0.0,0.0,premier-league,26.0,26.0,1.0,2014.0,1.0098738074302671,0.4246870186179876,COMPLETE,Understat,soccerdata,1.9.1,True,0.045128422377718,0.018978069352343,2024-07-09,2025-12-07,premier-league,,,ELIGIBLE,0.017334,0.133333
284857,Marc Cucurella,Defender,Left-Back,2024,2024-07-09,2025-12-07,GB1,premier-league,first_tier,domestic_league,England,europa,TOP_LEAGUE,2024-08-18,2025-05-25,36,2992.0,5.0,2.0,0.1504010695187165,0.0601604278074866,premier-league,36.0,36.0,1.0,2992.0,3.161697162315249,1.8079495672136543,COMPLETE,Understat,soccerdata,1.9.1,True,0.0951045269413009,0.0543835097089668,2024-07-09,2025-12-07,premier-league,,,ELIGIBLE,0.09656,0.891667
286047,Guglielmo Vicario,Goalkeeper,Goalkeeper,2024,2024-07-09,2025-12-07,GB1,premier-league,first_tier,domestic_league,England,europa,TOP_LEAGUE,2024-08-19,2025-05-25,24,2160.0,0.0,0.0,0.0,0.0,premier-league,24.0,24.0,1.0,2160.0,0.0,0.0,COMPLETE,Understat,soccerdata,1.9.1,True,0.0,0.0,2024-07-09,2025-12-07,premier-league,,,ELIGIBLE,0.0,0.211538
288323,Marcus Harness,Midfield,Attacking Midfield,2024,2024-07-09,2025-12-07,GB1,premier-league,first_tier,domestic_league,England,europa,TOP_LEAGUE,2024-08-17,2024-08-24,2,43.0,0.0,0.0,0.0,0.0,premier-league,2.0,2.0,1.0,43.0,0.0,0.0,COMPLETE,Understat,soccerdata,1.9.1,True,0.0,0.0,2024-07-09,2025-12-07,premier-league,,,INSUFFICIENT_MINUTES,,
289592,Orel Mangala,Midfield,Defensive Midfield,2024,2024-07-09,2025-12-07,GB1,premier-league,first_tier,domestic_league,England,europa,TOP_LEAGUE,2024-09-14,2025-01-25,19,1261.0,1.0,0.0,0.0713719270420301,0.0,premier-league,19.0,19.0,1.0,1261.0,0.7135743591934443,0.494984382763505,COMPLETE,Understat,soccerdata,1.9.1,True,0.0509291771034179,0.0353279892535412,2024-07-09,2025-12-07,premier-league,,,ELIGIBLE,0.043756,0.216495
292139,Sammie Szmodics,Midfield,Attacking Midfield,2024,2024-07-09,2025-12-07,GB1,premier-league,first_tier,domestic_league,England,europa,TOP_LEAGUE,2024-08-17,2025-05-25,20,1002.0,4.0,0.0,0.3592814371257485,0.0,premier-league,20.0,20.0,1.0,1002.0,4.5141482055187225,0.1944524906575679,COMPLETE,Understat,soccerdata,1.9.1,True,0.4054624136693463,0.017465792574033,2024-07-09,2025-12-07,premier-league,,,ELIGIBLE,0.232916,0.876289
292246,Hee-chan Hwang,Attack,Centre-Forward,2024,2024-07-09,2025-12-07,GB1,premier-league,first_tier,domestic_league,England,europa,TOP_LEAGUE,2024-08-17,2025-05-20,21,649.0,2.0,0.0,0.2773497688751926,0.0,premier-league,21.0,21.0,1.0,649.0,0.7990479003638029,0.2850785907357931,COMPLETE,Understat,soccerdata,1.9.1,True,0.1108078752430543,0.0395332406259189,2024-07-09,2025-12-07,premier-league,,,INSUFFICIENT_MINUTES,,
292808,Wout Faes,Defender,Centre-Back,2024,2024-07-09,2025-12-07,GB1,premier-league,first_tier,domestic_league,England,europa,TOP_LEAGUE,2024-08-19,2025-05-25,34,2812.0,1.0,0.0,0.0320056899004267,0.0,premier-league,34.0,34.0,1.0,2812.0,1.563155423849821,0.1705409092828631,COMPLETE,Understat,soccerdata,1.9.1,True,0.0500298677619075,0.0054582794578441,2024-07-09,2025-12-07,premier-league,,,ELIGIBLE,0.025702,0.233333
294057,James Maddison,Midfield,Attacking Midfield,2024,2024-07-09,2025-12-07,GB1,premier-league,first_tier,domestic_league,England,europa,TOP_LEAGUE,2024-08-19,2025-04-27,31,1817.0,9.0,7.0,0.445789763346175,0.3467253714914695,premier-league,31.0,31.0,1.0,1817.0,5.8936047330498695,6.016693122684956,COMPLETE,Understat,soccerdata,1.9.1,True,0.2919231843557998,0.2980200225875872,2024-07-09,2025-12-07,premier-league,,,ELIGIBLE,0.350263,0.989691
295313,Taiwo Awoniyi,Attack,Centre-Forward,2024,2024-07-09,2025-12-07,GB1,premier-league,first_tier,domestic_league,England,europa,TOP_LEAGUE,2024-08-17,2025-05-11,26,399.0,1.0,0.0,0.225563909774436,0.0,premier-league,26.0,26.0,1.0,399.0,2.418665297329426,0.0885970722883939,COMPLETE,Understat,soccerdata,1.9.1,True,0.5455636009013742,0.0199843020199384,2024-07-09,2025-12-07,premier-league,,,INSUFFICIENT_MINUTES,,
296622,Marco Asensio,Midfield,Attacking Midfield,2024,2024-07-09,2025-12-07,GB1,premier-league,first_tier,domestic_league,England,europa,TOP_LEAGUE,2025-02-15,2025-05-25,13,745.0,3.0,1.0,0.3624161073825503,0.1208053691275167,premier-league,13.0,13.0,1.0,745.0,4.556249689310789,1.264389220625162,COMPLETE,Understat,soccerdata,1.9.1,True,0.5504194255543235,0.1527450065184759,2024-07-09,2025-12-07,premier-league,,,INSUFFICIENT_MINUTES,,
300716,Kieran Tierney,Defender,Left-Back,2024,2024-07-09,2025-12-07,GB1,premier-league,first_tier,domestic_league,England,europa,TOP_LEAGUE,2025-01-15,2025-05-25,13,252.0,1.0,0.0,0.3571428571428571,0.0,premier-league,13.0,13.0,1.0,252.0,0.9213433265686036,1.199159286916256,COMPLETE,Understat,soccerdata,1.9.1,True,0.3290511880602155,0.4282711738986628,2024-07-09,2025-12-07,premier-league,,,INSUFFICIENT_MINUTES,,
306024,Dominic Calvert-Lewin,Attack,Centre-Forward,2024,2024-07-09,2025-12-07,GB1,premier-league,first_tier,domestic_league,England,europa,TOP_LEAGUE,2024-08-17,2025-05-25,26,1613.0,3.0,2.0,0.1673899566026038,0.1115933044017359,premier-league,26.0,26.0,1.0,1613.0,8.584493719041348,0.7406498864293098,COMPLETE,Understat,soccerdata,1.9.1,True,0.4789860103618855,0.0413257841157085,2024-07-09,2025-12-07,premier-league,,,ELIGIBLE,0.224497,0.282051
309400,Kai Havertz,Attack,Centre-Forward,2024,2024-07-09,2025-12-07,GB1,premier-league,first_tier,domestic_league,England,europa,TOP_LEAGUE,2024-08-17,2025-05-25,23,1875.0,9.0,3.0,0.432,0.144,premier-league,23.0,23.0,1.0,1875.0,11.830620590597391,2.9488715566694736,COMPLETE,Understat,soccerdata,1.9.1,True,0.5678697883486747,0.1415458347201347,2024-07-09,2025-12-07,premier-league,,,ELIGIBLE,0.35707,0.807692
314353,Trent Alexander-Arnold,Defender,Right-Back,2024,2024-07-09,2025-12-07,GB1,premier-league,first_tier,domestic_league,England,europa,TOP_LEAGUE,2024-08-17,2025-05-25,33,2377.0,3.0,7.0,0.1135885570046276,0.2650399663441312,premier-league,33.0,33.0,1.0,2377.0,1.89413627050817,8.056737272068858,COMPLETE,Understat,soccerdata,1.9.1,True,0.0717174019123833,0.305051053633234,2024-07-09,2025-12-07,premier-league,,,ELIGIBLE,0.16961,1.0
314875,Jarrod Bowen,Attack,Right Winger,2024,2024-07-09,2025-12-07,GB1,premier-league,first_tier,domestic_league,England,europa,TOP_LEAGUE,2024-08-17,2025-05-25,34,2980.0,13.0,10.0,0.3926174496644295,0.3020134228187919,premier-league,34.0,34.0,1.0,2980.0,9.816103929653764,7.633318647742271,COMPLETE,Understat,soccerdata,1.9.1,True,0.2964595146539727,0.2305364692271156,2024-07-09,2025-12-07,premier-league,,,ELIGIBLE,0.313233,0.589744
315969,Scott McTominay,Midfield,Central Midfield,2024,2024-07-09,2025-12-07,GB1,premier-league,first_tier,domestic_league,England,europa,TOP_LEAGUE,2024-08-16,2024-08-24,2,17.0,0.0,0.0,0.0,0.0,premier-league,2.0,2.0,1.0,17.0,0.1260273307561874,0.0,COMPLETE,Understat,soccerdata,1.9.1,True,0.6672035157680511,0.0,2024-07-09,2025-12-07,premier-league,,,INSUFFICIENT_MINUTES,,
316125,Ben Chilwell,Defender,Left-Back,2024,2024-07-09,2025-12-07,GB1,premier-league,first_tier,domestic_league,England,europa,TOP_LEAGUE,2025-02-15,2025-05-20,8,254.0,1.0,0.0,0.3543307086614173,0.0,premier-league,8.0,8.0,1.0,254.0,0.2562433071434498,0.8998954109847546,COMPLETE,Understat,soccerdata,1.9.1,True,0.0907948726098837,0.3188605786953855,2024-07-09,2025-12-07,premier-league,,,INSUFFICIENT_MINUTES,,
316264,Martin Ødegaard,Midfield,Attacking Midfield,2024,2024-07-09,2025-12-07,GB1,premier-league,first_tier,domestic_league,England,europa,TOP_LEAGUE,2024-08-17,2025-05-25,30,2332.0,3.0,8.0,0.1157804459691252,0.3087478559176672,premier-league,30.0,30.0,1.0,2332.0,5.635795846581459,7.852103857323527,COMPLETE,Understat,soccerdata,1.9.1,True,0.2175049855027149,0.3030400287989354,2024-07-09,2025-12-07,premier-league,,,ELIGIBLE,0.222343,0.845361
319859,Mathias Jensen,Midfield,Central Midfield,2024,2024-07-09,2025-12-07,GB1,premier-league,first_tier,domestic_league,England,europa,TOP_LEAGUE,2024-08-18,2025-05-25,24,852.0,0.0,2.0,0.0,0.2112676056338028,premier-league,24.0,24.0,1.0,852.0,0.2693682108074426,1.9875654987990856,COMPLETE,Understat,soccerdata,1.9.1,True,0.0284543884655749,0.2099541019858189,2024-07-09,2025-12-07,premier-league,,,INSUFFICIENT_MINUTES,,
320411,Philip Billing,Midfield,Central Midfield,2024,2024-07-09,2025-12-07,GB1,premier-league,first_tier,domestic_league,England,europa,TOP_LEAGUE,2024-08-17,2025-01-04,10,176.0,0.0,0.0,0.0,0.0,premier-league,10.0,10.0,1.0,176.0,0.3570811375975609,1.401890940964222,COMPLETE,Understat,soccerdata,1.9.1,True,0.1825983089987527,0.7168760493567043,2024-07-09,2025-12-07,premier-league,,,INSUFFICIENT_MINUTES,,
321247,Emiliano Buendía,Attack,Left Winger,2024,2024-07-09,2025-12-07,GB1,premier-league,first_tier,domestic_league,England,europa,TOP_LEAGUE,2024-09-14,2025-01-26,12,89.0,0.0,0.0,0.0,0.0,premier-league,12.0,12.0,1.0,89.0,0.8230422083288431,0.0468223355710506,COMPLETE,Understat,soccerdata,1.9.1,True,0.832289873590965,0.0473484292291523,2024-07-09,2025-12-07,premier-league,,,INSUFFICIENT_MINUTES,,
324223,James Bree,Defender,Right-Back,2024,2024-07-09,2025-12-07,GB1,premier-league,first_tier,domestic_league,England,europa,TOP_LEAGUE,2024-10-26,2025-05-18,17,1073.0,0.0,1.0,0.0,0.0838769804287045,premier-league,17.0,17.0,1.0,1073.0,0.1093538105487823,1.0717255100607872,COMPLETE,Understat,soccerdata,1.9.1,True,0.0091722674272044,0.089893099632312,2024-07-09,2025-12-07,premier-league,,,ELIGIBLE,0.037506,0.391667
324358,Ollie Watkins,Attack,Centre-Forward,2024,2024-07-09,2025-12-07,GB1,premier-league,first_tier,domestic_league,England,europa,TOP_LEAGUE,2024-08-17,2025-05-25,38,2610.0,16.0,8.0,0.5517241379310345,0.2758620689655172,premier-league,38.0,38.0,1.0,2610.0,18.632458329200745,3.87640418484807,COMPLETE,Understat,soccerdata,1.9.1,True,0.6424985630758877,0.1336691098223472,2024-07-09,2025-12-07,premier-league,,,ELIGIBLE,0.440173,0.923077
326029,Donyell Malen,Attack,Centre-Forward,2024,2024-07-09,2025-12-07,GB1,premier-league,first_tier,domestic_league,England,europa,TOP_LEAGUE,2025-01-26,2025-05-25,14,298.0,3.0,0.0,0.906040268456376,0.0,premier-league,14.0,14.0,1.0,298.0,3.0199847873300314,0.1801445484161377,COMPLETE,Understat,soccerdata,1.9.1,True,0.9120759424822242,0.0544060716693033,2024-07-09,2025-12-07,premier-league,,,INSUFFICIENT_MINUTES,,
326031,Matthijs de Ligt,Defender,Centre-Back,2024,2024-07-09,2025-12-07,GB1,premier-league,first_tier,domestic_league,England,europa,TOP_LEAGUE,2024-08-16,2025-05-04,29,2128.0,2.0,0.0,0.0845864661654135,0.0,premier-league,29.0,29.0,1.0,2128.0,2.871978895738721,0.281110018491745,COMPLETE,Understat,soccerdata,1.9.1,True,0.1214652728460925,0.0118890515339553,2024-07-09,2025-12-07,premier-league,,,ELIGIBLE,0.064193,0.691667
328658,Kristoffer Ajer,Defender,Centre-Back,2024,2024-07-09,2025-12-07,GB1,premier-league,first_tier,domestic_league,England,europa,TOP_LEAGUE,2024-08-18,2025-05-25,24,1443.0,0.0,0.0,0.0,0.0,premier-league,24.0,24.0,1.0,1443.0,1.142456667497754,1.4724152060225606,COMPLETE,Understat,soccerdata,1.9.1,True,0.0712550936069285,0.0918346282342553,2024-07-09,2025-12-07,premier-league,,,ELIGIBLE,0.039743,0.416667
329145,Diego Carlos,Defender,Centre-Back,2024,2024-07-09,2025-12-07,GB1,premier-league,first_tier,domestic_league,England,europa,TOP_LEAGUE,2024-09-21,2024-12-30,10,828.0,0.0,0.0,0.0,0.0,premier-league,10.0,10.0,1.0,828.0,0.9728685170412064,0.0,COMPLETE,Understat,soccerdata,1.9.1,True,0.1057465779392615,0.0,2024-07-09,2025-12-07,premier-league,,,INSUFFICIENT_MINUTES,,
330659,Justin Kluivert,Midfield,Attacking Midfield,2024,2024-07-09,2025-12-07,GB1,premier-league,first_tier,domestic_league,England,europa,TOP_LEAGUE,2024-08-17,2025-05-25,34,2356.0,12.0,6.0,0.4584040747028862,0.2292020373514431,premier-league,34.0,34.0,1.0,2356.0,10.441609976813195,5.512896118685603,COMPLETE,Understat,soccerdata,1.9.1,True,0.3988730466524565,0.2105945036849339,2024-07-09,2025-12-07,premier-league,,,ELIGIBLE,0.345142,0.979381
331560,Takehiro Tomiyasu,Defender,Centre-Back,2024,2024-07-09,2025-12-07,GB1,premier-league,first_tier,domestic_league,England,europa,TOP_LEAGUE,2024-10-05,2024-10-05,1,6.0,0.0,0.0,0.0,0.0,premier-league,1.0,1.0,1.0,6.0,0.1668418496847152,0.0,COMPLETE,Understat,soccerdata,1.9.1,True,2.502627745270729,0.0,2024-07-09,2025-12-07,premier-league,,,INSUFFICIENT_MINUTES,,
332705,Tyler Adams,Midfield,Defensive Midfield,2024,2024-07-09,2025-12-07,GB1,premier-league,first_tier,domestic_league,England,europa,TOP_LEAGUE,2024-10-26,2025-05-25,28,1965.0,0.0,3.0,0.0,0.1374045801526717,premier-league,28.0,28.0,1.0,1965.0,1.4070341289043429,1.5068945437669754,COMPLETE,Understat,soccerdata,1.9.1,True,0.0644443112475271,0.0690180707068843,2024-07-09,2025-12-07,premier-league,,,ELIGIBLE,0.060618,0.298969
333014,Sander Berge,Midfield,Defensive Midfield,2024,2024-07-09,2025-12-07,GB1,premier-league,first_tier,domestic_league,England,europa,TOP_LEAGUE,2024-08-31,2025-05-25,31,2227.0,0.0,0.0,0.0,0.0,premier-league,31.0,31.0,1.0,2227.0,0.4260362591594457,0.7261993493884802,COMPLETE,Understat,soccerdata,1.9.1,True,0.0172174509763583,0.0293479755029022,2024-07-09,2025-12-07,premier-league,,,ELIGIBLE,0.011035,0.041237
333241,Joelinton,Midfield,Central Midfield,2024,2024-07-09,2025-12-07,GB1,premier-league,first_tier,domestic_league,England,europa,TOP_LEAGUE,2024-08-17,2025-04-19,29,2404.0,4.0,3.0,0.1497504159733777,0.1123128119800332,premier-league,29.0,29.0,1.0,2404.0,4.270817156881094,2.4919691011309624,COMPLETE,Understat,soccerdata,1.9.1,True,0.1598891614472955,0.0932933523717914,2024-07-09,2025-12-07,premier-league,,,ELIGIBLE,0.134013,0.608247
335721,Ben White,Defender,Right-Back,2024,2024-07-09,2025-12-07,GB1,premier-league,first_tier,domestic_league,England,europa,TOP_LEAGUE,2024-08-17,2025-05-25,17,1198.0,0.0,2.0,0.0,0.1502504173622704,premier-league,17.0,17.0,1.0,1198.0,0.4337807316333055,1.4500398263335228,COMPLETE,Understat,soccerdata,1.9.1,True,0.0325878679858075,0.1089345445492629,2024-07-09,2025-12-07,premier-league,,,ELIGIBLE,0.061613,0.675
336077,Altay Bayındır,Goalkeeper,Goalkeeper,2024,2024-07-09,2025-12-07,GB1,premier-league,first_tier,domestic_league,England,europa,TOP_LEAGUE,2025-04-13,2025-05-25,4,360.0,0.0,0.0,0.0,0.0,premier-league,4.0,4.0,1.0,360.0,0.0,0.0,COMPLETE,Understat,soccerdata,1.9.1,True,0.0,0.0,2024-07-09,2025-12-07,premier-league,,,INSUFFICIENT_MINUTES,,
336367,Joe Lumley,Goalkeeper,Goalkeeper,2024,2024-07-09,2025-12-07,GB1,premier-league,first_tier,domestic_league,England,europa,TOP_LEAGUE,2024-11-29,2024-12-07,3,270.0,0.0,0.0,0.0,0.0,premier-league,3.0,3.0,1.0,270.0,0.0,0.0,COMPLETE,Understat,soccerdata,1.9.1,True,0.0,0.0,2024-07-09,2025-12-07,premier-league,,,INSUFFICIENT_MINUTES,,
338070,Konstantinos Tsimikas,Defender,Left-Back,2024,2024-07-09,2025-12-07,GB1,premier-league,first_tier,domestic_league,England,europa,TOP_LEAGUE,2024-08-17,2025-05-19,18,833.0,0.0,1.0,0.0,0.1080432172869147,premier-league,18.0,18.0,1.0,833.0,0.5641818605363369,2.597917679697275,COMPLETE,Understat,soccerdata,1.9.1,True,0.0609560233472632,0.2806873843610501,2024-07-09,2025-12-07,premier-league,,,INSUFFICIENT_MINUTES,,
338424,Mikel Merino,Midfield,Central Midfield,2024,2024-07-09,2025-12-07,GB1,premier-league,first_tier,domestic_league,England,europa,TOP_LEAGUE,2024-10-05,2025-05-25,28,1581.0,7.0,2.0,0.3984819734345351,0.1138519924098671,premier-league,28.0,28.0,1.0,1581.0,6.865131866186857,2.1651013009250164,COMPLETE,Understat,soccerdata,1.9.1,True,0.3908044705609216,0.1232505484397542,2024-07-09,2025-12-07,premier-league,,,ELIGIBLE,0.284206,0.938144
339340,Tyrell Malacia,Defender,Left-Back,2024,2024-07-09,2025-12-07,GB1,premier-league,first_tier,domestic_league,England,europa,TOP_LEAGUE,2024-12-04,2025-01-26,3,99.0,0.0,0.0,0.0,0.0,premier-league,3.0,3.0,1.0,99.0,0.0,0.0620109774172306,COMPLETE,Understat,soccerdata,1.9.1,True,0.0,0.056373615833846,2024-07-09,2025-12-07,premier-league,,,INSUFFICIENT_MINUTES,,
339556,Rico Henry,Defender,Left-Back,2024,2024-07-09,2025-12-07,GB1,premier-league,first_tier,domestic_league,England,europa,TOP_LEAGUE,2025-01-14,2025-05-18,5,95.0,0.0,0.0,0.0,0.0,premier-league,5.0,5.0,1.0,95.0,0.0,0.0,COMPLETE,Understat,soccerdata,1.9.1,True,0.0,0.0,2024-07-09,2025-12-07,premier-league,,,INSUFFICIENT_MINUTES,,
340324,Eddie Nketiah,Attack,Centre-Forward,2024,2024-07-09,2025-12-07,GB1,premier-league,first_tier,domestic_league,England,europa,TOP_LEAGUE,2024-09-14,2025-05-25,29,1025.0,3.0,2.0,0.2634146341463415,0.1756097560975609,premier-league,29.0,29.0,1.0,1025.0,7.15336112678051,1.3858313784003258,COMPLETE,Understat,soccerdata,1.9.1,True,0.6281000013758496,0.1216827551766139,2024-07-09,2025-12-07,premier-league,,,ELIGIBLE,0.326913,0.679487
340325,Reiss Nelson,Attack,Left Winger,2024,2024-07-09,2025-12-07,GB1,premier-league,first_tier,domestic_league,England,europa,TOP_LEAGUE,2024-08-24,2024-12-05,12,488.0,1.0,1.0,0.1844262295081967,0.1844262295081967,premier-league,12.0,12.0,1.0,488.0,1.4182224795222282,1.1306451223790646,COMPLETE,Understat,soccerdata,1.9.1,True,0.2615574245020503,0.2085206168322045,2024-07-09,2025-12-07,premier-league,,,INSUFFICIENT_MINUTES,,
340328,Stephy Mavididi,Attack,Left Winger,2024,2024-07-09,2025-12-07,GB1,premier-league,first_tier,domestic_league,England,europa,TOP_LEAGUE,2024-08-19,2025-04-20,30,1617.0,4.0,1.0,0.222634508348794,0.0556586270871985,premier-league,30.0,30.0,1.0,1617.0,3.392247362062335,2.583603762090206,COMPLETE,Understat,soccerdata,1.9.1,True,0.1888078309125604,0.1437998383352619,2024-07-09,2025-12-07,premier-league,,,ELIGIBLE,0.163324,0.115385
340329,Joe Willock,Midfield,Central Midfield,2024,2024-07-09,2025-12-07,GB1,premier-league,first_tier,domestic_league,England,europa,TOP_LEAGUE,2024-08-25,2025-05-25,32,1073.0,0.0,2.0,0.0,0.1677539608574091,premier-league,32.0,32.0,1.0,1073.0,2.0176452044397597,3.1126333381980658,COMPLETE,Understat,soccerdata,1.9.1,True,0.1692339873248633,0.2610782855897725,2024-07-09,2025-12-07,premier-league,,,ELIGIBLE,0.136537,0.628866
340456,Noussair Mazraoui,Defender,Right-Back,2024,2024-07-09,2025-12-07,GB1,premier-league,first_tier,domestic_league,England,europa,TOP_LEAGUE,2024-08-16,2025-05-25,37,2849.0,0.0,2.0,0.0,0.0631800631800631,premier-league,37.0,37.0,1.0,2849.0,0.814534755423665,1.5644007651135323,COMPLETE,Understat,soccerdata,1.9.1,True,0.0257311786550122,0.049419469589406,2024-07-09,2025-12-07,premier-league,,,ELIGIBLE,0.030239,0.316667
340918,Caoimhín Kelleher,Goalkeeper,Goalkeeper,2024,2024-07-09,2025-12-07,GB1,premier-league,first_tier,domestic_league,England,europa,TOP_LEAGUE,2024-09-21,2025-04-06,10,900.0,0.0,0.0,0.0,0.0,premier-league,10.0,10.0,1.0,900.0,0.0,0.0,COMPLETE,Understat,soccerdata,1.9.1,True,0.0,0.0,2024-07-09,2025-12-07,premier-league,,,ELIGIBLE,0.0,0.211538
340950,Diogo Jota,Attack,Left Winger,2024,2024-07-09,2025-12-07,GB1,premier-league,first_tier,domestic_league,England,europa,TOP_LEAGUE,2024-08-17,2025-05-25,26,1194.0,6.0,4.0,0.4522613065326633,0.3015075376884422,premier-league,26.0,26.0,1.0,1194.0,10.20619698613882,1.852303085848689,COMPLETE,Understat,soccerdata,1.9.1,True,0.769311330613479,0.1396208356167353,2024-07-09,2025-12-07,premier-league,,,ELIGIBLE,0.454697,0.935897
341051,Kyle Walker-Peters,Defender,Right-Back,2024,2024-07-09,2025-12-07,GB1,premier-league,first_tier,domestic_league,England,europa,TOP_LEAGUE,2024-08-17,2025-05-03,33,2922.0,0.0,2.0,0.0,0.0616016427104722,premier-league,33.0,33.0,1.0,2922.0,1.1614951640367508,2.7974178763106465,COMPLETE,Understat,soccerdata,1.9.1,True,0.0357750050524666,0.0861627682641883,2024-07-09,2025-12-07,premier-league,,,ELIGIBLE,0.040285,0.425
341092,Federico Chiesa,Attack,Right Winger,2024,2024-07-09,2025-12-07,GB1,premier-league,first_tier,domestic_league,England,europa,TOP_LEAGUE,2024-09-21,2025-05-19,6,104.0,0.0,0.0,0.0,0.0,premier-league,6.0,6.0,1.0,104.0,0.6147317513823509,0.2075449079275131,COMPLETE,Understat,soccerdata,1.9.1,True,0.5319794002347268,0.1796061703218863,2024-07-09,2025-12-07,premier-league,,,INSUFFICIENT_MINUTES,,
341501,Hamza Choudhury,Midfield,Defensive Midfield,2024,2024-07-09,2025-12-07,GB1,premier-league,first_tier,domestic_league,England,europa,TOP_LEAGUE,2024-09-14,2024-12-29,4,130.0,0.0,0.0,0.0,0.0,premier-league,4.0,4.0,1.0,130.0,0.0,0.3993283584713936,COMPLETE,Understat,soccerdata,1.9.1,True,0.0,0.2764580943263494,2024-07-09,2025-12-07,premier-league,,,INSUFFICIENT_MINUTES,,
342046,Axel Tuanzebe,Defender,Centre-Back,2024,2024-07-09,2025-12-07,GB1,premier-league,first_tier,domestic_league,England,europa,TOP_LEAGUE,2024-08-17,2025-05-25,22,1717.0,0.0,1.0,0.0,0.052417006406523,premier-league,22.0,22.0,1.0,1717.0,0.3537554126232862,0.6262782029807568,COMPLETE,Understat,soccerdata,1.9.1,True,0.0185427997298169,0.032827628577908,2024-07-09,2025-12-07,premier-league,,,ELIGIBLE,0.022612,0.208333
342385,Guido Rodríguez,Midfield,Defensive Midfield,2024,2024-07-09,2025-12-07,GB1,premier-league,first_tier,domestic_league,England,europa,TOP_LEAGUE,2024-08-17,2025-05-25,23,1155.0,0.0,1.0,0.0,0.0779220779220779,premier-league,23.0,23.0,1.0,1155.0,0.1626910055056214,0.2192824073135852,COMPLETE,Understat,soccerdata,1.9.1,True,0.0126772212082302,0.01708694082963,2024-07-09,2025-12-07,premier-league,,,ELIGIBLE,0.022805,0.072165
343475,Ben Godfrey,Defender,Centre-Back,2024,2024-07-09,2025-12-07,GB1,premier-league,first_tier,domestic_league,England,europa,TOP_LEAGUE,2025-01-19,2025-04-26,3,159.0,0.0,0.0,0.0,0.0,premier-league,3.0,3.0,1.0,159.0,0.0,0.0,COMPLETE,Understat,soccerdata,1.9.1,True,0.0,0.0,2024-07-09,2025-12-07,premier-league,,,INSUFFICIENT_MINUTES,,
344009,Nathan Broadhead,Attack,Left Winger,2024,2024-07-09,2025-12-07,GB1,premier-league,first_tier,domestic_league,England,europa,TOP_LEAGUE,2024-11-30,2025-05-25,18,697.0,2.0,0.0,0.2582496413199426,0.0,premier-league,18.0,18.0,1.0,697.0,1.828265825286508,0.8385746516287327,COMPLETE,Understat,soccerdata,1.9.1,True,0.2360744968088747,0.108280801501558,2024-07-09,2025-12-07,premier-league,,,INSUFFICIENT_MINUTES,,
344152,Odsonne Édouard,Attack,Centre-Forward,2024,2024-07-09,2025-12-07,GB1,premier-league,first_tier,domestic_league,England,europa,TOP_LEAGUE,2024-08-18,2024-11-10,6,142.0,0.0,0.0,0.0,0.0,premier-league,6.0,6.0,1.0,142.0,0.325688287615776,0.105933329090476,COMPLETE,Understat,soccerdata,1.9.1,True,0.2064221541226749,0.0671408423812876,2024-07-09,2025-12-07,premier-league,,,INSUFFICIENT_MINUTES,,
344381,Christopher Nkunku,Attack,Centre-Forward,2024,2024-07-09,2025-12-07,GB1,premier-league,first_tier,domestic_league,England,europa,TOP_LEAGUE,2024-08-18,2025-04-13,27,910.0,3.0,2.0,0.2967032967032967,0.1978021978021978,premier-league,27.0,27.0,1.0,910.0,5.027925219386816,2.0136311538517475,COMPLETE,Understat,soccerdata,1.9.1,True,0.4972673293899049,0.1991503338974256,2024-07-09,2025-12-07,premier-league,,,ELIGIBLE,0.317582,0.628205
344605,Boubakary Soumaré,Midfield,Defensive Midfield,2024,2024-07-09,2025-12-07,GB1,premier-league,first_tier,domestic_league,England,europa,TOP_LEAGUE,2024-08-19,2025-05-25,31,2170.0,0.0,0.0,0.0,0.0,premier-league,31.0,31.0,1.0,2170.0,0.2561326660215854,0.3478336622938514,COMPLETE,Understat,soccerdata,1.9.1,True,0.0106230137981302,0.0144262809246297,2024-07-09,2025-12-07,premier-league,,,ELIGIBLE,0.006072,0.020619
346314,Trevoh Chalobah,Defender,Centre-Back,2024,2024-07-09,2025-12-07,GB1,premier-league,first_tier,domestic_league,England,europa,TOP_LEAGUE,2024-10-05,2025-05-11,25,1974.0,3.0,1.0,0.1367781155015197,0.0455927051671732,premier-league,25.0,25.0,1.0,1974.0,2.548438237980008,2.151971971616149,COMPLETE,Understat,soccerdata,1.9.1,True,0.116190193220973,0.0981142236299156,2024-07-09,2025-12-07,premier-league,,,ELIGIBLE,0.104632,0.916667
346483,Mason Mount,Midfield,Attacking Midfield,2024,2024-07-09,2025-12-07,GB1,premier-league,first_tier,domestic_league,England,europa,TOP_LEAGUE,2024-08-16,2025-05-25,17,621.0,1.0,0.0,0.144927536231884,0.0,premier-league,17.0,17.0,1.0,621.0,2.9394782911986117,0.335563201457262,COMPLETE,Understat,soccerdata,1.9.1,True,0.4260113465505233,0.0486323480372843,2024-07-09,2025-12-07,premier-league,,,INSUFFICIENT_MINUTES,,
346707,Sean Longstaff,Midfield,Central Midfield,2024,2024-07-09,2025-12-07,GB1,premier-league,first_tier,domestic_league,England,europa,TOP_LEAGUE,2024-08-17,2025-05-11,25,787.0,0.0,0.0,0.0,0.0,premier-league,25.0,25.0,1.0,787.0,0.4065457545220852,0.2086685169488191,COMPLETE,Understat,soccerdata,1.9.1,True,0.0464918906060834,0.02386298160787,2024-07-09,2025-12-07,premier-league,,,INSUFFICIENT_MINUTES,,
348623,Mason Holgate,Defender,Centre-Back,2024,2024-07-09,2025-12-07,GB1,premier-league,first_tier,domestic_league,England,europa,TOP_LEAGUE,2024-08-17,2024-08-17,1,5.0,0.0,0.0,0.0,0.0,premier-league,1.0,1.0,1.0,5.0,0.0,0.0,COMPLETE,Understat,soccerdata,1.9.1,True,0.0,0.0,2024-07-09,2025-12-07,premier-league,,,INSUFFICIENT_MINUTES,,
349066,Alexander Isak,Attack,Centre-Forward,2024,2024-07-09,2025-12-07,GB1,premier-league,first_tier,domestic_league,England,europa,TOP_LEAGUE,2024-08-17,2025-05-25,34,2774.0,23.0,6.0,0.7462148521989906,0.1946647440519106,premier-league,34.0,34.0,1.0,2774.0,22.356988068670034,5.44870379474014,COMPLETE,Understat,soccerdata,1.9.1,True,0.7253528933598785,0.1767784216029605,2024-07-09,2025-12-07,premier-league,,,ELIGIBLE,0.515759,0.987179
349503,Conor Chaplin,Attack,Second Striker,2024,2024-07-09,2025-12-07,GB1,premier-league,first_tier,domestic_league,England,europa,TOP_LEAGUE,2024-08-17,2025-05-25,22,854.0,1.0,1.0,0.1053864168618267,0.1053864168618267,premier-league,22.0,22.0,1.0,854.0,1.434986375272274,0.7888719039037824,COMPLETE,Understat,soccerdata,1.9.1,True,0.1512280723354855,0.0831363833153869,2024-07-09,2025-12-07,premier-league,,,INSUFFICIENT_MINUTES,,
349599,Pervis Estupiñán,Defender,Left-Back,2024,2024-07-09,2025-12-07,GB1,premier-league,first_tier,domestic_league,England,europa,TOP_LEAGUE,2024-08-31,2025-05-19,30,2403.0,1.0,1.0,0.0374531835205992,0.0374531835205992,premier-league,30.0,30.0,1.0,2403.0,1.3183485567569733,2.320820614695549,COMPLETE,Understat,soccerdata,1.9.1,True,0.049376350440336,0.0869221204005823,2024-07-09,2025-12-07,premier-league,,,ELIGIBLE,0.050924,0.558333
349701,Antonee Robinson,Defender,Left-Back,2024,2024-07-09,2025-12-07,GB1,premier-league,first_tier,domestic_league,England,europa,TOP_LEAGUE,2024-08-16,2025-05-25,36,3167.0,0.0,10.0,0.0,0.2841806125670982,premier-league,36.0,36.0,1.0,3167.0,1.0538900159299374,4.40445202216506,COMPLETE,Understat,soccerdata,1.9.1,True,0.0299495110305318,0.1251659873681261,2024-07-09,2025-12-07,premier-league,,,ELIGIBLE,0.090854,0.875
351749,Kalvin Phillips,Midfield,Defensive Midfield,2024,2024-07-09,2025-12-07,GB1,premier-league,first_tier,domestic_league,England,europa,TOP_LEAGUE,2024-08-31,2025-05-03,19,1240.0,0.0,0.0,0.0,0.0,premier-league,19.0,19.0,1.0,1240.0,0.4593092957511544,0.3231524731963873,COMPLETE,Understat,soccerdata,1.9.1,True,0.0333369650141966,0.0234546149900603,2024-07-09,2025-12-07,premier-league,,,ELIGIBLE,0.014692,0.061856
354362,Rodrigo Bentancur,Midfield,Defensive Midfield,2024,2024-07-09,2025-12-07,GB1,premier-league,first_tier,domestic_league,England,europa,TOP_LEAGUE,2024-08-19,2025-05-25,26,1653.0,2.0,0.0,0.1088929219600726,0.0,premier-league,26.0,26.0,1.0,1653.0,1.3008952122181654,0.3507859818637371,COMPLETE,Understat,soccerdata,1.9.1,True,0.0708291404111523,0.0190990552738876,2024-07-09,2025-12-07,premier-league,,,ELIGIBLE,0.057736,0.28866
355915,Cristian Romero,Defender,Centre-Back,2024,2024-07-09,2025-12-07,GB1,premier-league,first_tier,domestic_league,England,europa,TOP_LEAGUE,2024-08-19,2025-04-21,18,1420.0,1.0,1.0,0.0633802816901408,0.0633802816901408,premier-league,18.0,18.0,1.0,1420.0,1.905144028365612,0.6253029182553291,COMPLETE,Understat,soccerdata,1.9.1,True,0.1207485651781021,0.0396318751006898,2024-07-09,2025-12-07,premier-league,,,ELIGIBLE,0.075841,0.758333
356141,Daichi Kamada,Midfield,Attacking Midfield,2024,2024-07-09,2025-12-07,GB1,premier-league,first_tier,domestic_league,England,europa,TOP_LEAGUE,2024-08-18,2025-05-25,34,1553.0,0.0,0.0,0.0,0.0,premier-league,34.0,34.0,1.0,1553.0,0.9768787622451782,1.8320643100887537,COMPLETE,Understat,soccerdata,1.9.1,True,0.0566124202202614,0.1061724326516341,2024-07-09,2025-12-07,premier-league,,,ELIGIBLE,0.038218,0.175258
357119,Ibrahima Konaté,Defender,Centre-Back,2024,2024-07-09,2025-12-07,GB1,premier-league,first_tier,domestic_league,England,europa,TOP_LEAGUE,2024-08-17,2025-05-25,31,2565.0,1.0,2.0,0.0350877192982456,0.0701754385964912,premier-league,31.0,31.0,1.0,2565.0,1.85700361803174,1.0275321248918772,COMPLETE,Understat,soccerdata,1.9.1,True,0.0651580216853242,0.036053758768136,2024-07-09,2025-12-07,premier-league,,,ELIGIBLE,0.05132,0.575
357147,Diogo Dalot,Defender,Right-Back,2024,2024-07-09,2025-12-07,GB1,premier-league,first_tier,domestic_league,England,europa,TOP_LEAGUE,2024-08-16,2025-05-25,33,2813.0,0.0,3.0,0.0,0.0959829363668681,premier-league,33.0,33.0,1.0,2813.0,1.6990829594433308,2.5788643723353744,COMPLETE,Understat,soccerdata,1.9.1,True,0.054360990526093,0.0825089916495498,2024-07-09,2025-12-07,premier-league,,,ELIGIBLE,0.052007,0.583333
357565,Rodri,Midfield,Defensive Midfield,2024,2024-07-09,2025-12-07,GB1,premier-league,first_tier,domestic_league,England,europa,TOP_LEAGUE,2024-09-14,2025-05-20,3,73.0,0.0,0.0,0.0,0.0,premier-league,3.0,3.0,1.0,73.0,0.0,0.0520608685910701,COMPLETE,Understat,soccerdata,1.9.1,True,0.0,0.0641846325095385,2024-07-09,2025-12-07,premier-league,,,INSUFFICIENT_MINUTES,,
357658,Mark Travers,Goalkeeper,Goalkeeper,2024,2024-07-09,2025-12-07,GB1,premier-league,first_tier,domestic_league,England,europa,TOP_LEAGUE,2024-09-14,2025-01-14,5,450.0,0.0,0.0,0.0,0.0,premier-league,5.0,5.0,1.0,450.0,0.0,0.0,COMPLETE,Understat,soccerdata,1.9.1,True,0.0,0.0,2024-07-09,2025-12-07,premier-league,,,INSUFFICIENT_MINUTES,,
357662,Declan Rice,Midfield,Central Midfield,2024,2024-07-09,2025-12-07,GB1,premier-league,first_tier,domestic_league,England,europa,TOP_LEAGUE,2024-08-17,2025-05-25,35,2833.0,4.0,7.0,0.1270737733851041,0.2223791034239322,premier-league,35.0,35.0,1.0,2833.0,3.6269928105175495,9.060594327747822,COMPLETE,Understat,soccerdata,1.9.1,True,0.1152239156182772,0.2878409775846466,2024-07-09,2025-12-07,premier-league,,,ELIGIBLE,0.174733,0.742268
361093,Sven Botman,Defender,Centre-Back,2024,2024-07-09,2025-12-07,GB1,premier-league,first_tier,domestic_league,England,europa,TOP_LEAGUE,2025-01-04,2025-05-25,8,415.0,0.0,0.0,0.0,0.0,premier-league,8.0,8.0,1.0,415.0,0.7963292263448238,0.6542200557887554,COMPLETE,Understat,soccerdata,1.9.1,True,0.172697904508516,0.1418790482433445,2024-07-09,2025-12-07,premier-league,,,INSUFFICIENT_MINUTES,,
363205,Gabriel Jesus,Attack,Centre-Forward,2024,2024-07-09,2025-12-07,GB1,premier-league,first_tier,domestic_league,England,europa,TOP_LEAGUE,2024-08-17,2025-01-04,17,603.0,3.0,0.0,0.4477611940298507,0.0,premier-league,17.0,17.0,1.0,603.0,3.375023730099201,0.5535630472004414,COMPLETE,Understat,soccerdata,1.9.1,True,0.503734885089433,0.082621350328424,2024-07-09,2025-12-07,premier-league,,,INSUFFICIENT_MINUTES,,
365172,Patson Daka,Attack,Centre-Forward,2024,2024-07-09,2025-12-07,GB1,premier-league,first_tier,domestic_league,England,europa,TOP_LEAGUE,2024-11-23,2025-05-25,23,721.0,1.0,0.0,0.1248266296809986,0.0,premier-league,23.0,23.0,1.0,721.0,1.767653119750321,0.0259240753948688,COMPLETE,Understat,soccerdata,1.9.1,True,0.2206501813835352,0.0032360149591375,2024-07-09,2025-12-07,premier-league,,,INSUFFICIENT_MINUTES,,
369316,Ferdi Kadıoğlu,Defender,Left-Back,2024,2024-07-09,2025-12-07,GB1,premier-league,first_tier,domestic_league,England,europa,TOP_LEAGUE,2024-09-14,2024-11-02,6,387.0,1.0,0.0,0.2325581395348837,0.0,premier-league,6.0,6.0,1.0,387.0,0.6023932620882988,0.1645598961040377,COMPLETE,Understat,soccerdata,1.9.1,True,0.1400914562996043,0.0382697432800087,2024-07-09,2025-12-07,premier-league,,,INSUFFICIENT_MINUTES,,
371021,Arijanet Murić,Goalkeeper,Goalkeeper,2024,2024-07-09,2025-12-07,GB1,premier-league,first_tier,domestic_league,England,europa,TOP_LEAGUE,2024-08-24,2025-02-01,18,1620.0,0.0,0.0,0.0,0.0,premier-league,18.0,18.0,1.0,1620.0,0.0,0.0,COMPLETE,Understat,soccerdata,1.9.1,True,0.0,0.0,2024-07-09,2025-12-07,premier-league,,,ELIGIBLE,0.0,0.211538
372246,Carlos Soler,Midfield,Central Midfield,2024,2024-07-09,2025-12-07,GB1,premier-league,first_tier,domestic_league,England,europa,TOP_LEAGUE,2024-09-14,2025-05-18,31,1404.0,1.0,1.0,0.0641025641025641,0.0641025641025641,premier-league,31.0,31.0,1.0,1404.0,2.29219813644886,1.0893699526786804,COMPLETE,Understat,soccerdata,1.9.1,True,0.146935777977491,0.0698314072229923,2024-07-09,2025-12-07,premier-league,,,ELIGIBLE,0.090098,0.43299
375885,Ibrahim Sangaré,Midfield,Defensive Midfield,2024,2024-07-09,2025-12-07,GB1,premier-league,first_tier,domestic_league,England,europa,TOP_LEAGUE,2024-08-17,2025-05-25,13,590.0,0.0,1.0,0.0,0.1525423728813559,premier-league,13.0,13.0,1.0,590.0,0.0163659416139125,0.7156692324206233,COMPLETE,Understat,soccerdata,1.9.1,True,0.0024964995682239,0.1091698829116205,2024-07-09,2025-12-07,premier-league,,,INSUFFICIENT_MINUTES,,
378710,Richarlison,Attack,Centre-Forward,2024,2024-07-09,2025-12-07,GB1,premier-league,first_tier,domestic_league,England,europa,TOP_LEAGUE,2024-08-19,2025-05-25,15,500.0,4.0,1.0,0.72,0.18,premier-league,15.0,15.0,1.0,500.0,4.302900910377502,0.8242609575390816,COMPLETE,Understat,soccerdata,1.9.1,True,0.7745221638679505,0.1483669723570347,2024-07-09,2025-12-07,premier-league,,,INSUFFICIENT_MINUTES,,
380350,Igor Julio,Defender,Centre-Back,2024,2024-07-09,2025-12-07,GB1,premier-league,first_tier,domestic_league,England,europa,TOP_LEAGUE,2024-09-28,2025-05-25,13,960.0,0.0,0.0,0.0,0.0,premier-league,13.0,13.0,1.0,960.0,0.0835000127553939,0.1427631359547376,COMPLETE,Understat,soccerdata,1.9.1,True,0.0078281261958181,0.0133840439957566,2024-07-09,2025-12-07,premier-league,,,ELIGIBLE,0.005025,0.033333
384461,Jakub Moder,Midfield,Central Midfield,2024,2024-07-09,2025-12-07,GB1,premier-league,first_tier,domestic_league,England,europa,TOP_LEAGUE,2024-11-02,2025-01-16,4,9.0,0.0,0.0,0.0,0.0,premier-league,4.0,4.0,1.0,9.0,0.0,0.2036565337330103,COMPLETE,Understat,soccerdata,1.9.1,True,0.0,2.036565337330103,2024-07-09,2025-12-07,premier-league,,,INSUFFICIENT_MINUTES,,
385848,George Edmundson,Defender,Centre-Back,2024,2024-07-09,2025-12-07,GB1,premier-league,first_tier,domestic_league,England,europa,TOP_LEAGUE,2024-08-24,2024-08-24,1,1.0,0.0,0.0,0.0,0.0,premier-league,1.0,1.0,1.0,1.0,0.0,0.0,COMPLETE,Understat,soccerdata,1.9.1,True,0.0,0.0,2024-07-09,2025-12-07,premier-league,,,INSUFFICIENT_MINUTES,,
386047,Axel Disasi,Defender,Centre-Back,2024,2024-07-09,2025-12-07,GB1,premier-league,first_tier,domestic_league,England,europa,TOP_LEAGUE,2024-09-14,2025-04-22,13,852.0,1.0,0.0,0.1056338028169014,0.0,premier-league,13.0,13.0,1.0,852.0,0.6244775578379631,0.3375391270965338,COMPLETE,Understat,soccerdata,1.9.1,True,0.0659659392082355,0.0356555415947042,2024-07-09,2025-12-07,premier-league,,,INSUFFICIENT_MINUTES,,
387626,Leon Bailey,Attack,Right Winger,2024,2024-07-09,2025-12-07,GB1,premier-league,first_tier,domestic_league,England,europa,TOP_LEAGUE,2024-08-17,2025-05-16,24,1144.0,1.0,2.0,0.0786713286713286,0.1573426573426573,premier-league,24.0,24.0,1.0,1144.0,2.867841899394989,2.372280452400446,COMPLETE,Understat,soccerdata,1.9.1,True,0.2256169326447106,0.1866304551713637,2024-07-09,2025-12-07,premier-league,,,ELIGIBLE,0.160081,0.089744
388165,Yoane Wissa,Attack,Centre-Forward,2024,2024-07-09,2025-12-07,GB1,premier-league,first_tier,domestic_league,England,europa,TOP_LEAGUE,2024-08-18,2025-05-25,35,2929.0,19.0,5.0,0.5838170023898942,0.1536360532604984,premier-league,35.0,35.0,1.0,2929.0,20.731059528887272,3.4494741149246693,COMPLETE,Understat,soccerdata,1.9.1,True,0.6370076331853378,0.1059927177682554,2024-07-09,2025-12-07,premier-league,,,ELIGIBLE,0.418173,0.910256
391005,Mads Roerslev,Defender,Right-Back,2024,2024-07-09,2025-12-07,GB1,premier-league,first_tier,domestic_league,England,europa,TOP_LEAGUE,2024-08-18,2025-01-26,19,1097.0,0.0,2.0,0.0,0.1640838650865998,premier-league,19.0,19.0,1.0,1097.0,0.2219500774517655,2.790492530912161,COMPLETE,Understat,soccerdata,1.9.1,True,0.0182092132822779,0.2289373999836777,2024-07-09,2025-12-07,premier-league,,,ELIGIBLE,0.084067,0.858333
392591,Chiedozie Ogbene,Attack,Right Winger,2024,2024-07-09,2025-12-07,GB1,premier-league,first_tier,domestic_league,England,europa,TOP_LEAGUE,2024-08-31,2024-10-26,5,239.0,0.0,0.0,0.0,0.0,premier-league,5.0,5.0,1.0,239.0,0.0,0.0733897127211093,COMPLETE,Understat,soccerdata,1.9.1,True,0.0,0.0276362934933047,2024-07-09,2025-12-07,premier-league,,,INSUFFICIENT_MINUTES,,
392757,Marc Guéhi,Defender,Centre-Back,2024,2024-07-09,2025-12-07,GB1,premier-league,first_tier,domestic_league,England,europa,TOP_LEAGUE,2024-08-18,2025-05-11,34,3060.0,3.0,2.0,0.088235294117647,0.0588235294117647,premier-league,34.0,34.0,1.0,3060.0,2.960845593363046,2.1349100805819035,COMPLETE,Understat,soccerdata,1.9.1,True,0.0870836939224425,0.0627914729582912,2024-07-09,2025-12-07,premier-league,,,ELIGIBLE,0.076919,0.775
392765,Emile Smith Rowe,Midfield,Attacking Midfield,2024,2024-07-09,2025-12-07,GB1,premier-league,first_tier,domestic_league,England,europa,TOP_LEAGUE,2024-08-16,2025-05-25,34,2060.0,6.0,3.0,0.2621359223300971,0.1310679611650485,premier-league,34.0,34.0,1.0,2060.0,5.261677466332912,2.434781737625599,COMPLETE,Understat,soccerdata,1.9.1,True,0.2298791126067777,0.1063739594108271,2024-07-09,2025-12-07,premier-league,,,ELIGIBLE,0.195093,0.804124
392768,Callum Hudson-Odoi,Attack,Left Winger,2024,2024-07-09,2025-12-07,GB1,premier-league,first_tier,domestic_league,England,europa,TOP_LEAGUE,2024-08-17,2025-05-25,31,2205.0,5.0,3.0,0.2040816326530612,0.1224489795918367,premier-league,31.0,31.0,1.0,2205.0,2.5114910937845707,2.9465562608093023,COMPLETE,Understat,soccerdata,1.9.1,True,0.1025098405626355,0.1202676024820123,2024-07-09,2025-12-07,premier-league,,,ELIGIBLE,0.140521,0.076923
392775,Ryan Sessegnon,Defender,Left-Back,2024,2024-07-09,2025-12-07,GB1,premier-league,first_tier,domestic_league,England,europa,TOP_LEAGUE,2024-12-01,2025-05-25,16,580.0,4.0,2.0,0.6206896551724138,0.3103448275862069,premier-league,16.0,16.0,1.0,580.0,2.481840554624796,1.3141173049807549,COMPLETE,Understat,soccerdata,1.9.1,True,0.3851131895107442,0.2039147542211516,2024-07-09,2025-12-07,premier-league,,,INSUFFICIENT_MINUTES,,
394327,Boubacar Kamara,Midfield,Defensive Midfield,2024,2024-07-09,2025-12-07,GB1,premier-league,first_tier,domestic_league,England,europa,TOP_LEAGUE,2024-10-26,2025-05-25,26,1728.0,1.0,0.0,0.0520833333333333,0.0,premier-league,26.0,26.0,1.0,1728.0,0.7928520627319813,0.901398416608572,COMPLETE,Understat,soccerdata,1.9.1,True,0.0412943782672906,0.0469478341983631,2024-07-09,2025-12-07,premier-league,,,ELIGIBLE,0.037403,0.164948
397033,Sandro Tonali,Midfield,Defensive Midfield,2024,2024-07-09,2025-12-07,GB1,premier-league,first_tier,domestic_league,England,europa,TOP_LEAGUE,2024-09-01,2025-05-25,36,2629.0,4.0,2.0,0.1369341955116013,0.0684670977558006,premier-league,36.0,36.0,1.0,2629.0,4.238380494527519,2.1789364712312818,COMPLETE,Understat,soccerdata,1.9.1,True,0.1450948058225472,0.0745927281897357,2024-07-09,2025-12-07,premier-league,,,ELIGIBLE,0.113221,0.56701
398065,Harvey Barnes,Attack,Left Winger,2024,2024-07-09,2025-12-07,GB1,premier-league,first_tier,domestic_league,England,europa,TOP_LEAGUE,2024-08-17,2025-05-25,33,1754.0,9.0,5.0,0.4618015963511973,0.2565564424173318,premier-league,33.0,33.0,1.0,1754.0,7.695071091875434,4.351620296947658,COMPLETE,Understat,soccerdata,1.9.1,True,0.3948440126960029,0.2232872444271888,2024-07-09,2025-12-07,premier-league,,,ELIGIBLE,0.352962,0.782051
399434,Marcus Tavernier,Midfield,Attacking Midfield,2024,2024-07-09,2025-12-07,GB1,premier-league,first_tier,domestic_league,England,europa,TOP_LEAGUE,2024-08-17,2025-05-25,29,1940.0,3.0,6.0,0.1391752577319587,0.2783505154639175,premier-league,29.0,29.0,1.0,1940.0,6.411486806347966,5.201899139210582,COMPLETE,Understat,soccerdata,1.9.1,True,0.2974401095728438,0.241325217798429,2024-07-09,2025-12-07,premier-league,,,ELIGIBLE,0.23492,0.886598
399776,Pau Torres,Defender,Centre-Back,2024,2024-07-09,2025-12-07,GB1,premier-league,first_tier,domestic_league,England,europa,TOP_LEAGUE,2024-08-17,2025-05-25,24,2020.0,0.0,0.0,0.0,0.0,premier-league,24.0,24.0,1.0,2020.0,0.3871210906654596,0.1446397490799427,COMPLETE,Understat,soccerdata,1.9.1,True,0.0172479693860848,0.006444345256037,2024-07-09,2025-12-07,premier-league,,,ELIGIBLE,0.006463,0.05
400536,Mads Hermansen,Goalkeeper,Goalkeeper,2024,2024-07-09,2025-12-07,GB1,premier-league,first_tier,domestic_league,England,europa,TOP_LEAGUE,2024-08-19,2025-04-26,27,2385.0,0.0,0.0,0.0,0.0,premier-league,27.0,27.0,1.0,2385.0,0.0,0.0,COMPLETE,Understat,soccerdata,1.9.1,True,0.0,0.0,2024-07-09,2025-12-07,premier-league,,,ELIGIBLE,0.0,0.211538
401173,Jadon Sancho,Attack,Left Winger,2024,2024-07-09,2025-12-07,GB1,premier-league,first_tier,domestic_league,England,europa,TOP_LEAGUE,2024-09-14,2025-05-25,31,1765.0,3.0,5.0,0.1529745042492918,0.254957507082153,premier-league,31.0,31.0,1.0,1765.0,2.4174315705895424,4.314331844449043,COMPLETE,Understat,soccerdata,1.9.1,True,0.1232684653558406,0.219994258357175,2024-07-09,2025-12-07,premier-league,,,ELIGIBLE,0.177863,0.179487
401320,Dara O'Shea,Defender,Centre-Back,2024,2024-07-09,2025-12-07,GB1,premier-league,first_tier,domestic_league,England,europa,TOP_LEAGUE,2024-09-14,2025-05-25,35,3123.0,0.0,2.0,0.0,0.0576368876080691,premier-league,35.0,35.0,1.0,3123.0,1.564998717047274,0.7030826602131128,COMPLETE,Understat,soccerdata,1.9.1,True,0.045100827580613,0.0202617481329427,2024-07-09,2025-12-07,premier-league,,,ELIGIBLE,0.02911,0.291667
401356,Edson Álvarez,Midfield,Defensive Midfield,2024,2024-07-09,2025-12-07,GB1,premier-league,first_tier,domestic_league,England,europa,TOP_LEAGUE,2024-08-24,2025-05-25,28,1782.0,0.0,1.0,0.0,0.0505050505050505,premier-league,28.0,28.0,1.0,1782.0,0.319299204275012,0.7971771331503987,COMPLETE,Understat,soccerdata,1.9.1,True,0.0161262224381319,0.0402614713712322,2024-07-09,2025-12-07,premier-league,,,ELIGIBLE,0.022991,0.082474
403151,Robert Sánchez,Goalkeeper,Goalkeeper,2024,2024-07-09,2025-12-07,GB1,premier-league,first_tier,domestic_league,England,europa,TOP_LEAGUE,2024-08-18,2025-05-25,32,2880.0,0.0,0.0,0.0,0.0,premier-league,32.0,32.0,1.0,2880.0,0.0,0.0161880310624837,COMPLETE,Understat,soccerdata,1.9.1,True,0.0,0.0005058759707026,2024-07-09,2025-12-07,premier-league,,,ELIGIBLE,0.000101,0.423077
404842,Vitaliy Mykolenko,Defender,Left-Back,2024,2024-07-09,2025-12-07,GB1,premier-league,first_tier,domestic_league,England,europa,TOP_LEAGUE,2024-08-17,2025-05-25,35,3084.0,1.0,2.0,0.0291828793774319,0.0583657587548638,premier-league,35.0,35.0,1.0,3084.0,0.6015322427265346,3.0272322706878185,COMPLETE,Understat,soccerdata,1.9.1,True,0.0175544428811245,0.0883433542029518,2024-07-09,2025-12-07,premier-league,,,ELIGIBLE,0.043363,0.475
405385,Yukinari Sugawara,Defender,Right-Back,2024,2024-07-09,2025-12-07,GB1,premier-league,first_tier,domestic_league,England,europa,TOP_LEAGUE,2024-08-17,2025-05-25,30,1557.0,1.0,1.0,0.0578034682080924,0.0578034682080924,premier-league,30.0,30.0,1.0,1557.0,0.4496091231703758,3.2835169788450003,COMPLETE,Understat,soccerdata,1.9.1,True,0.0259889666572471,0.1897986692973988,2024-07-09,2025-12-07,premier-league,,,ELIGIBLE,0.074658,0.741667
406634,Matt O'Riley,Midfield,Central Midfield,2024,2024-07-09,2025-12-07,GB1,premier-league,first_tier,domestic_league,England,europa,TOP_LEAGUE,2024-11-09,2025-05-25,21,938.0,2.0,3.0,0.1918976545842217,0.2878464818763326,premier-league,21.0,21.0,1.0,938.0,3.061050277203321,2.4148010704666376,COMPLETE,Understat,soccerdata,1.9.1,True,0.2937041843798496,0.2316973308550078,2024-07-09,2025-12-07,premier-league,,,ELIGIBLE,0.249589,0.907216
406635,Phil Foden,Midfield,Attacking Midfield,2024,2024-07-09,2025-12-07,GB1,premier-league,first_tier,domestic_league,England,europa,TOP_LEAGUE,2024-08-18,2025-05-25,28,1781.0,7.0,2.0,0.3537338573834924,0.1010668163952835,premier-league,28.0,28.0,1.0,1781.0,6.184084575623274,5.382284659892321,COMPLETE,Understat,soccerdata,1.9.1,True,0.3125028701887112,0.2719851877542441,2024-07-09,2025-12-07,premier-league,,,ELIGIBLE,0.274481,0.927835
406638,Oliver Skipp,Midfield,Defensive Midfield,2024,2024-07-09,2025-12-07,GB1,premier-league,first_tier,domestic_league,England,europa,TOP_LEAGUE,2024-08-24,2025-05-25,24,1122.0,0.0,0.0,0.0,0.0,premier-league,24.0,24.0,1.0,1122.0,0.2431342415511608,0.3397108828648925,COMPLETE,Understat,soccerdata,1.9.1,True,0.0195027466484888,0.0272495360586812,2024-07-09,2025-12-07,premier-league,,,ELIGIBLE,0.011301,0.051546
410225,Ismaïla Sarr,Attack,Right Winger,2024,2024-07-09,2025-12-07,GB1,premier-league,first_tier,domestic_league,England,europa,TOP_LEAGUE,2024-08-18,2025-05-25,38,2721.0,8.0,7.0,0.2646085997794928,0.2315325248070562,premier-league,38.0,38.0,1.0,2721.0,12.308559328317642,10.056549122557044,COMPLETE,Understat,soccerdata,1.9.1,True,0.4071188311461183,0.3326311727416883,2024-07-09,2025-12-07,premier-league,,,ELIGIBLE,0.314351,0.602564
410425,Yves Bissouma,Midfield,Defensive Midfield,2024,2024-07-09,2025-12-07,GB1,premier-league,first_tier,domestic_league,England,europa,TOP_LEAGUE,2024-08-24,2025-05-25,28,1406.0,2.0,0.0,0.1280227596017069,0.0,premier-league,28.0,28.0,1.0,1406.0,0.4450572794303298,0.292962247505784,COMPLETE,Understat,soccerdata,1.9.1,True,0.0284887305467494,0.0187529176924043,2024-07-09,2025-12-07,premier-league,,,ELIGIBLE,0.050704,0.247423
413039,Bryan Mbeumo,Attack,Right Winger,2024,2024-07-09,2025-12-07,GB1,premier-league,first_tier,domestic_league,England,europa,TOP_LEAGUE,2024-08-18,2025-05-25,38,3417.0,20.0,8.0,0.5267778753292361,0.2107111501316944,premier-league,38.0,38.0,1.0,3417.0,13.63216146454215,10.376488702371716,COMPLETE,Understat,soccerdata,1.9.1,True,0.3590560526218301,0.2733052336006598,2024-07-09,2025-12-07,premier-league,,,ELIGIBLE,0.362553,0.846154
413220,James Justin,Defender,Right-Back,2024,2024-07-09,2025-12-07,GB1,premier-league,first_tier,domestic_league,England,europa,TOP_LEAGUE,2024-08-19,2025-05-25,36,2921.0,2.0,2.0,0.061622731941116,0.061622731941116,premier-league,36.0,36.0,1.0,2921.0,2.046646734699607,0.9606930930167435,COMPLETE,Understat,soccerdata,1.9.1,True,0.0630599815552771,0.0296002664743262,2024-07-09,2025-12-07,premier-league,,,ELIGIBLE,0.055649,0.591667
413403,Ezri Konsa,Defender,Centre-Back,2024,2024-07-09,2025-12-07,GB1,premier-league,first_tier,domestic_league,England,europa,TOP_LEAGUE,2024-08-17,2025-05-25,34,2937.0,2.0,0.0,0.0612870275791624,0.0,premier-league,34.0,34.0,1.0,2937.0,1.103471640497446,0.4107247851788997,COMPLETE,Understat,soccerdata,1.9.1,True,0.0338142484319952,0.0125860506183523,2024-07-09,2025-12-07,premier-league,,,ELIGIBLE,0.031048,0.325
413507,Nikola Milenković,Defender,Centre-Back,2024,2024-07-09,2025-12-07,GB1,premier-league,first_tier,domestic_league,England,europa,TOP_LEAGUE,2024-08-24,2025-05-25,37,3330.0,5.0,2.0,0.1351351351351351,0.054054054054054,premier-league,37.0,37.0,1.0,3330.0,4.571180831640959,1.043909177184105,COMPLETE,Understat,soccerdata,1.9.1,True,0.123545427882188,0.0282137615455163,2024-07-09,2025-12-07,premier-league,,,ELIGIBLE,0.094058,0.883333
414908,Marshall Munetsi,Midfield,Central Midfield,2024,2024-07-09,2025-12-07,GB1,premier-league,first_tier,domestic_league,England,europa,TOP_LEAGUE,2025-02-16,2025-05-25,14,1079.0,2.0,1.0,0.1668211306765523,0.0834105653382761,premier-league,14.0,14.0,1.0,1079.0,2.8331323377788067,1.988670129328966,COMPLETE,Understat,soccerdata,1.9.1,True,0.2363131699722823,0.1658760997586718,2024-07-09,2025-12-07,premier-league,,,ELIGIBLE,0.170798,0.731959
415381,Mats Wieffer,Defender,Right-Back,2024,2024-07-09,2025-12-07,GB1,premier-league,first_tier,domestic_league,England,europa,TOP_LEAGUE,2024-08-17,2025-05-25,25,1008.0,1.0,5.0,0.0892857142857142,0.4464285714285714,premier-league,25.0,25.0,1.0,1008.0,1.0993042346090078,1.0669435421004891,COMPLETE,Understat,soccerdata,1.9.1,True,0.0981521638043756,0.0952628162589722,2024-07-09,2025-12-07,premier-league,,,ELIGIBLE,0.16457,0.991667
415912,Konstantinos Mavropanos,Defender,Centre-Back,2024,2024-07-09,2025-12-07,GB1,premier-league,first_tier,domestic_league,England,europa,TOP_LEAGUE,2024-08-17,2025-05-25,33,2037.0,0.0,0.0,0.0,0.0,premier-league,33.0,33.0,1.0,2037.0,1.6612843237817287,0.6751785762608051,COMPLETE,Understat,soccerdata,1.9.1,True,0.0733998964852015,0.0298311594813315,2024-07-09,2025-12-07,premier-league,,,ELIGIBLE,0.027986,0.283333
417346,Jack Harrison,Attack,Left Winger,2024,2024-07-09,2025-12-07,GB1,premier-league,first_tier,domestic_league,England,europa,TOP_LEAGUE,2024-08-17,2025-05-25,34,2083.0,1.0,1.0,0.0432069131060969,0.0432069131060969,premier-league,34.0,34.0,1.0,2083.0,3.3758146427571774,3.650003883987665,COMPLETE,Understat,soccerdata,1.9.1,True,0.1458585299318991,0.1577054006523715,2024-07-09,2025-12-07,premier-league,,,ELIGIBLE,0.096902,0.025641
418560,Erling Haaland,Attack,Centre-Forward,2024,2024-07-09,2025-12-07,GB1,premier-league,first_tier,domestic_league,England,europa,TOP_LEAGUE,2024-08-18,2025-05-25,31,2743.0,22.0,3.0,0.7218374043018593,0.0984323733138899,premier-league,31.0,31.0,1.0,2743.0,23.95459282770753,3.5812273556366563,COMPLETE,Understat,soccerdata,1.9.1,True,0.7859691412663791,0.1175029026639807,2024-07-09,2025-12-07,premier-league,,,ELIGIBLE,0.495529,0.974359
420002,Jean-Philippe Mateta,Attack,Centre-Forward,2024,2024-07-09,2025-12-07,GB1,premier-league,first_tier,domestic_league,England,europa,TOP_LEAGUE,2024-08-18,2025-05-25,37,2656.0,14.0,2.0,0.4743975903614458,0.0677710843373494,premier-league,37.0,37.0,1.0,2656.0,15.83262430690229,3.85278513841331,COMPLETE,Understat,soccerdata,1.9.1,True,0.5364970585923216,0.1305537132745474,2024-07-09,2025-12-07,premier-league,,,ELIGIBLE,0.342933,0.75641
420243,Jurriën Timber,Defender,Right-Back,2024,2024-07-09,2025-12-07,GB1,premier-league,first_tier,domestic_league,England,europa,TOP_LEAGUE,2024-08-17,2025-04-23,30,2423.0,1.0,3.0,0.0371440363186132,0.1114321089558398,premier-league,30.0,30.0,1.0,2423.0,1.3132512997835877,1.1326866932213306,COMPLETE,Understat,soccerdata,1.9.1,True,0.0487794539746276,0.042072555670623,2024-07-09,2025-12-07,premier-league,,,ELIGIBLE,0.056478,0.608333
420808,George Hirst,Attack,Centre-Forward,2024,2024-07-09,2025-12-07,GB1,premier-league,first_tier,domestic_league,England,europa,TOP_LEAGUE,2024-09-14,2025-05-25,26,647.0,3.0,1.0,0.4173106646058732,0.1391035548686244,premier-league,26.0,26.0,1.0,647.0,2.7488116063177586,0.403658552095294,COMPLETE,Understat,soccerdata,1.9.1,True,0.3823694661029339,0.0561503395495772,2024-07-09,2025-12-07,premier-league,,,INSUFFICIENT_MINUTES,,
421637,Frank Onyeka,Midfield,Central Midfield,2024,2024-07-09,2025-12-07,GB1,premier-league,first_tier,domestic_league,England,europa,TOP_LEAGUE,2024-08-18,2024-08-25,2,23.0,0.0,0.0,0.0,0.0,premier-league,2.0,2.0,1.0,23.0,0.0,0.0,COMPLETE,Understat,soccerdata,1.9.1,True,0.0,0.0,2024-07-09,2025-12-07,premier-league,,,INSUFFICIENT_MINUTES,,
423744,Billy Gilmour,Midfield,Defensive Midfield,2024,2024-07-09,2025-12-07,GB1,premier-league,first_tier,domestic_league,England,europa,TOP_LEAGUE,2024-08-17,2024-08-24,2,98.0,0.0,0.0,0.0,0.0,premier-league,2.0,2.0,1.0,98.0,0.0845430567860603,0.0,COMPLETE,Understat,soccerdata,1.9.1,True,0.0776415827627084,0.0,2024-07-09,2025-12-07,premier-league,,,INSUFFICIENT_MINUTES,,
424015,Nathan Patterson,Defender,Right-Back,2024,2024-07-09,2025-12-07,GB1,premier-league,first_tier,domestic_league,England,europa,TOP_LEAGUE,2024-12-01,2025-05-03,10,345.0,0.0,1.0,0.0,0.2608695652173913,premier-league,10.0,10.0,1.0,345.0,0.0711022391915321,0.4205229729413986,COMPLETE,Understat,soccerdata,1.9.1,True,0.0185484102238779,0.1097016451151474,2024-07-09,2025-12-07,premier-league,,,INSUFFICIENT_MINUTES,,
425334,Matty Cash,Defender,Right-Back,2024,2024-07-09,2025-12-07,GB1,premier-league,first_tier,domestic_league,England,europa,TOP_LEAGUE,2024-08-17,2025-05-25,27,2077.0,1.0,1.0,0.0433317284545016,0.0433317284545016,premier-league,27.0,27.0,1.0,2077.0,0.4955384666100144,1.4866319708526134,COMPLETE,Understat,soccerdata,1.9.1,True,0.0214725382739052,0.0644183328727661,2024-07-09,2025-12-07,premier-league,,,ELIGIBLE,0.040991,0.45
425902,Ryan Yates,Midfield,Central Midfield,2024,2024-07-09,2025-12-07,GB1,premier-league,first_tier,domestic_league,England,europa,TOP_LEAGUE,2024-08-17,2025-05-25,35,1904.0,2.0,1.0,0.0945378151260504,0.0472689075630252,premier-league,35.0,35.0,1.0,1904.0,2.863330416381359,1.0837957467883823,COMPLETE,Understat,soccerdata,1.9.1,True,0.1353465007743289,0.0512298409721399,2024-07-09,2025-12-07,premier-league,,,ELIGIBLE,0.088665,0.42268
425918,Jakub Kiwior,Defender,Centre-Back,2024,2024-07-09,2025-12-07,GB1,premier-league,first_tier,domestic_league,England,europa,TOP_LEAGUE,2024-09-22,2025-05-25,17,1117.0,1.0,0.0,0.0805729632945389,0.0,premier-league,17.0,17.0,1.0,1117.0,0.2143479213118553,0.5097704380750656,COMPLETE,Understat,soccerdata,1.9.1,True,0.0172706471961208,0.0410737147956633,2024-07-09,2025-12-07,premier-league,,,ELIGIBLE,0.037568,0.4
426192,Ben Brereton Díaz,Attack,Centre-Forward,2024,2024-07-09,2025-12-07,GB1,premier-league,first_tier,domestic_league,England,europa,TOP_LEAGUE,2024-08-17,2024-12-07,10,448.0,0.0,0.0,0.0,0.0,premier-league,10.0,10.0,1.0,448.0,1.3112603276968002,0.1556207612156868,COMPLETE,Understat,soccerdata,1.9.1,True,0.2634228336890893,0.0312630993513656,2024-07-09,2025-12-07,premier-league,,,INSUFFICIENT_MINUTES,,
427568,Aaron Ramsdale,Goalkeeper,Goalkeeper,2024,2024-07-09,2025-12-07,GB1,premier-league,first_tier,domestic_league,England,europa,TOP_LEAGUE,2024-08-31,2025-05-25,30,2700.0,0.0,0.0,0.0,0.0,premier-league,30.0,30.0,1.0,2700.0,0.0,0.0,COMPLETE,Understat,soccerdata,1.9.1,True,0.0,0.0,2024-07-09,2025-12-07,premier-league,,,ELIGIBLE,0.0,0.211538
428016,Brandon Austin,Goalkeeper,Goalkeeper,2024,2024-07-09,2025-12-07,GB1,premier-league,first_tier,domestic_league,England,europa,TOP_LEAGUE,2025-01-04,2025-01-04,1,90.0,0.0,0.0,0.0,0.0,premier-league,1.0,1.0,1.0,90.0,0.0,0.0,COMPLETE,Understat,soccerdata,1.9.1,True,0.0,0.0,2024-07-09,2025-12-07,premier-league,,,INSUFFICIENT_MINUTES,,
429014,Morgan Gibbs-White,Midfield,Attacking Midfield,2024,2024-07-09,2025-12-07,GB1,premier-league,first_tier,domestic_league,England,europa,TOP_LEAGUE,2024-08-17,2025-05-25,34,2824.0,7.0,10.0,0.2230878186968838,0.3186968838526912,premier-league,34.0,34.0,1.0,2824.0,6.140304567292333,6.105838568881154,COMPLETE,Understat,soccerdata,1.9.1,True,0.1956895931502514,0.1945911725209999,2024-07-09,2025-12-07,premier-league,,,ELIGIBLE,0.228291,0.85567
429983,Jørgen Strand Larsen,Attack,Centre-Forward,2024,2024-07-09,2025-12-07,GB1,premier-league,first_tier,domestic_league,England,europa,TOP_LEAGUE,2024-08-17,2025-05-25,35,2603.0,14.0,4.0,0.4840568574721475,0.1383019592777564,premier-league,35.0,35.0,1.0,2603.0,11.689683858305216,3.358626527711749,COMPLETE,Understat,soccerdata,1.9.1,True,0.4041765452352936,0.1161261573161957,2024-07-09,2025-12-07,premier-league,,,ELIGIBLE,0.317356,0.615385
430310,Andrew Irving,Midfield,Central Midfield,2024,2024-07-09,2025-12-07,GB1,premier-league,first_tier,domestic_league,England,europa,TOP_LEAGUE,2024-09-21,2025-02-27,10,162.0,0.0,0.0,0.0,0.0,premier-league,10.0,10.0,1.0,162.0,0.1081755189225077,0.2821362912654876,COMPLETE,Understat,soccerdata,1.9.1,True,0.0600975105125043,0.156742384036382,2024-07-09,2025-12-07,premier-league,,,INSUFFICIENT_MINUTES,,
431755,Dejan Kulusevski,Midfield,Attacking Midfield,2024,2024-07-09,2025-12-07,GB1,premier-league,first_tier,domestic_league,England,europa,TOP_LEAGUE,2024-08-19,2025-05-11,32,2391.0,7.0,4.0,0.2634880803011292,0.1505646173149309,premier-league,32.0,32.0,1.0,2391.0,5.52329240180552,6.502650566399097,COMPLETE,Understat,soccerdata,1.9.1,True,0.2079031016990785,0.2447672735156498,2024-07-09,2025-12-07,premier-league,,,ELIGIBLE,0.220484,0.835052
433177,Bukayo Saka,Attack,Right Winger,2024,2024-07-09,2025-12-07,GB1,premier-league,first_tier,domestic_league,England,europa,TOP_LEAGUE,2024-08-17,2025-05-25,25,1736.0,6.0,11.0,0.3110599078341013,0.5702764976958525,premier-league,25.0,25.0,1.0,1736.0,8.94342190399766,11.583731275051832,COMPLETE,Understat,soccerdata,1.9.1,True,0.4636566655298326,0.6005390637987701,2024-07-09,2025-12-07,premier-league,,,ELIGIBLE,0.466578,0.961538
433183,Tommy Doyle,Midfield,Central Midfield,2024,2024-07-09,2025-12-07,GB1,premier-league,first_tier,domestic_league,England,europa,TOP_LEAGUE,2024-08-25,2025-03-15,24,476.0,0.0,1.0,0.0,0.1890756302521008,premier-league,24.0,24.0,1.0,476.0,0.3624565312638879,0.3475889293476939,COMPLETE,Understat,soccerdata,1.9.1,True,0.0685316970877099,0.0657205958850681,2024-07-09,2025-12-07,premier-league,,,INSUFFICIENT_MINUTES,,
433188,Curtis Jones,Midfield,Central Midfield,2024,2024-07-09,2025-12-07,GB1,premier-league,first_tier,domestic_league,England,europa,TOP_LEAGUE,2024-09-14,2025-05-25,33,1711.0,3.0,4.0,0.1578024547048509,0.2104032729398013,premier-league,33.0,33.0,1.0,1711.0,4.570292007178068,1.7505743531510234,COMPLETE,Understat,soccerdata,1.9.1,True,0.2404010991502198,0.0920816433568627,2024-07-09,2025-12-07,premier-league,,,ELIGIBLE,0.179958,0.773196
434224,Maxence Lacroix,Defender,Centre-Back,2024,2024-07-09,2025-12-07,GB1,premier-league,first_tier,domestic_league,England,europa,TOP_LEAGUE,2024-09-14,2025-05-25,35,3119.0,1.0,1.0,0.0288554023725553,0.0288554023725553,premier-league,35.0,35.0,1.0,3119.0,2.7525001103058457,1.6881468072533607,COMPLETE,Understat,soccerdata,1.9.1,True,0.079424498213378,0.0487121553872402,2024-07-09,2025-12-07,premier-league,,,ELIGIBLE,0.047997,0.533333
434675,Cody Gakpo,Attack,Left Winger,2024,2024-07-09,2025-12-07,GB1,premier-league,first_tier,domestic_league,England,europa,TOP_LEAGUE,2024-08-17,2025-05-25,35,1938.0,10.0,5.0,0.4643962848297213,0.2321981424148606,premier-league,35.0,35.0,1.0,1938.0,8.601265830919147,6.257204940542579,COMPLETE,Understat,soccerdata,1.9.1,True,0.3994395896711678,0.2905822727806151,2024-07-09,2025-12-07,premier-league,,,ELIGIBLE,0.363707,0.858974
435338,Gabriel,Defender,Centre-Back,2024,2024-07-09,2025-12-07,GB1,premier-league,first_tier,domestic_league,England,europa,TOP_LEAGUE,2024-08-17,2025-04-01,28,2365.0,3.0,3.0,0.1141649048625792,0.1141649048625792,premier-league,28.0,28.0,1.0,2365.0,4.300341751426458,1.2210565768182278,COMPLETE,Understat,soccerdata,1.9.1,True,0.1636493689760597,0.0464672693080932,2024-07-09,2025-12-07,premier-league,,,ELIGIBLE,0.115471,0.941667
435648,Joshua Zirkzee,Attack,Centre-Forward,2024,2024-07-09,2025-12-07,GB1,premier-league,first_tier,domestic_league,England,europa,TOP_LEAGUE,2024-08-16,2025-04-13,32,1394.0,3.0,2.0,0.1936872309899569,0.1291248206599713,premier-league,32.0,32.0,1.0,1394.0,5.218384485691786,2.009757675230503,COMPLETE,Understat,soccerdata,1.9.1,True,0.3369114804248642,0.1297547996920698,2024-07-09,2025-12-07,premier-league,,,ELIGIBLE,0.210956,0.24359
438001,Santiago Bueno,Defender,Centre-Back,2024,2024-07-09,2025-12-07,GB1,premier-league,first_tier,domestic_league,England,europa,TOP_LEAGUE,2024-09-21,2025-05-25,29,1682.0,0.0,0.0,0.0,0.0,premier-league,29.0,29.0,1.0,1682.0,0.3284060172736645,0.0,COMPLETE,Understat,soccerdata,1.9.1,True,0.0175722601394945,0.0,2024-07-09,2025-12-07,premier-league,,,ELIGIBLE,0.005272,0.041667
442248,Ethan Pinnock,Defender,Centre-Back,2024,2024-07-09,2025-12-07,GB1,premier-league,first_tier,domestic_league,England,europa,TOP_LEAGUE,2024-08-18,2025-04-02,22,1913.0,2.0,0.0,0.0940930475692629,0.0,premier-league,22.0,22.0,1.0,1913.0,0.9376051723957062,1.5102842152118685,COMPLETE,Understat,soccerdata,1.9.1,True,0.044111064043708,0.0710536222525186,2024-07-09,2025-12-07,premier-league,,,ELIGIBLE,0.055672,0.6
444211,Will Smallbone,Midfield,Central Midfield,2024,2024-07-09,2025-12-07,GB1,premier-league,first_tier,domestic_league,England,europa,TOP_LEAGUE,2024-08-17,2025-05-25,18,682.0,1.0,0.0,0.1319648093841642,0.0,premier-league,18.0,18.0,1.0,682.0,0.6896725203841925,0.5868444573134184,COMPLETE,Understat,soccerdata,1.9.1,True,0.091012502689996,0.0774428169475185,2024-07-09,2025-12-07,premier-league,,,INSUFFICIENT_MINUTES,,
444523,Lucas Paquetá,Midfield,Attacking Midfield,2024,2024-07-09,2025-12-07,GB1,premier-league,first_tier,domestic_league,England,europa,TOP_LEAGUE,2024-08-17,2025-05-25,33,2385.0,4.0,0.0,0.1509433962264151,0.0,premier-league,33.0,33.0,1.0,2385.0,5.13420026563108,2.733525102958083,COMPLETE,Understat,soccerdata,1.9.1,True,0.1937434062502294,0.1031518906776635,2024-07-09,2025-12-07,premier-league,,,ELIGIBLE,0.124036,0.587629
445939,Omar Marmoush,Attack,Centre-Forward,2024,2024-07-09,2025-12-07,GB1,premier-league,first_tier,domestic_league,England,europa,TOP_LEAGUE,2025-01-25,2025-05-25,16,1183.0,7.0,2.0,0.5325443786982249,0.1521555367709214,premier-league,16.0,16.0,1.0,1183.0,5.649778325110674,2.676836894825101,COMPLETE,Understat,soccerdata,1.9.1,True,0.4298225268469659,0.2036477772901598,2024-07-09,2025-12-07,premier-league,,,ELIGIBLE,0.359871,0.833333
447995,Ross Stewart,Attack,Centre-Forward,2024,2024-07-09,2025-12-07,GB1,premier-league,first_tier,domestic_league,England,europa,TOP_LEAGUE,2024-09-14,2025-05-25,12,385.0,1.0,0.0,0.2337662337662337,0.0,premier-league,12.0,12.0,1.0,385.0,0.8806956596672535,0.0,COMPLETE,Understat,soccerdata,1.9.1,True,0.2058769074546826,0.0,2024-07-09,2025-12-07,premier-league,,,INSUFFICIENT_MINUTES,,
450050,Jean-Ricner Bellegarde,Midfield,Central Midfield,2024,2024-07-09,2025-12-07,GB1,premier-league,first_tier,domestic_league,England,europa,TOP_LEAGUE,2024-08-17,2025-05-25,35,1684.0,2.0,7.0,0.1068883610451306,0.3741092636579572,premier-league,35.0,35.0,1.0,1684.0,1.7939026495441794,4.052603563293815,COMPLETE,Understat,soccerdata,1.9.1,True,0.0958736570421473,0.2165880764230661,2024-07-09,2025-12-07,premier-league,,,ELIGIBLE,0.178968,0.762887
451276,Dominik Szoboszlai,Midfield,Attacking Midfield,2024,2024-07-09,2025-12-07,GB1,premier-league,first_tier,domestic_league,England,europa,TOP_LEAGUE,2024-08-17,2025-05-25,36,2497.0,6.0,7.0,0.2162595114136964,0.2523027633159792,premier-league,36.0,36.0,1.0,2497.0,7.00856670551002,7.858418172225356,COMPLETE,Understat,soccerdata,1.9.1,True,0.2526115352406495,0.2832429457349948,2024-07-09,2025-12-07,premier-league,,,ELIGIBLE,0.24777,0.896907
458178,Jack Taylor,Midfield,Central Midfield,2024,2024-07-09,2025-12-07,GB1,premier-league,first_tier,domestic_league,England,europa,TOP_LEAGUE,2024-08-17,2025-05-25,32,838.0,1.0,0.0,0.107398568019093,0.0,premier-league,32.0,32.0,1.0,838.0,0.5857022814452648,0.7670453414320946,COMPLETE,Understat,soccerdata,1.9.1,True,0.0629035863127372,0.0823795712755232,2024-07-09,2025-12-07,premier-league,,,INSUFFICIENT_MINUTES,,
461833,Caleb Okoli,Defender,Centre-Back,2024,2024-07-09,2025-12-07,GB1,premier-league,first_tier,domestic_league,England,europa,TOP_LEAGUE,2024-08-31,2025-05-11,19,1124.0,1.0,0.0,0.0800711743772242,0.0,premier-league,19.0,19.0,1.0,1124.0,0.8699327614158392,0.0,COMPLETE,Understat,soccerdata,1.9.1,True,0.0696565378357878,0.0,2024-07-09,2025-12-07,premier-league,,,ELIGIBLE,0.044918,0.5
461883,Calvin Bassey,Defender,Centre-Back,2024,2024-07-09,2025-12-07,GB1,premier-league,first_tier,domestic_league,England,europa,TOP_LEAGUE,2024-08-16,2025-05-18,35,3074.0,1.0,0.0,0.029277813923227,0.0,premier-league,35.0,35.0,1.0,3074.0,1.1175763411447406,0.1130702113732695,COMPLETE,Understat,soccerdata,1.9.1,True,0.0327201921610366,0.0033104486088465,2024-07-09,2025-12-07,premier-league,,,ELIGIBLE,0.019261,0.166667
462250,João Félix,Attack,Second Striker,2024,2024-07-09,2025-12-07,GB1,premier-league,first_tier,domestic_league,England,europa,TOP_LEAGUE,2024-08-25,2025-01-20,12,363.0,1.0,1.0,0.2479338842975206,0.2479338842975206,premier-league,12.0,12.0,1.0,363.0,2.64809543825686,0.6843841634690762,COMPLETE,Understat,soccerdata,1.9.1,True,0.6565525879975685,0.1696820240005974,2024-07-09,2025-12-07,premier-league,,,INSUFFICIENT_MINUTES,,
463603,Benoît Badiashile,Defender,Centre-Back,2024,2024-07-09,2025-12-07,GB1,premier-league,first_tier,domestic_league,England,europa,TOP_LEAGUE,2024-10-20,2025-03-16,5,333.0,0.0,0.0,0.0,0.0,premier-league,5.0,5.0,1.0,333.0,0.0,0.0,COMPLETE,Understat,soccerdata,1.9.1,True,0.0,0.0,2024-07-09,2025-12-07,premier-league,,,INSUFFICIENT_MINUTES,,
466805,Nico González,Midfield,Defensive Midfield,2024,2024-07-09,2025-12-07,GB1,premier-league,first_tier,domestic_league,England,europa,TOP_LEAGUE,2025-02-15,2025-05-25,11,764.0,1.0,0.0,0.1178010471204188,0.0,premier-league,11.0,11.0,1.0,764.0,0.8193094208836555,0.0815559178590774,COMPLETE,Understat,soccerdata,1.9.1,True,0.0965155076957185,0.0096073725226661,2024-07-09,2025-12-07,premier-league,,,INSUFFICIENT_MINUTES,,
467563,Armel Bella-Kotchap,Defender,Centre-Back,2024,2024-07-09,2025-12-07,GB1,premier-league,first_tier,domestic_league,England,europa,TOP_LEAGUE,2025-02-22,2025-03-15,4,329.0,0.0,0.0,0.0,0.0,premier-league,4.0,4.0,1.0,329.0,0.2672498822212219,0.0,COMPLETE,Understat,soccerdata,1.9.1,True,0.0731078705164436,0.0,2024-07-09,2025-12-07,premier-league,,,INSUFFICIENT_MINUTES,,
468002,Ben Johnson,Defender,Right-Back,2024,2024-07-09,2025-12-07,GB1,premier-league,first_tier,domestic_league,England,europa,TOP_LEAGUE,2024-08-17,2025-05-10,23,1349.0,1.0,2.0,0.0667160859896219,0.1334321719792439,premier-league,23.0,23.0,1.0,1349.0,1.4644898548722267,2.1658401750028133,COMPLETE,Understat,soccerdata,1.9.1,True,0.0977050310885844,0.1444963793552655,2024-07-09,2025-12-07,premier-league,,,ELIGIBLE,0.104912,0.925
468066,Jens Cajuste,Midfield,Defensive Midfield,2024,2024-07-09,2025-12-07,GB1,premier-league,first_tier,domestic_league,England,europa,TOP_LEAGUE,2024-08-31,2025-05-25,30,1978.0,1.0,1.0,0.0455005055611729,0.0455005055611729,premier-league,30.0,30.0,1.0,1978.0,0.6125177554786205,0.6245124880224466,COMPLETE,Understat,soccerdata,1.9.1,True,0.0278698675394721,0.0284156339342872,2024-07-09,2025-12-07,premier-league,,,ELIGIBLE,0.036794,0.14433
468198,Joe Aribo,Midfield,Central Midfield,2024,2024-07-09,2025-12-07,GB1,premier-league,first_tier,domestic_league,England,europa,TOP_LEAGUE,2024-08-17,2025-05-18,32,2020.0,3.0,0.0,0.1336633663366336,0.0,premier-league,32.0,32.0,1.0,2020.0,2.926058968529105,1.7567494381219149,COMPLETE,Understat,soccerdata,1.9.1,True,0.1303689639443661,0.0782710145697882,2024-07-09,2025-12-07,premier-league,,,ELIGIBLE,0.094864,0.453608
469050,Nathan Collins,Defender,Centre-Back,2024,2024-07-09,2025-12-07,GB1,premier-league,first_tier,domestic_league,England,europa,TOP_LEAGUE,2024-08-18,2025-05-25,38,3420.0,2.0,5.0,0.0526315789473684,0.131578947368421,premier-league,38.0,38.0,1.0,3420.0,2.6544005731120706,1.9733586199581623,COMPLETE,Understat,soccerdata,1.9.1,True,0.0698526466608439,0.051930489998899,2024-07-09,2025-12-07,premier-league,,,ELIGIBLE,0.073447,0.725
469781,Marcos Senesi,Defender,Centre-Back,2024,2024-07-09,2025-12-07,GB1,premier-league,first_tier,domestic_league,England,europa,TOP_LEAGUE,2024-08-25,2025-05-25,17,1107.0,0.0,0.0,0.0,0.0,premier-league,17.0,17.0,1.0,1107.0,0.6511894948780537,0.2382868472486734,COMPLETE,Understat,soccerdata,1.9.1,True,0.0529422353559393,0.0193729144104612,2024-07-09,2025-12-07,premier-league,,,ELIGIBLE,0.019757,0.175
470596,Paris Maghoma,Midfield,Central Midfield,2024,2024-07-09,2025-12-07,GB1,premier-league,first_tier,domestic_league,England,europa,TOP_LEAGUE,2024-12-04,2025-04-02,8,112.0,0.0,0.0,0.0,0.0,premier-league,8.0,8.0,1.0,112.0,0.0355504304170608,0.1064981892704963,COMPLETE,Understat,soccerdata,1.9.1,True,0.0285673101565667,0.0855789020923631,2024-07-09,2025-12-07,premier-league,,,INSUFFICIENT_MINUTES,,
470607,Brennan Johnson,Attack,Right Winger,2024,2024-07-09,2025-12-07,GB1,premier-league,first_tier,domestic_league,England,europa,TOP_LEAGUE,2024-08-19,2025-05-25,33,2179.0,11.0,5.0,0.4543368517668655,0.2065167508031207,premier-league,33.0,33.0,1.0,2179.0,11.162618312984703,2.948688331991434,COMPLETE,Understat,soccerdata,1.9.1,True,0.4610535328906027,0.1217907066907889,2024-07-09,2025-12-07,premier-league,,,ELIGIBLE,0.340279,0.74359
471690,Max Aarons,Defender,Right-Back,2024,2024-07-09,2025-12-07,GB1,premier-league,first_tier,domestic_league,England,europa,TOP_LEAGUE,2024-11-23,2024-12-29,3,85.0,0.0,0.0,0.0,0.0,premier-league,3.0,3.0,1.0,85.0,0.0,0.0,COMPLETE,Understat,soccerdata,1.9.1,True,0.0,0.0,2024-07-09,2025-12-07,premier-league,,,INSUFFICIENT_MINUTES,,
472423,Reece James,Defender,Right-Back,2024,2024-07-09,2025-12-07,GB1,premier-league,first_tier,domestic_league,England,europa,TOP_LEAGUE,2024-10-20,2025-05-25,19,1063.0,1.0,1.0,0.0846660395108184,0.0846660395108184,premier-league,19.0,19.0,1.0,1063.0,0.5808683261275291,1.3240125216543674,COMPLETE,Understat,soccerdata,1.9.1,True,0.0491798206504963,0.112098896471207,2024-07-09,2025-12-07,premier-league,,,ELIGIBLE,0.079507,0.8
473050,Kevin Schade,Attack,Left Winger,2024,2024-07-09,2025-12-07,GB1,premier-league,first_tier,domestic_league,England,europa,TOP_LEAGUE,2024-08-18,2025-05-25,38,2301.0,11.0,2.0,0.4302477183833116,0.0782268578878748,premier-league,38.0,38.0,1.0,2301.0,9.467997699975967,3.714522727765143,COMPLETE,Understat,soccerdata,1.9.1,True,0.3703258552793729,0.1452877207730825,2024-07-09,2025-12-07,premier-league,,,ELIGIBLE,0.284875,0.5
474701,Crysencio Summerville,Attack,Left Winger,2024,2024-07-09,2025-12-07,GB1,premier-league,first_tier,domestic_league,England,europa,TOP_LEAGUE,2024-08-17,2025-01-04,19,780.0,1.0,1.0,0.1153846153846153,0.1153846153846153,premier-league,19.0,19.0,1.0,780.0,1.8140362668782477,2.1587705314159398,COMPLETE,Understat,soccerdata,1.9.1,True,0.20931187694749,0.2490889074710699,2024-07-09,2025-12-07,premier-league,,,INSUFFICIENT_MINUTES,,
475188,Kiernan Dewsbury-Hall,Midfield,Central Midfield,2024,2024-07-09,2025-12-07,GB1,premier-league,first_tier,domestic_league,England,europa,TOP_LEAGUE,2024-08-18,2025-05-25,13,258.0,0.0,1.0,0.0,0.3488372093023256,premier-league,13.0,13.0,1.0,258.0,0.0894354954361915,0.8056687042117119,COMPLETE,Understat,soccerdata,1.9.1,True,0.0311984286405319,0.2810472223994343,2024-07-09,2025-12-07,premier-league,,,INSUFFICIENT_MINUTES,,
475411,Wesley Fofana,Defender,Centre-Back,2024,2024-07-09,2025-12-07,GB1,premier-league,first_tier,domestic_league,England,europa,TOP_LEAGUE,2024-08-18,2025-03-16,14,1176.0,0.0,0.0,0.0,0.0,premier-league,14.0,14.0,1.0,1176.0,0.2047538962215185,0.5259660333395004,COMPLETE,Understat,soccerdata,1.9.1,True,0.0156699410373611,0.0402525025514923,2024-07-09,2025-12-07,premier-league,,,ELIGIBLE,0.012751,0.108333
475959,Josko Gvardiol,Defender,Centre-Back,2024,2024-07-09,2025-12-07,GB1,premier-league,first_tier,domestic_league,England,europa,TOP_LEAGUE,2024-08-18,2025-05-25,37,3280.0,5.0,0.0,0.1371951219512195,0.0,premier-league,37.0,37.0,1.0,3280.0,4.607429768890142,2.0648905243724585,COMPLETE,Understat,soccerdata,1.9.1,True,0.1264233778049124,0.0566585814614394,2024-07-09,2025-12-07,premier-league,,,ELIGIBLE,0.090417,0.866667
476701,Manuel Ugarte,Midfield,Defensive Midfield,2024,2024-07-09,2025-12-07,GB1,premier-league,first_tier,domestic_league,England,europa,TOP_LEAGUE,2024-09-14,2025-05-16,29,1792.0,1.0,2.0,0.0502232142857142,0.1004464285714285,premier-league,29.0,29.0,1.0,1792.0,1.087446665391326,1.616088747046888,COMPLETE,Understat,soccerdata,1.9.1,True,0.054615066900234,0.0811651714476673,2024-07-09,2025-12-07,premier-league,,,ELIGIBLE,0.067774,0.340206
477758,Aaron Wan-Bissaka,Defender,Right-Back,2024,2024-07-09,2025-12-07,GB1,premier-league,first_tier,domestic_league,England,europa,TOP_LEAGUE,2024-08-24,2025-05-25,36,3155.0,2.0,5.0,0.0570522979397781,0.1426307448494453,premier-league,36.0,36.0,1.0,3155.0,1.3520639296621084,4.088755523785949,COMPLETE,Understat,soccerdata,1.9.1,True,0.0385691770743549,0.1166364491729747,2024-07-09,2025-12-07,premier-league,,,ELIGIBLE,0.08054,0.816667
478573,Ryan Gravenberch,Midfield,Defensive Midfield,2024,2024-07-09,2025-12-07,GB1,premier-league,first_tier,domestic_league,England,europa,TOP_LEAGUE,2024-08-17,2025-05-25,37,3169.0,0.0,4.0,0.0,0.1136005048911328,premier-league,37.0,37.0,1.0,3169.0,1.3318934980779886,2.415423891507089,COMPLETE,Understat,soccerdata,1.9.1,True,0.0378259434607191,0.0685983434003275,2024-07-09,2025-12-07,premier-league,,,ELIGIBLE,0.047788,0.226804
479999,Eberechi Eze,Midfield,Attacking Midfield,2024,2024-07-09,2025-12-07,GB1,premier-league,first_tier,domestic_league,England,europa,TOP_LEAGUE,2024-08-18,2025-05-25,34,2603.0,8.0,8.0,0.2766039185555128,0.2766039185555128,premier-league,34.0,34.0,1.0,2603.0,9.876954596489668,7.019554221071303,COMPLETE,Understat,soccerdata,1.9.1,True,0.3415005430979908,0.2427045255076516,2024-07-09,2025-12-07,premier-league,,,ELIGIBLE,0.289293,0.958763
480116,Lloyd Kelly,Defender,Centre-Back,2024,2024-07-09,2025-12-07,GB1,premier-league,first_tier,domestic_league,England,europa,TOP_LEAGUE,2024-08-17,2025-02-01,10,301.0,0.0,1.0,0.0,0.2990033222591362,premier-league,10.0,10.0,1.0,301.0,0.2711419649422169,0.3751976788043976,COMPLETE,Understat,soccerdata,1.9.1,True,0.081072348321593,0.1121853524664311,2024-07-09,2025-12-07,premier-league,,,INSUFFICIENT_MINUTES,,
480692,Luis Díaz,Attack,Left Winger,2024,2024-07-09,2025-12-07,GB1,premier-league,first_tier,domestic_league,England,europa,TOP_LEAGUE,2024-08-17,2025-05-25,36,2413.0,13.0,7.0,0.48487360132615,0.2610857853294654,premier-league,36.0,36.0,1.0,2413.0,12.3563298471272,6.245185255073011,COMPLETE,Understat,soccerdata,1.9.1,True,0.460866011703874,0.2329327281212478,2024-07-09,2025-12-07,premier-league,,,ELIGIBLE,0.382526,0.897436
480762,Lisandro Martínez,Defender,Centre-Back,2024,2024-07-09,2025-12-07,GB1,premier-league,first_tier,domestic_league,England,europa,TOP_LEAGUE,2024-08-16,2025-02-02,20,1754.0,2.0,1.0,0.1026225769669327,0.0513112884834663,premier-league,20.0,20.0,1.0,1754.0,1.686713680624962,1.357606129720807,COMPLETE,Understat,soccerdata,1.9.1,True,0.0865474522555567,0.0696605197690266,2024-07-09,2025-12-07,premier-league,,,ELIGIBLE,0.080945,0.825
483348,Djed Spence,Defender,Left-Back,2024,2024-07-09,2025-12-07,GB1,premier-league,first_tier,domestic_league,England,europa,TOP_LEAGUE,2024-08-19,2025-05-25,25,1791.0,1.0,2.0,0.050251256281407,0.100502512562814,premier-league,25.0,25.0,1.0,1791.0,0.417020246386528,1.8481179997324944,COMPLETE,Understat,soccerdata,1.9.1,True,0.0209557912757049,0.0928702512428389,2024-07-09,2025-12-07,premier-league,,,ELIGIBLE,0.060037,0.658333
485585,Ian Maatsen,Defender,Left-Back,2024,2024-07-09,2025-12-07,GB1,premier-league,first_tier,domestic_league,England,europa,TOP_LEAGUE,2024-08-17,2025-05-25,29,1127.0,1.0,2.0,0.0798580301685891,0.1597160603371783,premier-league,29.0,29.0,1.0,1127.0,0.979834190569818,3.0338974483311176,COMPLETE,Understat,soccerdata,1.9.1,True,0.0782476283507396,0.2422810739572321,2024-07-09,2025-12-07,premier-league,,,ELIGIBLE,0.127831,0.958333
485706,Amadou Onana,Midfield,Defensive Midfield,2024,2024-07-09,2025-12-07,GB1,premier-league,first_tier,domestic_league,England,europa,TOP_LEAGUE,2024-08-17,2025-05-25,26,1624.0,3.0,0.0,0.1662561576354679,0.0,premier-league,26.0,26.0,1.0,1624.0,2.5780120696872477,0.6834856616333127,COMPLETE,Understat,soccerdata,1.9.1,True,0.1428701270146873,0.0378778999673633,2024-07-09,2025-12-07,premier-league,,,ELIGIBLE,0.100313,0.484536
486049,Jérémy Doku,Attack,Left Winger,2024,2024-07-09,2025-12-07,GB1,premier-league,first_tier,domestic_league,England,europa,TOP_LEAGUE,2024-08-18,2025-05-25,29,1514.0,3.0,6.0,0.178335535006605,0.35667107001321,premier-league,29.0,29.0,1.0,1514.0,1.8944458104670048,4.646427006460726,COMPLETE,Understat,soccerdata,1.9.1,True,0.1126156690502182,0.2762076820221039,2024-07-09,2025-12-07,premier-league,,,ELIGIBLE,0.213861,0.269231
486144,Jakub Stolarczyk,Goalkeeper,Goalkeeper,2024,2024-07-09,2025-12-07,GB1,premier-league,first_tier,domestic_league,England,europa,TOP_LEAGUE,2024-12-26,2025-05-25,10,900.0,0.0,0.0,0.0,0.0,premier-league,10.0,10.0,1.0,900.0,0.0,0.0,COMPLETE,Understat,soccerdata,1.9.1,True,0.0,0.0,2024-07-09,2025-12-07,premier-league,,,ELIGIBLE,0.0,0.211538
486604,Vitezslav Jaros,Goalkeeper,Goalkeeper,2024,2024-07-09,2025-12-07,GB1,premier-league,first_tier,domestic_league,England,europa,TOP_LEAGUE,2024-10-05,2024-10-05,1,11.0,0.0,0.0,0.0,0.0,premier-league,1.0,1.0,1.0,11.0,0.0,0.0,COMPLETE,Understat,soccerdata,1.9.1,True,0.0,0.0,2024-07-09,2025-12-07,premier-league,,,INSUFFICIENT_MINUTES,,
487465,Pedro Neto,Attack,Right Winger,2024,2024-07-09,2025-12-07,GB1,premier-league,first_tier,domestic_league,England,europa,TOP_LEAGUE,2024-08-18,2025-05-25,35,2269.0,4.0,6.0,0.1586602027324812,0.2379903040987219,premier-league,35.0,35.0,1.0,2269.0,4.4209474716335535,6.566428407095373,COMPLETE,Understat,soccerdata,1.9.1,True,0.1753571055297575,0.2604577155745189,2024-07-09,2025-12-07,premier-league,,,ELIGIBLE,0.199895,0.230769
488935,Hákon Valdimarsson,Goalkeeper,Goalkeeper,2024,2024-07-09,2025-12-07,GB1,premier-league,first_tier,domestic_league,England,europa,TOP_LEAGUE,2024-12-27,2025-02-02,2,144.0,0.0,0.0,0.0,0.0,premier-league,2.0,2.0,1.0,144.0,0.0,0.0,COMPLETE,Understat,soccerdata,1.9.1,True,0.0,0.0,2024-07-09,2025-12-07,premier-league,,,INSUFFICIENT_MINUTES,,
493003,Daniel Muñoz,Defender,Right-Back,2024,2024-07-09,2025-12-07,GB1,premier-league,first_tier,domestic_league,England,europa,TOP_LEAGUE,2024-08-18,2025-05-25,37,3232.0,4.0,6.0,0.1113861386138613,0.1670792079207921,premier-league,37.0,37.0,1.0,3232.0,5.791526351124048,5.942459639161825,COMPLETE,Understat,soccerdata,1.9.1,True,0.1612739392330335,0.1654769082687389,2024-07-09,2025-12-07,premier-league,,,ELIGIBLE,0.148309,0.983333
494880,Jorge Cuenca,Defender,Centre-Back,2024,2024-07-09,2025-12-07,GB1,premier-league,first_tier,domestic_league,England,europa,TOP_LEAGUE,2024-10-26,2025-05-25,8,350.0,0.0,0.0,0.0,0.0,premier-league,8.0,8.0,1.0,350.0,0.0159940905869007,0.0,COMPLETE,Understat,soccerdata,1.9.1,True,0.0041127661509173,0.0,2024-07-09,2025-12-07,premier-league,,,INSUFFICIENT_MINUTES,,
495666,William Saliba,Defender,Centre-Back,2024,2024-07-09,2025-12-07,GB1,premier-league,first_tier,domestic_league,England,europa,TOP_LEAGUE,2024-08-17,2025-05-18,35,3041.0,2.0,0.0,0.0591910555738244,0.0,premier-league,35.0,35.0,1.0,3041.0,3.196498431265354,0.7513726502656937,COMPLETE,Understat,soccerdata,1.9.1,True,0.094602058143335,0.0222372701492642,2024-07-09,2025-12-07,premier-league,,,ELIGIBLE,0.050585,0.55
497291,Nicolás Domínguez,Midfield,Central Midfield,2024,2024-07-09,2025-12-07,GB1,premier-league,first_tier,domestic_league,England,europa,TOP_LEAGUE,2024-08-17,2025-05-25,34,1971.0,0.0,1.0,0.0,0.045662100456621,premier-league,34.0,34.0,1.0,1971.0,1.9267512233927848,1.4655370814725757,COMPLETE,Understat,soccerdata,1.9.1,True,0.0879795079174787,0.0669195014371039,2024-07-09,2025-12-07,premier-league,,,ELIGIBLE,0.04891,0.237113
502821,Riccardo Calafiori,Defender,Left-Back,2024,2024-07-09,2025-12-07,GB1,premier-league,first_tier,domestic_league,England,europa,TOP_LEAGUE,2024-08-24,2025-05-18,19,985.0,2.0,1.0,0.182741116751269,0.0913705583756345,premier-league,19.0,19.0,1.0,985.0,0.7747622476890683,0.4056127071380615,COMPLETE,Understat,soccerdata,1.9.1,True,0.0707904591797118,0.0370610595354574,2024-07-09,2025-12-07,premier-league,,,ELIGIBLE,0.101746,0.908333
503680,Neco Williams,Defender,Left-Back,2024,2024-07-09,2025-12-07,GB1,premier-league,first_tier,domestic_league,England,europa,TOP_LEAGUE,2024-08-17,2025-05-25,35,2592.0,1.0,3.0,0.0347222222222222,0.1041666666666666,premier-league,35.0,35.0,1.0,2592.0,3.0044789891690016,1.7043100725859404,COMPLETE,Understat,soccerdata,1.9.1,True,0.1043221871239236,0.0591774330759007,2024-07-09,2025-12-07,premier-league,,,ELIGIBLE,0.074382,0.733333
503733,Anthony Gordon,Attack,Left Winger,2024,2024-07-09,2025-12-07,GB1,premier-league,first_tier,domestic_league,England,europa,TOP_LEAGUE,2024-08-17,2025-05-25,34,2446.0,6.0,6.0,0.2207686017988552,0.2207686017988552,premier-league,34.0,34.0,1.0,2446.0,9.196510776877403,4.824591662734747,COMPLETE,Understat,soccerdata,1.9.1,True,0.3383834709398881,0.1775197259387274,2024-07-09,2025-12-07,premier-league,,,ELIGIBLE,0.247403,0.346154
503743,Morgan Rogers,Midfield,Attacking Midfield,2024,2024-07-09,2025-12-07,GB1,premier-league,first_tier,domestic_league,England,europa,TOP_LEAGUE,2024-08-17,2025-05-25,37,3131.0,8.0,11.0,0.2299584797189396,0.316192909613542,premier-league,37.0,37.0,1.0,3131.0,8.216648440808058,8.145913934335113,COMPLETE,Understat,soccerdata,1.9.1,True,0.2361859979791521,0.2341527480326286,2024-07-09,2025-12-07,premier-league,,,ELIGIBLE,0.249912,0.917526
503749,Jacob Ramsey,Midfield,Central Midfield,2024,2024-07-09,2025-12-07,GB1,premier-league,first_tier,domestic_league,England,europa,TOP_LEAGUE,2024-08-17,2025-05-25,29,1628.0,1.0,5.0,0.0552825552825552,0.2764127764127764,premier-league,29.0,29.0,1.0,1628.0,1.4540390092879534,2.891221077181399,COMPLETE,Understat,soccerdata,1.9.1,True,0.0803829919139532,0.1598340890333697,2024-07-09,2025-12-07,premier-league,,,ELIGIBLE,0.127949,0.597938
503866,Albert Grønbaek,Midfield,Attacking Midfield,2024,2024-07-09,2025-12-07,GB1,premier-league,first_tier,domestic_league,England,europa,TOP_LEAGUE,2025-02-01,2025-03-15,4,143.0,0.0,0.0,0.0,0.0,premier-league,4.0,4.0,1.0,143.0,0.0602192617952823,0.0312254857271909,COMPLETE,Understat,soccerdata,1.9.1,True,0.0379002346963315,0.0196524036045257,2024-07-09,2025-12-07,premier-league,,,INSUFFICIENT_MINUTES,,
503977,Taylor Harwood-Bellis,Defender,Centre-Back,2024,2024-07-09,2025-12-07,GB1,premier-league,first_tier,domestic_league,England,europa,TOP_LEAGUE,2024-08-17,2025-05-18,34,2828.0,1.0,0.0,0.0318246110325318,0.0,premier-league,34.0,34.0,1.0,2828.0,2.1951861269772053,1.9898590259253977,COMPLETE,Understat,soccerdata,1.9.1,True,0.0698609446350595,0.0633264895096484,2024-07-09,2025-12-07,premier-league,,,ELIGIBLE,0.043171,0.466667
503981,Tino Livramento,Defender,Right-Back,2024,2024-07-09,2025-12-07,GB1,premier-league,first_tier,domestic_league,England,europa,TOP_LEAGUE,2024-08-17,2025-05-25,37,2843.0,0.0,1.0,0.0,0.0316567006683081,premier-league,37.0,37.0,1.0,2843.0,0.3249886427074671,3.147453512996435,COMPLETE,Understat,soccerdata,1.9.1,True,0.01028806818279,0.099637993728343,2024-07-09,2025-12-07,premier-league,,,ELIGIBLE,0.029345,0.3
503987,Noni Madueke,Attack,Right Winger,2024,2024-07-09,2025-12-07,GB1,premier-league,first_tier,domestic_league,England,europa,TOP_LEAGUE,2024-08-25,2025-05-25,32,2047.0,7.0,4.0,0.3077674645823156,0.175867122618466,premier-league,32.0,32.0,1.0,2047.0,11.862219285219908,3.1217017397284508,COMPLETE,Understat,soccerdata,1.9.1,True,0.5215435933902256,0.1372511756597755,2024-07-09,2025-12-07,premier-league,,,ELIGIBLE,0.311417,0.564103
503990,Nathan Wood,Defender,Centre-Back,2024,2024-07-09,2025-12-07,GB1,premier-league,first_tier,domestic_league,England,europa,TOP_LEAGUE,2024-12-04,2025-05-25,11,772.0,0.0,0.0,0.0,0.0,premier-league,11.0,11.0,1.0,772.0,0.2937855720520019,0.0214793030172586,COMPLETE,Understat,soccerdata,1.9.1,True,0.0342496133221245,0.0025040638232555,2024-07-09,2025-12-07,premier-league,,,INSUFFICIENT_MINUTES,,
504148,Tariq Lamptey,Defender,Right-Back,2024,2024-07-09,2025-12-07,GB1,premier-league,first_tier,domestic_league,England,europa,TOP_LEAGUE,2024-10-26,2025-05-10,15,860.0,2.0,2.0,0.2093023255813953,0.2093023255813953,premier-league,15.0,15.0,1.0,860.0,0.3391416240483522,0.8965721465647221,COMPLETE,Understat,soccerdata,1.9.1,True,0.0354915653073857,0.0938273176637499,2024-07-09,2025-12-07,premier-league,,,INSUFFICIENT_MINUTES,,
504849,Kaoru Mitoma,Attack,Left Winger,2024,2024-07-09,2025-12-07,GB1,premier-league,first_tier,domestic_league,England,europa,TOP_LEAGUE,2024-08-17,2025-05-25,36,2609.0,10.0,4.0,0.3449597546952855,0.1379839018781142,premier-league,36.0,36.0,1.0,2609.0,10.222694747149944,4.949204979464412,COMPLETE,Understat,soccerdata,1.9.1,True,0.3526418272301629,0.1707276535652729,2024-07-09,2025-12-07,premier-league,,,ELIGIBLE,0.271023,0.435897
505194,Luke Thomas,Defender,Left-Back,2024,2024-07-09,2025-12-07,GB1,premier-league,first_tier,domestic_league,England,europa,TOP_LEAGUE,2024-11-30,2025-05-25,14,1113.0,0.0,0.0,0.0,0.0,premier-league,14.0,14.0,1.0,1113.0,0.3486927710473537,0.4181743627414107,COMPLETE,Understat,soccerdata,1.9.1,True,0.0281961809472253,0.03381463849661,2024-07-09,2025-12-07,premier-league,,,ELIGIBLE,0.015222,0.116667
505219,James Garner,Midfield,Defensive Midfield,2024,2024-07-09,2025-12-07,GB1,premier-league,first_tier,domestic_league,England,europa,TOP_LEAGUE,2024-09-14,2025-05-25,21,1595.0,0.0,1.0,0.0,0.0564263322884012,premier-league,21.0,21.0,1.0,1595.0,0.6001764945685863,1.215124419890344,COMPLETE,Understat,soccerdata,1.9.1,True,0.0338657583142149,0.0685650142884833,2024-07-09,2025-12-07,premier-league,,,ELIGIBLE,0.035158,0.134021
506189,Flynn Downes,Midfield,Defensive Midfield,2024,2024-07-09,2025-12-07,GB1,premier-league,first_tier,domestic_league,England,europa,TOP_LEAGUE,2024-08-17,2025-05-25,27,2155.0,1.0,0.0,0.0417633410672853,0.0,premier-league,27.0,27.0,1.0,2155.0,0.8941574329510331,1.6155836284160614,COMPLETE,Understat,soccerdata,1.9.1,True,0.0373430018401823,0.0674721700962624,2024-07-09,2025-12-07,premier-league,,,ELIGIBLE,0.037226,0.154639
512385,Luis Sinisterra,Attack,Left Winger,2024,2024-07-09,2025-12-07,GB1,premier-league,first_tier,domestic_league,England,europa,TOP_LEAGUE,2024-08-17,2025-03-15,12,230.0,1.0,1.0,0.391304347826087,0.391304347826087,premier-league,12.0,12.0,1.0,230.0,1.7229826282709837,1.762933598831296,COMPLETE,Understat,soccerdata,1.9.1,True,0.6742105936712545,0.6898435821513766,2024-07-09,2025-12-07,premier-league,,,INSUFFICIENT_MINUTES,,
513245,Jesper Lindstrøm,Attack,Right Winger,2024,2024-07-09,2025-12-07,GB1,premier-league,first_tier,domestic_league,England,europa,TOP_LEAGUE,2024-08-24,2025-03-15,25,1241.0,0.0,1.0,0.0,0.072522159548751,premier-league,25.0,25.0,1.0,1241.0,2.0184412728995085,2.881908133625984,COMPLETE,Understat,soccerdata,1.9.1,True,0.1463817200330022,0.2090022014716668,2024-07-09,2025-12-07,premier-league,,,ELIGIBLE,0.100219,0.038462
513970,Julián Araujo,Defender,Right-Back,2024,2024-07-09,2025-12-07,GB1,premier-league,first_tier,domestic_league,England,europa,TOP_LEAGUE,2024-08-17,2025-05-20,12,498.0,0.0,0.0,0.0,0.0,premier-league,12.0,12.0,1.0,498.0,0.0,0.0628243163228035,COMPLETE,Understat,soccerdata,1.9.1,True,0.0,0.0113537921065307,2024-07-09,2025-12-07,premier-league,,,INSUFFICIENT_MINUTES,,
517894,Matheus Cunha,Attack,Centre-Forward,2024,2024-07-09,2025-12-07,GB1,premier-league,first_tier,domestic_league,England,europa,TOP_LEAGUE,2024-08-17,2025-05-25,33,2603.0,15.0,6.0,0.5186323472915866,0.2074529389166346,premier-league,33.0,33.0,1.0,2603.0,8.446298986673355,7.411126339808106,COMPLETE,Understat,soccerdata,1.9.1,True,0.2920349246256634,0.2562433233126122,2024-07-09,2025-12-07,premier-league,,,ELIGIBLE,0.335939,0.730769
520624,Bruno Guimarães,Midfield,Central Midfield,2024,2024-07-09,2025-12-07,GB1,premier-league,first_tier,domestic_league,England,europa,TOP_LEAGUE,2024-08-17,2025-05-25,38,3287.0,5.0,6.0,0.1369029510191664,0.1642835412229997,premier-league,38.0,38.0,1.0,3287.0,4.702356463298202,6.579319527372718,COMPLETE,Understat,soccerdata,1.9.1,True,0.1287532953139148,0.1801456517990704,2024-07-09,2025-12-07,premier-league,,,ELIGIBLE,0.148583,0.670103
525247,Maximilian Kilman,Defender,Centre-Back,2024,2024-07-09,2025-12-07,GB1,premier-league,first_tier,domestic_league,England,europa,TOP_LEAGUE,2024-08-17,2025-05-25,38,3349.0,0.0,2.0,0.0,0.053747387279785,premier-league,38.0,38.0,1.0,3349.0,1.714818298816681,0.9288761988282204,COMPLETE,Understat,soccerdata,1.9.1,True,0.0460835016104811,0.0249623343966974,2024-07-09,2025-12-07,premier-league,,,ELIGIBLE,0.029567,0.308333
525287,Carlos Vinícius,Attack,Centre-Forward,2024,2024-07-09,2025-12-07,GB1,premier-league,first_tier,domestic_league,England,europa,TOP_LEAGUE,2024-12-22,2025-04-26,3,13.0,0.0,0.0,0.0,0.0,premier-league,3.0,3.0,1.0,13.0,0.054843533784151,0.0,COMPLETE,Understat,soccerdata,1.9.1,True,0.3796860031210459,0.0,2024-07-09,2025-12-07,premier-league,,,INSUFFICIENT_MINUTES,,
527425,Luke Woolfenden,Defender,Centre-Back,2024,2024-07-09,2025-12-07,GB1,premier-league,first_tier,domestic_league,England,europa,TOP_LEAGUE,2024-08-17,2025-05-03,15,1187.0,0.0,0.0,0.0,0.0,premier-league,15.0,15.0,1.0,1187.0,0.0580514557659626,0.0,COMPLETE,Understat,soccerdata,1.9.1,True,0.0044015425601825,0.0,2024-07-09,2025-12-07,premier-league,,,ELIGIBLE,0.00132,0.008333
528892,Harry Clarke,Defender,Right-Back,2024,2024-07-09,2025-12-07,GB1,premier-league,first_tier,domestic_league,England,europa,TOP_LEAGUE,2024-10-19,2024-12-27,7,378.0,0.0,0.0,0.0,0.0,premier-league,7.0,7.0,1.0,378.0,0.0565143525600433,0.0654058307409286,COMPLETE,Understat,soccerdata,1.9.1,True,0.0134557982285817,0.0155728168430782,2024-07-09,2025-12-07,premier-league,,,INSUFFICIENT_MINUTES,,
533662,Cameron Archer,Attack,Centre-Forward,2024,2024-07-09,2025-12-07,GB1,premier-league,first_tier,domestic_league,England,europa,TOP_LEAGUE,2024-08-17,2025-05-25,35,1433.0,2.0,0.0,0.1256106071179344,0.0,premier-league,35.0,35.0,1.0,1433.0,6.92764007486403,0.4734852155670523,COMPLETE,Understat,soccerdata,1.9.1,True,0.4350925378491017,0.0297373826943717,2024-07-09,2025-12-07,premier-league,,,ELIGIBLE,0.174158,0.166667
534033,Alexis Mac Allister,Midfield,Central Midfield,2024,2024-07-09,2025-12-07,GB1,premier-league,first_tier,domestic_league,England,europa,TOP_LEAGUE,2024-08-17,2025-05-11,35,2609.0,5.0,5.0,0.1724798773476427,0.1724798773476427,premier-league,35.0,35.0,1.0,2609.0,3.568436846137047,4.891626043245196,COMPLETE,Understat,soccerdata,1.9.1,True,0.1230967099089054,0.1687414119938933,2024-07-09,2025-12-07,premier-league,,,ELIGIBLE,0.156917,0.71134
536835,Amad Diallo,Attack,Right Winger,2024,2024-07-09,2025-12-07,GB1,premier-league,first_tier,domestic_league,England,europa,TOP_LEAGUE,2024-08-16,2025-05-25,26,1903.0,8.0,8.0,0.3783499737256963,0.3783499737256963,premier-league,26.0,26.0,1.0,1903.0,4.74583822209388,4.755917379632592,COMPLETE,Understat,soccerdata,1.9.1,True,0.224448470829453,0.2249251519531966,2024-07-09,2025-12-07,premier-league,,,ELIGIBLE,0.301495,0.538462
537860,Mykhaylo Mudryk,Attack,Left Winger,2024,2024-07-09,2025-12-07,GB1,premier-league,first_tier,domestic_league,England,europa,TOP_LEAGUE,2024-08-25,2024-11-10,7,146.0,0.0,0.0,0.0,0.0,premier-league,7.0,7.0,1.0,146.0,0.1225307434797287,1.0799011290073397,COMPLETE,Understat,soccerdata,1.9.1,True,0.0755326500902437,0.6656924767853463,2024-07-09,2025-12-07,premier-league,,,INSUFFICIENT_MINUTES,,
538977,Georginio Rutter,Attack,Centre-Forward,2024,2024-07-09,2025-12-07,GB1,premier-league,first_tier,domestic_league,England,europa,TOP_LEAGUE,2024-08-24,2025-03-15,28,1666.0,5.0,3.0,0.2701080432172869,0.1620648259303721,premier-league,28.0,28.0,1.0,1666.0,5.6770595367997885,3.1324470546096563,COMPLETE,Understat,soccerdata,1.9.1,True,0.3066838885426056,0.1692198288804736,2024-07-09,2025-12-07,premier-league,,,ELIGIBLE,0.239295,0.320513
540941,Mikkel Damsgaard,Midfield,Attacking Midfield,2024,2024-07-09,2025-12-07,GB1,premier-league,first_tier,domestic_league,England,europa,TOP_LEAGUE,2024-08-18,2025-05-25,38,2930.0,2.0,11.0,0.0614334470989761,0.3378839590443686,premier-league,38.0,38.0,1.0,2930.0,3.476722192019224,9.246257283724844,COMPLETE,Understat,soccerdata,1.9.1,True,0.1067935144306246,0.2840147288516164,2024-07-09,2025-12-07,premier-league,,,ELIGIBLE,0.174848,0.752577
541231,Sepp van den Berg,Defender,Centre-Back,2024,2024-07-09,2025-12-07,GB1,premier-league,first_tier,domestic_league,England,europa,TOP_LEAGUE,2024-08-31,2025-05-25,31,2588.0,0.0,1.0,0.0,0.0347758887171561,premier-league,31.0,31.0,1.0,2588.0,2.1477734111249447,1.029765497893095,COMPLETE,Understat,soccerdata,1.9.1,True,0.0746907291349478,0.0358110103594971,2024-07-09,2025-12-07,premier-league,,,ELIGIBLE,0.036525,0.383333
543387,Cheick Doucouré,Midfield,Defensive Midfield,2024,2024-07-09,2025-12-07,GB1,premier-league,first_tier,domestic_league,England,europa,TOP_LEAGUE,2024-08-18,2025-01-15,13,445.0,0.0,0.0,0.0,0.0,premier-league,13.0,13.0,1.0,445.0,0.3654052410274744,0.0139362784102559,COMPLETE,Understat,soccerdata,1.9.1,True,0.0739021835785903,0.0028185731616247,2024-07-09,2025-12-07,premier-league,,,INSUFFICIENT_MINUTES,,
543499,Mohammed Kudus,Attack,Right Winger,2024,2024-07-09,2025-12-07,GB1,premier-league,first_tier,domestic_league,England,europa,TOP_LEAGUE,2024-08-17,2025-05-25,32,2603.0,5.0,3.0,0.1728774490971955,0.1037264694583173,premier-league,32.0,32.0,1.0,2603.0,7.222215499728918,3.730667127296329,COMPLETE,Understat,soccerdata,1.9.1,True,0.2497116384846725,0.1289896432795503,2024-07-09,2025-12-07,premier-league,,,ELIGIBLE,0.17332,0.153846
546543,Darwin Núñez,Attack,Centre-Forward,2024,2024-07-09,2025-12-07,GB1,premier-league,first_tier,domestic_league,England,europa,TOP_LEAGUE,2024-08-25,2025-05-25,30,1118.0,5.0,3.0,0.4025044722719141,0.2415026833631484,premier-league,30.0,30.0,1.0,1118.0,6.912255180999637,1.7422378864139318,COMPLETE,Understat,soccerdata,1.9.1,True,0.5564427247674126,0.1402517082086349,2024-07-09,2025-12-07,premier-league,,,ELIGIBLE,0.364035,0.871795
553875,Pedro Porro,Defender,Right-Back,2024,2024-07-09,2025-12-07,GB1,premier-league,first_tier,domestic_league,England,europa,TOP_LEAGUE,2024-08-19,2025-05-25,33,2609.0,2.0,6.0,0.0689919509390571,0.2069758528171713,premier-league,33.0,33.0,1.0,2609.0,1.8372661639004944,6.575961069203913,COMPLETE,Understat,soccerdata,1.9.1,True,0.0633782885209062,0.2268441917318329,2024-07-09,2025-12-07,premier-league,,,ELIGIBLE,0.126475,0.95
556385,Destiny Udogie,Defender,Left-Back,2024,2024-07-09,2025-12-07,GB1,premier-league,first_tier,domestic_league,England,europa,TOP_LEAGUE,2024-08-19,2025-05-25,25,1932.0,0.0,1.0,0.0,0.046583850931677,premier-league,25.0,25.0,1.0,1932.0,0.3497059941291809,1.2607239335775375,COMPLETE,Understat,soccerdata,1.9.1,True,0.0162906519004276,0.0587293757877734,2024-07-09,2025-12-07,premier-league,,,ELIGIBLE,0.02595,0.241667
557459,Micky van de Ven,Defender,Centre-Back,2024,2024-07-09,2025-12-07,GB1,premier-league,first_tier,domestic_league,England,europa,TOP_LEAGUE,2024-08-19,2025-05-25,13,1018.0,0.0,2.0,0.0,0.1768172888015717,premier-league,13.0,13.0,1.0,1018.0,0.7710057385265827,1.1784075498580933,COMPLETE,Understat,soccerdata,1.9.1,True,0.0681635721683619,0.1041814140346055,2024-07-09,2025-12-07,premier-league,,,ELIGIBLE,0.076649,0.766667
559263,Fábio Carvalho,Midfield,Attacking Midfield,2024,2024-07-09,2025-12-07,GB1,premier-league,first_tier,domestic_league,England,europa,TOP_LEAGUE,2024-08-18,2025-02-21,19,445.0,2.0,1.0,0.4044943820224719,0.2022471910112359,premier-league,19.0,19.0,1.0,445.0,2.3463018126785755,0.6756551787257195,COMPLETE,Understat,soccerdata,1.9.1,True,0.474532950878813,0.1366493619894713,2024-07-09,2025-12-07,premier-league,,,INSUFFICIENT_MINUTES,,
559794,Jack Clarke,Attack,Left Winger,2024,2024-07-09,2025-12-07,GB1,premier-league,first_tier,domestic_league,England,europa,TOP_LEAGUE,2024-08-31,2025-05-25,32,1170.0,0.0,4.0,0.0,0.3076923076923077,premier-league,32.0,32.0,1.0,1170.0,1.3016396705061195,2.666540065780282,COMPLETE,Understat,soccerdata,1.9.1,True,0.1001261285004707,0.2051184665984832,2024-07-09,2025-12-07,premier-league,,,ELIGIBLE,0.1326,0.064103
564529,Victor Kristiansen,Defender,Left-Back,2024,2024-07-09,2025-12-07,GB1,premier-league,first_tier,domestic_league,England,europa,TOP_LEAGUE,2024-08-19,2025-05-25,30,2489.0,0.0,1.0,0.0,0.0361591000401767,premier-league,30.0,30.0,1.0,2489.0,0.1595502030104398,1.6646690927445889,COMPLETE,Understat,soccerdata,1.9.1,True,0.005769191752085,0.0601929362583419,2024-07-09,2025-12-07,premier-league,,,ELIGIBLE,0.021001,0.191667
565093,Bart Verbruggen,Goalkeeper,Goalkeeper,2024,2024-07-09,2025-12-07,GB1,premier-league,first_tier,domestic_league,England,europa,TOP_LEAGUE,2024-08-31,2025-05-25,36,3240.0,0.0,1.0,0.0,0.0277777777777777,premier-league,36.0,36.0,1.0,3240.0,0.0,0.0531018786132335,COMPLETE,Understat,soccerdata,1.9.1,True,0.0,0.0014750521837009,2024-07-09,2025-12-07,premier-league,,,ELIGIBLE,0.005851,0.846154
565822,Harvey Elliott,Midfield,Attacking Midfield,2024,2024-07-09,2025-12-07,GB1,premier-league,first_tier,domestic_league,England,europa,TOP_LEAGUE,2024-08-25,2025-05-25,18,360.0,1.0,2.0,0.25,0.5,premier-league,18.0,18.0,1.0,360.0,1.6678786408156157,1.2793736029416325,COMPLETE,Understat,soccerdata,1.9.1,True,0.4169696602039039,0.319843400735408,2024-07-09,2025-12-07,premier-league,,,INSUFFICIENT_MINUTES,,
567576,Elliot Anderson,Midfield,Central Midfield,2024,2024-07-09,2025-12-07,GB1,premier-league,first_tier,domestic_league,England,europa,TOP_LEAGUE,2024-08-17,2025-05-25,37,2743.0,2.0,6.0,0.0656215822092599,0.1968647466277798,premier-league,37.0,37.0,1.0,2743.0,2.230010911822319,4.1257980996742845,COMPLETE,Understat,soccerdata,1.9.1,True,0.0731684221888475,0.1353706995882922,2024-07-09,2025-12-07,premier-league,,,ELIGIBLE,0.108084,0.536082
568005,Jeremy Sarmiento,Attack,Left Winger,2024,2024-07-09,2025-12-07,GB1,premier-league,first_tier,domestic_league,England,europa,TOP_LEAGUE,2024-08-17,2024-08-17,1,8.0,0.0,0.0,0.0,0.0,premier-league,1.0,1.0,1.0,8.0,0.0,0.0,COMPLETE,Understat,soccerdata,1.9.1,True,0.0,0.0,2024-07-09,2025-12-07,premier-league,,,INSUFFICIENT_MINUTES,,
568177,Cole Palmer,Midfield,Attacking Midfield,2024,2024-07-09,2025-12-07,GB1,premier-league,first_tier,domestic_league,England,europa,TOP_LEAGUE,2024-08-18,2025-05-25,37,3200.0,15.0,9.0,0.421875,0.253125,premier-league,37.0,37.0,1.0,3200.0,15.77423645183444,12.95436640828848,COMPLETE,Understat,soccerdata,1.9.1,True,0.4436504002078436,0.3643415552331134,2024-07-09,2025-12-07,premier-league,,,ELIGIBLE,0.383151,1.0
568559,Radu Drăgușin,Defender,Centre-Back,2024,2024-07-09,2025-12-07,GB1,premier-league,first_tier,domestic_league,England,europa,TOP_LEAGUE,2024-09-01,2025-01-26,16,1251.0,0.0,0.0,0.0,0.0,premier-league,16.0,16.0,1.0,1251.0,0.1772594656795263,0.5174331180751324,COMPLETE,Understat,soccerdata,1.9.1,True,0.0127524795452896,0.037225404178067,2024-07-09,2025-12-07,premier-league,,,ELIGIBLE,0.011271,0.083333
568693,Pape Matar Sarr,Midfield,Central Midfield,2024,2024-07-09,2025-12-07,GB1,premier-league,first_tier,domestic_league,England,europa,TOP_LEAGUE,2024-08-19,2025-05-25,36,1914.0,3.0,2.0,0.1410658307210031,0.0940438871473354,premier-league,36.0,36.0,1.0,1914.0,3.994037317112088,2.015070780180394,COMPLETE,Understat,soccerdata,1.9.1,True,0.1878073973563677,0.094752544522589,2024-07-09,2025-12-07,premier-league,,,ELIGIBLE,0.136421,0.618557
571743,Armando Broja,Attack,Centre-Forward,2024,2024-07-09,2025-12-07,GB1,premier-league,first_tier,domestic_league,England,europa,TOP_LEAGUE,2024-12-04,2025-04-19,10,332.0,0.0,0.0,0.0,0.0,premier-league,10.0,10.0,1.0,332.0,0.1044619902968406,0.174777690321207,COMPLETE,Understat,soccerdata,1.9.1,True,0.0283180094178182,0.0473794943641826,2024-07-09,2025-12-07,premier-league,,,INSUFFICIENT_MINUTES,,
576314,Jan Paul van Hecke,Defender,Centre-Back,2024,2024-07-09,2025-12-07,GB1,premier-league,first_tier,domestic_league,England,europa,TOP_LEAGUE,2024-08-17,2025-05-25,34,2961.0,1.0,1.0,0.0303951367781155,0.0303951367781155,premier-league,34.0,34.0,1.0,2961.0,1.0002109874039888,1.558699306100607,COMPLETE,Understat,soccerdata,1.9.1,True,0.0304015497691182,0.0473768786048816,2024-07-09,2025-12-07,premier-league,,,ELIGIBLE,0.033793,0.35
578391,Rayan Aït-Nouri,Defender,Left-Back,2024,2024-07-09,2025-12-07,GB1,premier-league,first_tier,domestic_league,England,europa,TOP_LEAGUE,2024-08-17,2025-05-25,37,3128.0,4.0,7.0,0.1150895140664961,0.2014066496163682,premier-league,37.0,37.0,1.0,3128.0,3.612480252981186,5.460978699848056,COMPLETE,Understat,soccerdata,1.9.1,True,0.1039396492226044,0.1571253462232497,2024-07-09,2025-12-07,premier-league,,,ELIGIBLE,0.137415,0.966667
578539,Chris Richards,Defender,Centre-Back,2024,2024-07-09,2025-12-07,GB1,premier-league,first_tier,domestic_league,England,europa,TOP_LEAGUE,2024-08-18,2025-05-25,24,1925.0,1.0,0.0,0.0467532467532467,0.0,premier-league,24.0,24.0,1.0,1925.0,1.6956392526626587,0.114281041547656,COMPLETE,Understat,soccerdata,1.9.1,True,0.0792766403842282,0.0053430097346956,2024-07-09,2025-12-07,premier-league,,,ELIGIBLE,0.038878,0.408333
581330,Eiran Cashin,Defender,Centre-Back,2024,2024-07-09,2025-12-07,GB1,premier-league,first_tier,domestic_league,England,europa,TOP_LEAGUE,2025-04-02,2025-04-19,2,19.0,0.0,0.0,0.0,0.0,premier-league,2.0,2.0,1.0,19.0,0.0,0.0,COMPLETE,Understat,soccerdata,1.9.1,True,0.0,0.0,2024-07-09,2025-12-07,premier-league,,,INSUFFICIENT_MINUTES,,
583189,Anthony Elanga,Attack,Right Winger,2024,2024-07-09,2025-12-07,GB1,premier-league,first_tier,domestic_league,England,europa,TOP_LEAGUE,2024-08-17,2025-05-25,38,2510.0,6.0,11.0,0.2151394422310757,0.3944223107569721,premier-league,38.0,38.0,1.0,2510.0,5.92288132570684,6.605899995192885,COMPLETE,Understat,soccerdata,1.9.1,True,0.2123742308022373,0.2368649400666771,2024-07-09,2025-12-07,premier-league,,,ELIGIBLE,0.254512,0.384615
583199,James McAtee,Midfield,Attacking Midfield,2024,2024-07-09,2025-12-07,GB1,premier-league,first_tier,domestic_league,England,europa,TOP_LEAGUE,2024-08-24,2025-05-10,15,342.0,3.0,0.0,0.7894736842105263,0.0,premier-league,15.0,15.0,1.0,342.0,2.566829100251198,0.8544101417064667,COMPLETE,Understat,soccerdata,1.9.1,True,0.6754813421713678,0.2248447741332807,2024-07-09,2025-12-07,premier-league,,,INSUFFICIENT_MINUTES,,
583255,Antoine Semenyo,Attack,Right Winger,2024,2024-07-09,2025-12-07,GB1,premier-league,first_tier,domestic_league,England,europa,TOP_LEAGUE,2024-08-17,2025-05-25,37,3210.0,11.0,6.0,0.308411214953271,0.1682242990654205,premier-league,37.0,37.0,1.0,3210.0,14.549346312880516,6.608794005587697,COMPLETE,Understat,soccerdata,1.9.1,True,0.4079255975573976,0.1852932898762905,2024-07-09,2025-12-07,premier-league,,,ELIGIBLE,0.285605,0.512821
584769,Dwight McNeil,Attack,Left Winger,2024,2024-07-09,2025-12-07,GB1,premier-league,first_tier,domestic_league,England,europa,TOP_LEAGUE,2024-08-17,2025-05-25,21,1371.0,4.0,8.0,0.2625820568927789,0.5251641137855579,premier-league,21.0,21.0,1.0,1371.0,1.512261677533388,6.039635524619371,COMPLETE,Understat,soccerdata,1.9.1,True,0.0992731954617103,0.3964749797343131,2024-07-09,2025-12-07,premier-league,,,ELIGIBLE,0.292884,0.525641
585323,Filip Jørgensen,Goalkeeper,Goalkeeper,2024,2024-07-09,2025-12-07,GB1,premier-league,first_tier,domestic_league,England,europa,TOP_LEAGUE,2024-12-04,2025-02-25,6,540.0,0.0,0.0,0.0,0.0,premier-league,6.0,6.0,1.0,540.0,0.0,0.0,COMPLETE,Understat,soccerdata,1.9.1,True,0.0,0.0,2024-07-09,2025-12-07,premier-league,,,INSUFFICIENT_MINUTES,,
592975,Woyo Coulibaly,Defender,Right-Back,2024,2024-07-09,2025-12-07,GB1,premier-league,first_tier,domestic_league,England,europa,TOP_LEAGUE,2025-01-26,2025-02-21,4,107.0,0.0,0.0,0.0,0.0,premier-league,4.0,4.0,1.0,107.0,0.0745922476053237,0.0,COMPLETE,Understat,soccerdata,1.9.1,True,0.0627411428455994,0.0,2024-07-09,2025-12-07,premier-league,,,INSUFFICIENT_MINUTES,,
595809,Beto,Attack,Centre-Forward,2024,2024-07-09,2025-12-07,GB1,premier-league,first_tier,domestic_league,England,europa,TOP_LEAGUE,2024-08-17,2025-05-25,30,1528.0,8.0,0.0,0.4712041884816754,0.0,premier-league,30.0,30.0,1.0,1528.0,9.26681118644774,1.3863521181046965,COMPLETE,Understat,soccerdata,1.9.1,True,0.5458200306153773,0.0816568655951719,2024-07-09,2025-12-07,premier-league,,,ELIGIBLE,0.321439,0.653846
596446,Leif Davis,Defender,Left-Back,2024,2024-07-09,2025-12-07,GB1,premier-league,first_tier,domestic_league,England,europa,TOP_LEAGUE,2024-08-17,2025-05-25,33,2746.0,1.0,3.0,0.032774945375091,0.0983248361252731,premier-league,33.0,33.0,1.0,2746.0,0.798027765005827,6.061805084347725,COMPLETE,Understat,soccerdata,1.9.1,True,0.0261553164058719,0.1986753305139458,2024-07-09,2025-12-07,premier-league,,,ELIGIBLE,0.077079,0.783333
601883,Matheus Nunes,Defender,Right-Back,2024,2024-07-09,2025-12-07,GB1,premier-league,first_tier,domestic_league,England,europa,TOP_LEAGUE,2024-08-24,2025-05-25,26,1672.0,1.0,6.0,0.0538277511961722,0.3229665071770335,premier-league,26.0,26.0,1.0,1672.0,1.189816527068615,3.9489037338644266,COMPLETE,Understat,soccerdata,1.9.1,True,0.0640451479881431,0.2125606076840899,2024-07-09,2025-12-07,premier-league,,,ELIGIBLE,0.142467,0.975
602105,Antony,Attack,Right Winger,2024,2024-07-09,2025-12-07,GB1,premier-league,first_tier,domestic_league,England,europa,TOP_LEAGUE,2024-08-24,2025-01-19,8,135.0,0.0,0.0,0.0,0.0,premier-league,8.0,8.0,1.0,135.0,0.6254736389964819,0.2294500740244984,COMPLETE,Understat,soccerdata,1.9.1,True,0.4169824259976545,0.1529667160163323,2024-07-09,2025-12-07,premier-league,,,INSUFFICIENT_MINUTES,,
605184,Jean-Clair Todibo,Defender,Centre-Back,2024,2024-07-09,2025-12-07,GB1,premier-league,first_tier,domestic_league,England,europa,TOP_LEAGUE,2024-08-17,2025-05-25,27,1833.0,0.0,0.0,0.0,0.0,premier-league,27.0,27.0,1.0,1833.0,0.2778066396713257,0.0297562526538968,COMPLETE,Understat,soccerdata,1.9.1,True,0.0136402605403269,0.0014610271352158,2024-07-09,2025-12-07,premier-league,,,ELIGIBLE,0.004384,0.025
606718,Toti,Defender,Centre-Back,2024,2024-07-09,2025-12-07,GB1,premier-league,first_tier,domestic_league,England,europa,TOP_LEAGUE,2024-08-17,2025-05-25,31,2615.0,0.0,1.0,0.0,0.034416826003824,premier-league,31.0,31.0,1.0,2615.0,0.9773350562900304,0.9932401478290558,COMPLETE,Understat,soccerdata,1.9.1,True,0.0336367705797716,0.0341841733478451,2024-07-09,2025-12-07,premier-league,,,ELIGIBLE,0.023811,0.225
609556,William Osula,Attack,Centre-Forward,2024,2024-07-09,2025-12-07,GB1,premier-league,first_tier,domestic_league,England,europa,TOP_LEAGUE,2024-09-21,2025-05-25,14,124.0,1.0,0.0,0.7258064516129032,0.0,premier-league,14.0,14.0,1.0,124.0,0.2826921939849853,0.1338628381490707,COMPLETE,Understat,soccerdata,1.9.1,True,0.2051798182149087,0.0971585115598094,2024-07-09,2025-12-07,premier-league,,,INSUFFICIENT_MINUTES,,
610442,Rasmus Højlund,Attack,Centre-Forward,2024,2024-07-09,2025-12-07,GB1,premier-league,first_tier,domestic_league,England,europa,TOP_LEAGUE,2024-09-21,2025-05-25,32,2014.0,4.0,1.0,0.1787487586891757,0.0446871896722939,premier-league,32.0,32.0,1.0,2014.0,5.865164168179035,2.1415039356797934,COMPLETE,Understat,soccerdata,1.9.1,True,0.2620977036425586,0.0956977925576868,2024-07-09,2025-12-07,premier-league,,,ELIGIBLE,0.160331,0.102564
610581,Ali Al-Hamadi,Attack,Centre-Forward,2024,2024-07-09,2025-12-07,GB1,premier-league,first_tier,domestic_league,England,europa,TOP_LEAGUE,2024-08-17,2025-01-05,11,125.0,0.0,0.0,0.0,0.0,premier-league,11.0,11.0,1.0,125.0,0.5323996320366859,0.0784954708069562,COMPLETE,Understat,soccerdata,1.9.1,True,0.3833277350664139,0.0565167389810085,2024-07-09,2025-12-07,premier-league,,,INSUFFICIENT_MINUTES,,
610849,Liam Delap,Attack,Centre-Forward,2024,2024-07-09,2025-12-07,GB1,premier-league,first_tier,domestic_league,England,europa,TOP_LEAGUE,2024-08-17,2025-05-25,37,2616.0,12.0,2.0,0.4128440366972477,0.0688073394495412,premier-league,37.0,37.0,1.0,2616.0,11.930982023477554,2.784454360604286,COMPLETE,Understat,soccerdata,1.9.1,True,0.4104695650278975,0.0957954481859272,2024-07-09,2025-12-07,premier-league,,,ELIGIBLE,0.279915,0.474359
611793,James Hill,Defender,Centre-Back,2024,2024-07-09,2025-12-07,GB1,premier-league,first_tier,domestic_league,England,europa,TOP_LEAGUE,2024-12-08,2025-04-05,10,449.0,0.0,1.0,0.0,0.2004454342984409,premier-league,10.0,10.0,1.0,449.0,0.1945150233805179,0.3440760616213083,COMPLETE,Understat,soccerdata,1.9.1,True,0.0389896483390793,0.0689684756033802,2024-07-09,2025-12-07,premier-league,,,INSUFFICIENT_MINUTES,,
614258,Levi Colwill,Defender,Centre-Back,2024,2024-07-09,2025-12-07,GB1,premier-league,first_tier,domestic_league,England,europa,TOP_LEAGUE,2024-08-18,2025-05-25,35,3150.0,2.0,1.0,0.0571428571428571,0.0285714285714285,premier-league,35.0,35.0,1.0,3150.0,2.4856121446937323,1.066227382980287,COMPLETE,Understat,soccerdata,1.9.1,True,0.0710174898483923,0.0304636395137224,2024-07-09,2025-12-07,premier-league,,,ELIGIBLE,0.050255,0.541667
620322,Malo Gusto,Defender,Right-Back,2024,2024-07-09,2025-12-07,GB1,premier-league,first_tier,domestic_league,England,europa,TOP_LEAGUE,2024-08-18,2025-05-25,32,1858.0,0.0,1.0,0.0,0.0484391819160387,premier-league,32.0,32.0,1.0,1858.0,1.5562147982418535,1.343290576711297,COMPLETE,Understat,soccerdata,1.9.1,True,0.0753817717124687,0.0650678966114191,2024-07-09,2025-12-07,premier-league,,,ELIGIBLE,0.045316,0.516667
621193,Kasey McAteer,Midfield,Right Midfield,2024,2024-07-09,2025-12-07,GB1,premier-league,first_tier,domestic_league,England,europa,TOP_LEAGUE,2024-08-19,2025-05-25,18,853.0,1.0,1.0,0.1055099648300117,0.1055099648300117,premier-league,18.0,18.0,1.0,853.0,1.4462989773601294,0.905257573351264,COMPLETE,Understat,soccerdata,1.9.1,True,0.1525989542349491,0.0955136947263936,2024-07-09,2025-12-07,premier-league,,,INSUFFICIENT_MINUTES,,
623570,Iliman Ndiaye,Attack,Right Winger,2024,2024-07-09,2025-12-07,GB1,premier-league,first_tier,domestic_league,England,europa,TOP_LEAGUE,2024-08-17,2025-05-25,33,2440.0,9.0,0.0,0.3319672131147541,0.0,premier-league,33.0,33.0,1.0,2440.0,7.094870626926422,1.9087076298892496,COMPLETE,Understat,soccerdata,1.9.1,True,0.2616960477144991,0.0704031502828002,2024-07-09,2025-12-07,premier-league,,,ELIGIBLE,0.19218,0.205128
624258,Conor Bradley,Defender,Right-Back,2024,2024-07-09,2025-12-07,GB1,premier-league,first_tier,domestic_league,England,europa,TOP_LEAGUE,2024-08-17,2025-05-25,19,748.0,0.0,2.0,0.0,0.2406417112299465,premier-league,19.0,19.0,1.0,748.0,1.1355030871927738,1.9162586014717815,COMPLETE,Understat,soccerdata,1.9.1,True,0.1366247030044781,0.2305658745086368,2024-07-09,2025-12-07,premier-league,,,INSUFFICIENT_MINUTES,,
626724,João Pedro,Attack,Centre-Forward,2024,2024-07-09,2025-12-07,GB1,premier-league,first_tier,domestic_league,England,europa,TOP_LEAGUE,2024-08-17,2025-04-19,27,1953.0,10.0,6.0,0.4608294930875576,0.2764976958525346,premier-league,27.0,27.0,1.0,1953.0,8.863604867830873,5.618519173935056,COMPLETE,Understat,soccerdata,1.9.1,True,0.4084610538170908,0.2589179342827215,2024-07-09,2025-12-07,premier-league,,,ELIGIBLE,0.36787,0.884615
628451,Roméo Lavia,Midfield,Defensive Midfield,2024,2024-07-09,2025-12-07,GB1,premier-league,first_tier,domestic_league,England,europa,TOP_LEAGUE,2024-08-18,2025-05-25,16,802.0,0.0,1.0,0.0,0.112219451371571,premier-league,16.0,16.0,1.0,802.0,0.146451324224472,0.7232360076159239,COMPLETE,Understat,soccerdata,1.9.1,True,0.0164346872571103,0.0811611479868243,2024-07-09,2025-12-07,premier-league,,,INSUFFICIENT_MINUTES,,
632349,Jarell Quansah,Defender,Centre-Back,2024,2024-07-09,2025-12-07,GB1,premier-league,first_tier,domestic_league,England,europa,TOP_LEAGUE,2024-08-17,2025-05-19,13,488.0,0.0,0.0,0.0,0.0,premier-league,13.0,13.0,1.0,488.0,0.0915264189243316,0.1051452979445457,COMPLETE,Understat,soccerdata,1.9.1,True,0.0168798723426021,0.0193915508504285,2024-07-09,2025-12-07,premier-league,,,INSUFFICIENT_MINUTES,,
638964,Nathan Butler-Oyedeji,Attack,Centre-Forward,2024,2024-07-09,2025-12-07,GB1,premier-league,first_tier,domestic_league,England,europa,TOP_LEAGUE,2025-04-20,2025-04-20,1,6.0,0.0,0.0,0.0,0.0,premier-league,1.0,1.0,1.0,6.0,0.0947556942701339,0.0,COMPLETE,Understat,soccerdata,1.9.1,True,1.4213354140520096,0.0,2024-07-09,2025-12-07,premier-league,,,INSUFFICIENT_MINUTES,,
644401,Keane Lewis-Potter,Midfield,Left Midfield,2024,2024-07-09,2025-12-07,GB1,premier-league,first_tier,domestic_league,England,europa,TOP_LEAGUE,2024-08-18,2025-05-25,38,3100.0,1.0,4.0,0.0290322580645161,0.1161290322580645,premier-league,38.0,38.0,1.0,3100.0,3.2576067624613643,3.338346378877759,COMPLETE,Understat,soccerdata,1.9.1,True,0.0945756802004912,0.096919733580322,2024-07-09,2025-12-07,premier-league,,,ELIGIBLE,0.079692,0.402062
645686,Lamare Bogarde,Midfield,Defensive Midfield,2024,2024-07-09,2025-12-07,GB1,premier-league,first_tier,domestic_league,England,europa,TOP_LEAGUE,2024-08-31,2025-02-25,8,475.0,0.0,0.0,0.0,0.0,premier-league,8.0,8.0,1.0,475.0,0.0650692656636238,0.1753242537379264,COMPLETE,Understat,soccerdata,1.9.1,True,0.0123289134941603,0.033219332287186,2024-07-09,2025-12-07,premier-league,,,INSUFFICIENT_MINUTES,,
648046,Evan Ferguson,Attack,Centre-Forward,2024,2024-07-09,2025-12-07,GB1,premier-league,first_tier,domestic_league,England,europa,TOP_LEAGUE,2024-09-14,2025-05-04,21,388.0,1.0,0.0,0.2319587628865979,0.0,premier-league,21.0,21.0,1.0,388.0,1.4812848791480064,0.7929156944155693,COMPLETE,Understat,soccerdata,1.9.1,True,0.3435970080497953,0.1839237435500031,2024-07-09,2025-12-07,premier-league,,,INSUFFICIENT_MINUTES,,
648195,Enzo Fernández,Midfield,Central Midfield,2024,2024-07-09,2025-12-07,GB1,premier-league,first_tier,domestic_league,England,europa,TOP_LEAGUE,2024-08-18,2025-05-25,36,2949.0,6.0,7.0,0.1831129196337741,0.2136317395727365,premier-league,36.0,36.0,1.0,2949.0,6.133216487243772,7.737509123980999,COMPLETE,Understat,soccerdata,1.9.1,True,0.1871785296208679,0.2361396477308545,2024-07-09,2025-12-07,premier-league,,,ELIGIBLE,0.201042,0.824742
649020,Boubacar Traoré,Midfield,Defensive Midfield,2024,2024-07-09,2025-12-07,GB1,premier-league,first_tier,domestic_league,England,europa,TOP_LEAGUE,2025-04-01,2025-04-01,1,1.0,0.0,0.0,0.0,0.0,premier-league,1.0,1.0,1.0,1.0,0.0,0.0,COMPLETE,Understat,soccerdata,1.9.1,True,0.0,0.0,2024-07-09,2025-12-07,premier-league,,,INSUFFICIENT_MINUTES,,
649317,Jhon Durán,Attack,Centre-Forward,2024,2024-07-09,2025-12-07,GB1,premier-league,first_tier,domestic_league,England,europa,TOP_LEAGUE,2024-08-17,2025-01-26,20,626.0,7.0,0.0,1.0063897763578276,0.0,premier-league,20.0,20.0,1.0,626.0,5.099582154303789,0.2346634343266487,COMPLETE,Understat,soccerdata,1.9.1,True,0.7331667633983083,0.0337375544559079,2024-07-09,2025-12-07,premier-league,,,INSUFFICIENT_MINUTES,,
654253,Toby Collyer,Midfield,Defensive Midfield,2024,2024-07-09,2025-12-07,GB1,premier-league,first_tier,domestic_league,England,europa,TOP_LEAGUE,2024-09-01,2025-03-16,6,174.0,0.0,0.0,0.0,0.0,premier-league,6.0,6.0,1.0,174.0,0.0509475357830524,0.1618404779583215,COMPLETE,Understat,soccerdata,1.9.1,True,0.0263521736808891,0.0837105920474077,2024-07-09,2025-12-07,premier-league,,,INSUFFICIENT_MINUTES,,
654982,Bilal El Khannouss,Midfield,Attacking Midfield,2024,2024-07-09,2025-12-07,GB1,premier-league,first_tier,domestic_league,England,europa,TOP_LEAGUE,2024-08-31,2025-05-18,32,2197.0,2.0,3.0,0.0819299044151115,0.1228948566226672,premier-league,32.0,32.0,1.0,2197.0,1.4420042671263218,4.914181550964713,COMPLETE,Understat,soccerdata,1.9.1,True,0.0590716358859212,0.2013092123745217,2024-07-09,2025-12-07,premier-league,,,ELIGIBLE,0.107141,0.525773
655488,Gabriel Martinelli,Attack,Left Winger,2024,2024-07-09,2025-12-07,GB1,premier-league,first_tier,domestic_league,England,europa,TOP_LEAGUE,2024-08-17,2025-05-25,33,2299.0,8.0,4.0,0.313179643323184,0.156589821661592,premier-league,33.0,33.0,1.0,2299.0,9.213460259139538,5.264152456074953,COMPLETE,Understat,soccerdata,1.9.1,True,0.3606835247162063,0.2060781735740521,2024-07-09,2025-12-07,premier-league,,,ELIGIBLE,0.274693,0.448718
658536,Simon Adingra,Attack,Left Winger,2024,2024-07-09,2025-12-07,GB1,premier-league,first_tier,domestic_league,England,europa,TOP_LEAGUE,2024-08-17,2025-05-25,29,1093.0,2.0,2.0,0.1646843549862763,0.1646843549862763,premier-league,29.0,29.0,1.0,1093.0,3.1380675714463,2.066323732957244,COMPLETE,Understat,soccerdata,1.9.1,True,0.2583953169534922,0.1701455955774491,2024-07-09,2025-12-07,premier-league,,,ELIGIBLE,0.19389,0.217949
659089,Ilya Zabarnyi,Defender,Centre-Back,2024,2024-07-09,2025-12-07,GB1,premier-league,first_tier,domestic_league,England,europa,TOP_LEAGUE,2024-08-17,2025-05-25,36,3114.0,0.0,1.0,0.0,0.0289017341040462,premier-league,36.0,36.0,1.0,3114.0,1.3495636964216828,0.9619763027876616,COMPLETE,Understat,soccerdata,1.9.1,True,0.0390047311104532,0.0278027833175624,2024-07-09,2025-12-07,premier-league,,,ELIGIBLE,0.023042,0.216667
660867,Julio Enciso,Midfield,Attacking Midfield,2024,2024-07-09,2025-12-07,GB1,premier-league,first_tier,domestic_league,England,europa,TOP_LEAGUE,2024-08-24,2025-05-18,25,1165.0,2.0,3.0,0.1545064377682403,0.2317596566523605,premier-league,25.0,25.0,1.0,1165.0,2.7400452066212893,2.227620951831341,COMPLETE,Understat,soccerdata,1.9.1,True,0.2116773120994987,0.1720908889826786,2024-07-09,2025-12-07,premier-league,,,ELIGIBLE,0.190625,0.793814
661053,Jarrad Branthwaite,Defender,Centre-Back,2024,2024-07-09,2025-12-07,GB1,premier-league,first_tier,domestic_league,England,europa,TOP_LEAGUE,2024-09-28,2025-05-18,30,2510.0,0.0,1.0,0.0,0.0358565737051792,premier-league,30.0,30.0,1.0,2510.0,1.381387365050614,0.6528244335204363,COMPLETE,Understat,soccerdata,1.9.1,True,0.0495318178703407,0.0234080474170674,2024-07-09,2025-12-07,premier-league,,,ELIGIBLE,0.026712,0.266667
661207,Oscar Bobb,Attack,Right Winger,2024,2024-07-09,2025-12-07,GB1,premier-league,first_tier,domestic_league,England,europa,TOP_LEAGUE,2025-04-02,2025-05-20,3,14.0,0.0,0.0,0.0,0.0,premier-league,3.0,3.0,1.0,14.0,0.0,0.0901587530970573,COMPLETE,Understat,soccerdata,1.9.1,True,0.0,0.5795919841953686,2024-07-09,2025-12-07,premier-league,,,INSUFFICIENT_MINUTES,,
663244,Jota Silva,Attack,Left Winger,2024,2024-07-09,2025-12-07,GB1,premier-league,first_tier,domestic_league,England,europa,TOP_LEAGUE,2024-08-24,2025-05-25,31,840.0,3.0,2.0,0.3214285714285714,0.2142857142857142,premier-league,31.0,31.0,1.0,840.0,2.7386593613773584,3.355119312182069,COMPLETE,Understat,soccerdata,1.9.1,True,0.2934277887190026,0.3594770691623645,2024-07-09,2025-12-07,premier-league,,,INSUFFICIENT_MINUTES,,
665390,Jaden Philogene,Attack,Left Winger,2024,2024-07-09,2025-12-07,GB1,premier-league,first_tier,domestic_league,England,europa,TOP_LEAGUE,2024-08-17,2025-04-13,21,800.0,2.0,0.0,0.225,0.0,premier-league,21.0,21.0,1.0,800.0,2.795140001922846,0.3331893943250179,COMPLETE,Understat,soccerdata,1.9.1,True,0.3144532502163201,0.0374838068615645,2024-07-09,2025-12-07,premier-league,,,INSUFFICIENT_MINUTES,,
667121,Rodrigo Gomes,Midfield,Left Midfield,2024,2024-07-09,2025-12-07,GB1,premier-league,first_tier,domestic_league,England,europa,TOP_LEAGUE,2024-08-17,2025-05-25,25,799.0,2.0,0.0,0.2252816020025031,0.0,premier-league,25.0,25.0,1.0,799.0,0.6804056065157056,0.979415087029338,COMPLETE,Understat,soccerdata,1.9.1,True,0.0766414325236714,0.1103220999156951,2024-07-09,2025-12-07,premier-league,,,INSUFFICIENT_MINUTES,,
667287,Yasin Ayari,Midfield,Central Midfield,2024,2024-07-09,2025-12-07,GB1,premier-league,first_tier,domestic_league,England,europa,TOP_LEAGUE,2024-08-17,2025-05-25,34,1968.0,2.0,1.0,0.0914634146341463,0.0457317073170731,premier-league,34.0,34.0,1.0,1968.0,2.234291661530733,3.114554302766919,COMPLETE,Understat,soccerdata,1.9.1,True,0.1021779723261006,0.1424338857972676,2024-07-09,2025-12-07,premier-league,,,ELIGIBLE,0.095726,0.463918
670688,Youssef Chermiti,Attack,Centre-Forward,2024,2024-07-09,2025-12-07,GB1,premier-league,first_tier,domestic_league,England,europa,TOP_LEAGUE,2025-03-15,2025-05-03,4,42.0,0.0,0.0,0.0,0.0,premier-league,4.0,4.0,1.0,42.0,0.1710504256188869,0.0,COMPLETE,Understat,soccerdata,1.9.1,True,0.3665366263261863,0.0,2024-07-09,2025-12-07,premier-league,,,INSUFFICIENT_MINUTES,,
670848,Divin Mubama,Attack,Centre-Forward,2024,2024-07-09,2025-12-07,GB1,premier-league,first_tier,domestic_league,England,europa,TOP_LEAGUE,2025-01-19,2025-01-19,1,27.0,0.0,0.0,0.0,0.0,premier-league,1.0,1.0,1.0,27.0,0.0625510141253471,0.0,COMPLETE,Understat,soccerdata,1.9.1,True,0.2085033804178237,0.0,2024-07-09,2025-12-07,premier-league,,,INSUFFICIENT_MINUTES,,
670858,Lewis Hall,Defender,Left-Back,2024,2024-07-09,2025-12-07,GB1,premier-league,first_tier,domestic_league,England,europa,TOP_LEAGUE,2024-08-17,2025-02-26,27,2193.0,0.0,5.0,0.0,0.2051983584131327,premier-league,27.0,27.0,1.0,2193.0,0.5363848507404327,3.951083693653345,COMPLETE,Understat,soccerdata,1.9.1,True,0.022013058169922,0.1621511775781126,2024-07-09,2025-12-07,premier-league,,,ELIGIBLE,0.080074,0.808333
670883,Dane Scarlett,Attack,Centre-Forward,2024,2024-07-09,2025-12-07,GB1,premier-league,first_tier,domestic_league,England,europa,TOP_LEAGUE,2025-02-02,2025-03-16,3,31.0,0.0,1.0,0.0,2.903225806451613,premier-league,3.0,3.0,1.0,31.0,0.2694910168647766,0.0761205926537513,COMPLETE,Understat,soccerdata,1.9.1,True,0.7823932747687063,0.220995268994762,2024-07-09,2025-12-07,premier-league,,,INSUFFICIENT_MINUTES,,
673492,Morato,Defender,Centre-Back,2024,2024-07-09,2025-12-07,GB1,premier-league,first_tier,domestic_league,England,europa,TOP_LEAGUE,2024-09-14,2025-05-18,26,893.0,0.0,0.0,0.0,0.0,premier-league,26.0,26.0,1.0,893.0,0.1037580780684948,0.0,COMPLETE,Understat,soccerdata,1.9.1,True,0.010457141126724,0.0,2024-07-09,2025-12-07,premier-league,,,INSUFFICIENT_MINUTES,,
680806,Samuel Edozie,Attack,Left Winger,2024,2024-07-09,2025-12-07,GB1,premier-league,first_tier,domestic_league,England,europa,TOP_LEAGUE,2024-08-17,2024-08-24,2,64.0,0.0,0.0,0.0,0.0,premier-league,2.0,2.0,1.0,64.0,0.0,0.0817131176590919,COMPLETE,Understat,soccerdata,1.9.1,True,0.0,0.114909071708098,2024-07-09,2025-12-07,premier-league,,,INSUFFICIENT_MINUTES,,
683895,Emmanuel Agbadou,Defender,Centre-Back,2024,2024-07-09,2025-12-07,GB1,premier-league,first_tier,domestic_league,England,europa,TOP_LEAGUE,2025-01-15,2025-05-25,16,1411.0,1.0,0.0,0.0637845499645641,0.0,premier-league,16.0,16.0,1.0,1411.0,0.69438168220222,0.1891781575977802,COMPLETE,Understat,soccerdata,1.9.1,True,0.0442908231029055,0.0120666436454998,2024-07-09,2025-12-07,premier-league,,,ELIGIBLE,0.034836,0.366667
687626,Moisés Caicedo,Midfield,Defensive Midfield,2024,2024-07-09,2025-12-07,GB1,premier-league,first_tier,domestic_league,England,europa,TOP_LEAGUE,2024-08-18,2025-05-25,38,3356.0,1.0,4.0,0.0268176400476758,0.1072705601907032,premier-league,38.0,38.0,1.0,3356.0,0.6911019859835505,2.924944289028645,COMPLETE,Understat,soccerdata,1.9.1,True,0.0185337242963407,0.0784401031026752,2024-07-09,2025-12-07,premier-league,,,ELIGIBLE,0.050748,0.257732
689637,Chadi Riad,Defender,Centre-Back,2024,2024-07-09,2025-12-07,GB1,premier-league,first_tier,domestic_league,England,europa,TOP_LEAGUE,2024-08-24,2024-08-24,1,90.0,0.0,0.0,0.0,0.0,premier-league,1.0,1.0,1.0,90.0,0.0,0.0,COMPLETE,Understat,soccerdata,1.9.1,True,0.0,0.0,2024-07-09,2025-12-07,premier-league,,,INSUFFICIENT_MINUTES,,
693095,Jacob Greaves,Defender,Centre-Back,2024,2024-07-09,2025-12-07,GB1,premier-league,first_tier,domestic_league,England,europa,TOP_LEAGUE,2024-08-17,2025-05-25,25,2205.0,1.0,0.0,0.0408163265306122,0.0,premier-league,25.0,25.0,1.0,2205.0,1.4357987744733691,0.2260055681690573,COMPLETE,Understat,soccerdata,1.9.1,True,0.0586040316111579,0.0092247170681247,2024-07-09,2025-12-07,premier-league,,,ELIGIBLE,0.031671,0.341667
695454,Chiquinho,Attack,Left Winger,2024,2024-07-09,2025-12-07,GB1,premier-league,first_tier,domestic_league,England,europa,TOP_LEAGUE,2024-08-17,2024-08-17,1,6.0,0.0,0.0,0.0,0.0,premier-league,1.0,1.0,1.0,6.0,0.0,0.0162079948931932,COMPLETE,Understat,soccerdata,1.9.1,True,0.0,0.2431199233978986,2024-07-09,2025-12-07,premier-league,,,INSUFFICIENT_MINUTES,,
696346,Jay Stansfield,Attack,Centre-Forward,2024,2024-07-09,2025-12-07,GB1,premier-league,first_tier,domestic_league,England,europa,TOP_LEAGUE,2024-08-16,2024-08-16,1,1.0,0.0,0.0,0.0,0.0,premier-league,1.0,1.0,1.0,1.0,0.0,0.0,COMPLETE,Understat,soccerdata,1.9.1,True,0.0,0.0,2024-07-09,2025-12-07,premier-league,,,INSUFFICIENT_MINUTES,,
696589,Tim Iroegbunam,Midfield,Central Midfield,2024,2024-07-09,2025-12-07,GB1,premier-league,first_tier,domestic_league,England,europa,TOP_LEAGUE,2024-08-17,2025-05-10,18,564.0,0.0,1.0,0.0,0.1595744680851064,premier-league,18.0,18.0,1.0,564.0,0.2085244953632354,0.1753694489598274,COMPLETE,Understat,soccerdata,1.9.1,True,0.0332751854303035,0.0279844865361426,2024-07-09,2025-12-07,premier-league,,,INSUFFICIENT_MINUTES,,
700106,Brajan Gruda,Midfield,Attacking Midfield,2024,2024-07-09,2025-12-07,GB1,premier-league,first_tier,domestic_league,England,europa,TOP_LEAGUE,2024-10-06,2025-05-25,21,681.0,1.0,4.0,0.13215859030837,0.5286343612334802,premier-league,21.0,21.0,1.0,681.0,1.0134435147047045,2.2726940251886845,COMPLETE,Understat,soccerdata,1.9.1,True,0.1339352662605336,0.3003560385711917,2024-07-09,2025-12-07,premier-league,,,INSUFFICIENT_MINUTES,,
701057,Rico Lewis,Defender,Right-Back,2024,2024-07-09,2025-12-07,GB1,premier-league,first_tier,domestic_league,England,europa,TOP_LEAGUE,2024-08-18,2025-05-10,28,1893.0,1.0,2.0,0.0475435816164817,0.0950871632329635,premier-league,28.0,28.0,1.0,1893.0,1.6414977870881555,0.3464172556996345,COMPLETE,Understat,soccerdata,1.9.1,True,0.0780426840136999,0.0164699170697132,2024-07-09,2025-12-07,premier-league,,,ELIGIBLE,0.059987,0.65
709767,Ji-soo Kim,Defender,Centre-Back,2024,2024-07-09,2025-12-07,GB1,premier-league,first_tier,domestic_league,England,europa,TOP_LEAGUE,2024-12-27,2025-03-08,3,28.0,0.0,0.0,0.0,0.0,premier-league,3.0,3.0,1.0,28.0,0.0,0.0,COMPLETE,Understat,soccerdata,1.9.1,True,0.0,0.0,2024-07-09,2025-12-07,premier-league,,,INSUFFICIENT_MINUTES,,
711337,Evanilson,Attack,Centre-Forward,2024,2024-07-09,2025-12-07,GB1,premier-league,first_tier,domestic_league,England,europa,TOP_LEAGUE,2024-08-25,2025-05-25,31,2336.0,10.0,5.0,0.3852739726027397,0.1926369863013698,premier-league,31.0,31.0,1.0,2336.0,13.714270060881972,1.9151847725734117,COMPLETE,Understat,soccerdata,1.9.1,True,0.5283751307702814,0.0737870845597632,2024-07-09,2025-12-07,premier-league,,,ELIGIBLE,0.32738,0.692308
711544,Jake O'Brien,Defender,Right-Back,2024,2024-07-09,2025-12-07,GB1,premier-league,first_tier,domestic_league,England,europa,TOP_LEAGUE,2024-09-14,2025-05-25,20,1569.0,2.0,0.0,0.1147227533460803,0.0,premier-league,20.0,20.0,1.0,1569.0,1.219971727579832,0.6676564291119576,COMPLETE,Understat,soccerdata,1.9.1,True,0.0699792577961662,0.0382976919184679,2024-07-09,2025-12-07,premier-league,,,ELIGIBLE,0.06307,0.683333
711999,Lesley Ugochukwu,Midfield,Defensive Midfield,2024,2024-07-09,2025-12-07,GB1,premier-league,first_tier,domestic_league,England,europa,TOP_LEAGUE,2024-09-14,2025-05-25,26,1663.0,1.0,1.0,0.0541190619362597,0.0541190619362597,premier-league,26.0,26.0,1.0,1663.0,0.8239525118842721,0.9677973967045546,COMPLETE,Understat,soccerdata,1.9.1,True,0.0445915370232017,0.0523762872540047,2024-07-09,2025-12-07,premier-league,,,ELIGIBLE,0.050912,0.268041
716276,Yerson Mosquera,Defender,Centre-Back,2024,2024-07-09,2025-12-07,GB1,premier-league,first_tier,domestic_league,England,europa,TOP_LEAGUE,2024-08-17,2024-09-21,5,442.0,0.0,0.0,0.0,0.0,premier-league,5.0,5.0,1.0,442.0,0.4660062603652477,0.094501007348299,COMPLETE,Understat,soccerdata,1.9.1,True,0.0948881525630594,0.0192422865641332,2024-07-09,2025-12-07,premier-league,,,INSUFFICIENT_MINUTES,,
717411,Yegor Yarmolyuk,Midfield,Central Midfield,2024,2024-07-09,2025-12-07,GB1,premier-league,first_tier,domestic_league,England,europa,TOP_LEAGUE,2024-09-14,2025-05-25,31,1443.0,0.0,0.0,0.0,0.0,premier-league,31.0,31.0,1.0,1443.0,0.7878594100475311,1.025589969009161,COMPLETE,Understat,soccerdata,1.9.1,True,0.049138840543505,0.0639661103332117,2024-07-09,2025-12-07,premier-league,,,ELIGIBLE,0.027535,0.092784
725912,Antonín Kinský,Goalkeeper,Goalkeeper,2024,2024-07-09,2025-12-07,GB1,premier-league,first_tier,domestic_league,England,europa,TOP_LEAGUE,2025-01-15,2025-05-16,6,540.0,0.0,0.0,0.0,0.0,premier-league,6.0,6.0,1.0,540.0,0.0,0.2203462421894073,COMPLETE,Understat,soccerdata,1.9.1,True,0.0,0.0367243736982345,2024-07-09,2025-12-07,premier-league,,,INSUFFICIENT_MINUTES,,
729264,Welington,Defender,Left-Back,2024,2024-07-09,2025-12-07,GB1,premier-league,first_tier,domestic_league,England,europa,TOP_LEAGUE,2025-02-01,2025-05-25,10,480.0,0.0,0.0,0.0,0.0,premier-league,10.0,10.0,1.0,480.0,0.0432555852457881,0.0715155974030494,COMPLETE,Understat,soccerdata,1.9.1,True,0.0081104222335852,0.0134091745130717,2024-07-09,2025-12-07,premier-league,,,INSUFFICIENT_MINUTES,,
730861,Milos Kerkez,Defender,Left-Back,2024,2024-07-09,2025-12-07,GB1,premier-league,first_tier,domestic_league,England,europa,TOP_LEAGUE,2024-08-17,2025-05-25,38,3342.0,2.0,6.0,0.0538599640933572,0.1615798922800718,premier-league,38.0,38.0,1.0,3342.0,0.7433816641569138,4.914374724030495,COMPLETE,Understat,soccerdata,1.9.1,True,0.0200192548695757,0.1323440230887924,2024-07-09,2025-12-07,premier-league,,,ELIGIBLE,0.080949,0.833333
730893,Tyrick Mitchell,Defender,Left-Back,2024,2024-07-09,2025-12-07,GB1,premier-league,first_tier,domestic_league,England,europa,TOP_LEAGUE,2024-08-18,2025-05-25,37,3103.0,0.0,5.0,0.0,0.1450209474701901,premier-league,37.0,37.0,1.0,3103.0,1.4204330071806908,7.109685024246573,COMPLETE,Understat,soccerdata,1.9.1,True,0.041198508103855,0.2062106516861719,2024-07-09,2025-12-07,premier-league,,,ELIGIBLE,0.082606,0.841667
732165,Ronnie Edwards,Defender,Centre-Back,2024,2024-07-09,2025-12-07,GB1,premier-league,first_tier,domestic_league,England,europa,TOP_LEAGUE,2024-12-04,2024-12-04,1,12.0,0.0,0.0,0.0,0.0,premier-league,1.0,1.0,1.0,12.0,0.0,0.0,COMPLETE,Understat,soccerdata,1.9.1,True,0.0,0.0,2024-07-09,2025-12-07,premier-league,,,INSUFFICIENT_MINUTES,,
735570,João Gomes,Midfield,Central Midfield,2024,2024-07-09,2025-12-07,GB1,premier-league,first_tier,domestic_league,England,europa,TOP_LEAGUE,2024-08-17,2025-05-25,36,2989.0,3.0,1.0,0.0903312144529943,0.0301104048176647,premier-league,36.0,36.0,1.0,2989.0,2.872034505009651,1.199560061097145,COMPLETE,Understat,soccerdata,1.9.1,True,0.086478121596142,0.0361192390427377,2024-07-09,2025-12-07,premier-league,,,ELIGIBLE,0.066289,0.329897
735571,Rodrigo Muniz,Attack,Centre-Forward,2024,2024-07-09,2025-12-07,GB1,premier-league,first_tier,domestic_league,England,europa,TOP_LEAGUE,2024-08-16,2025-04-14,31,950.0,8.0,1.0,0.7578947368421053,0.0947368421052631,premier-league,31.0,31.0,1.0,950.0,6.838322004303336,0.7810081988573074,COMPLETE,Understat,soccerdata,1.9.1,True,0.6478410319866319,0.0739902504180607,2024-07-09,2025-12-07,premier-league,,,ELIGIBLE,0.455466,0.948718
739443,Igor Thiago,Attack,Centre-Forward,2024,2024-07-09,2025-12-07,GB1,premier-league,first_tier,domestic_league,England,europa,TOP_LEAGUE,2024-11-23,2025-05-25,8,169.0,0.0,0.0,0.0,0.0,premier-league,8.0,8.0,1.0,169.0,0.1094420123845338,0.1144553758203983,COMPLETE,Understat,soccerdata,1.9.1,True,0.058282728488805,0.0609525670049458,2024-07-09,2025-12-07,premier-league,,,INSUFFICIENT_MINUTES,,
741238,Omari Hutchinson,Midfield,Attacking Midfield,2024,2024-07-09,2025-12-07,GB1,premier-league,first_tier,domestic_league,England,europa,TOP_LEAGUE,2024-08-17,2025-05-25,31,2593.0,3.0,2.0,0.1041264944080216,0.069417662938681,premier-league,31.0,31.0,1.0,2593.0,3.5237994957715277,3.373567247763276,COMPLETE,Understat,soccerdata,1.9.1,True,0.122306962830481,0.1170925770531025,2024-07-09,2025-12-07,premier-league,,,ELIGIBLE,0.105232,0.515464
742451,Carlos Forbs,Attack,Right Winger,2024,2024-07-09,2025-12-07,GB1,premier-league,first_tier,domestic_league,England,europa,TOP_LEAGUE,2024-09-15,2025-04-26,10,233.0,0.0,1.0,0.0,0.3862660944206008,premier-league,10.0,10.0,1.0,233.0,0.1455498486757278,0.0350774861872196,COMPLETE,Understat,soccerdata,1.9.1,True,0.0562209715914828,0.0135492435916298,2024-07-09,2025-12-07,premier-league,,,INSUFFICIENT_MINUTES,,
743413,Nico O'Reilly,Defender,Left-Back,2024,2024-07-09,2025-12-07,GB1,premier-league,first_tier,domestic_league,England,europa,TOP_LEAGUE,2025-01-19,2025-05-10,9,527.0,2.0,0.0,0.3415559772296015,0.0,premier-league,9.0,9.0,1.0,527.0,1.0966674238443377,0.2605451494455337,COMPLETE,Understat,soccerdata,1.9.1,True,0.1872866568235111,0.0444953765656509,2024-07-09,2025-12-07,premier-league,,,INSUFFICIENT_MINUTES,,
743498,Wilson Odobert,Attack,Left Winger,2024,2024-07-09,2025-12-07,GB1,premier-league,first_tier,domestic_league,England,europa,TOP_LEAGUE,2024-08-24,2025-05-25,16,849.0,1.0,0.0,0.1060070671378091,0.0,premier-league,16.0,16.0,1.0,849.0,2.115951618179679,0.8556916369125247,COMPLETE,Understat,soccerdata,1.9.1,True,0.2243058252487292,0.0907093608034478,2024-07-09,2025-12-07,premier-league,,,INSUFFICIENT_MINUTES,,
743591,Savinho,Attack,Left Winger,2024,2024-07-09,2025-12-07,GB1,premier-league,first_tier,domestic_league,England,europa,TOP_LEAGUE,2024-08-18,2025-05-25,29,1772.0,1.0,10.0,0.0507900677200902,0.5079006772009029,premier-league,29.0,29.0,1.0,1772.0,5.246914088726044,6.9446608647704124,COMPLETE,Understat,soccerdata,1.9.1,True,0.2664911218878916,0.3527197956147501,2024-07-09,2025-12-07,premier-league,,,ELIGIBLE,0.267308,0.423077
743597,Matheus França,Midfield,Attacking Midfield,2024,2024-07-09,2025-12-07,GB1,premier-league,first_tier,domestic_league,England,europa,TOP_LEAGUE,2025-04-02,2025-05-25,4,52.0,1.0,0.0,1.7307692307692308,0.0,premier-league,4.0,4.0,1.0,52.0,0.4079460725188255,0.0,COMPLETE,Understat,soccerdata,1.9.1,True,0.7060605101287365,0.0,2024-07-09,2025-12-07,premier-league,,,INSUFFICIENT_MINUTES,,
744149,Adam Wharton,Midfield,Defensive Midfield,2024,2024-07-09,2025-12-07,GB1,premier-league,first_tier,domestic_league,England,europa,TOP_LEAGUE,2024-08-18,2025-05-05,20,1327.0,0.0,2.0,0.0,0.1356443104747551,premier-league,20.0,20.0,1.0,1327.0,0.3357602218165993,3.3524712435901165,COMPLETE,Understat,soccerdata,1.9.1,True,0.0227719818865817,0.227371825111613,2024-07-09,2025-12-07,premier-league,,,ELIGIBLE,0.079435,0.391753
745191,Ramón Sosa,Attack,Second Striker,2024,2024-07-09,2025-12-07,GB1,premier-league,first_tier,domestic_league,England,europa,TOP_LEAGUE,2024-08-31,2025-05-05,19,280.0,1.0,0.0,0.3214285714285714,0.0,premier-league,19.0,19.0,1.0,280.0,1.1310514248907566,0.6833146139979362,COMPLETE,Understat,soccerdata,1.9.1,True,0.3635522437148861,0.2196368402136223,2024-07-09,2025-12-07,premier-league,,,INSUFFICIENT_MINUTES,,
746695,Kamaldeen Sulemana,Attack,Left Winger,2024,2024-07-09,2025-12-07,GB1,premier-league,first_tier,domestic_league,England,europa,TOP_LEAGUE,2024-10-19,2025-05-25,26,1406.0,1.0,1.0,0.0640113798008534,0.0640113798008534,premier-league,26.0,26.0,1.0,1406.0,1.5610322337597609,1.2623700015246868,COMPLETE,Understat,soccerdata,1.9.1,True,0.0999238271965707,0.0808060456168007,2024-07-09,2025-12-07,premier-league,,,ELIGIBLE,0.078144,0.012821
746740,Daniel Jebbison,Attack,Centre-Forward,2024,2024-07-09,2025-12-07,GB1,premier-league,first_tier,domestic_league,England,europa,TOP_LEAGUE,2024-08-17,2025-05-25,16,105.0,1.0,0.0,0.8571428571428571,0.0,premier-league,16.0,16.0,1.0,105.0,1.7295908629894257,0.2071749344468116,COMPLETE,Understat,soccerdata,1.9.1,True,1.4825064539909365,0.1775785152401243,2024-07-09,2025-12-07,premier-league,,,INSUFFICIENT_MINUTES,,
747009,Justin Devenny,Midfield,Attacking Midfield,2024,2024-07-09,2025-12-07,GB1,premier-league,first_tier,domestic_league,England,europa,TOP_LEAGUE,2024-11-09,2025-05-25,23,496.0,1.0,1.0,0.1814516129032258,0.1814516129032258,premier-league,23.0,23.0,1.0,496.0,1.1472182907164097,0.6334958653897047,COMPLETE,Understat,soccerdata,1.9.1,True,0.2081646092025743,0.1149488465424867,2024-07-09,2025-12-07,premier-league,,,INSUFFICIENT_MINUTES,,
748319,Carlos Alcaraz,Midfield,Central Midfield,2024,2024-07-09,2025-12-07,GB1,premier-league,first_tier,domestic_league,England,europa,TOP_LEAGUE,2024-08-17,2025-05-25,16,771.0,2.0,3.0,0.2334630350194552,0.3501945525291828,premier-league,16.0,16.0,1.0,771.0,1.660201769322157,2.288683351129293,COMPLETE,Understat,soccerdata,1.9.1,True,0.1937978719053101,0.2671614806765712,2024-07-09,2025-12-07,premier-league,,,INSUFFICIENT_MINUTES,,
763079,Abdukodir Khusanov,Defender,Centre-Back,2024,2024-07-09,2025-12-07,GB1,premier-league,first_tier,domestic_league,England,europa,TOP_LEAGUE,2025-01-25,2025-03-15,6,504.0,0.0,0.0,0.0,0.0,premier-league,6.0,6.0,1.0,504.0,0.015545766800642,0.105730659328401,COMPLETE,Understat,soccerdata,1.9.1,True,0.0027760297858289,0.0188804748800716,2024-07-09,2025-12-07,premier-league,,,INSUFFICIENT_MINUTES,,
776890,Nicolas Jackson,Attack,Centre-Forward,2024,2024-07-09,2025-12-07,GB1,premier-league,first_tier,domestic_league,England,europa,TOP_LEAGUE,2024-08-18,2025-05-11,30,2240.0,10.0,5.0,0.4017857142857143,0.2008928571428571,premier-league,30.0,30.0,1.0,2240.0,13.8340708874166,3.47239719517529,COMPLETE,Understat,soccerdata,1.9.1,True,0.5558332052979884,0.1395159587347214,2024-07-09,2025-12-07,premier-league,,,ELIGIBLE,0.355367,0.794872
777308,Zain Silcott-Duberry,Midfield,Left Midfield,2024,2024-07-09,2025-12-07,GB1,premier-league,first_tier,domestic_league,England,europa,TOP_LEAGUE,2025-01-25,2025-01-25,1,1.0,0.0,0.0,0.0,0.0,premier-league,1.0,1.0,1.0,1.0,0.0,0.0,COMPLETE,Understat,soccerdata,1.9.1,True,0.0,0.0,2024-07-09,2025-12-07,premier-league,,,INSUFFICIENT_MINUTES,,
796300,Alfie Dorrington,Defender,Centre-Back,2024,2024-07-09,2025-12-07,GB1,premier-league,first_tier,domestic_league,England,europa,TOP_LEAGUE,2024-12-15,2024-12-15,1,13.0,0.0,0.0,0.0,0.0,premier-league,1.0,1.0,1.0,13.0,0.0,0.0,COMPLETE,Understat,soccerdata,1.9.1,True,0.0,0.0,2024-07-09,2025-12-07,premier-league,,,INSUFFICIENT_MINUTES,,
800176,André,Midfield,Defensive Midfield,2024,2024-07-09,2025-12-07,GB1,premier-league,first_tier,domestic_league,England,europa,TOP_LEAGUE,2024-08-31,2025-05-25,33,2485.0,0.0,0.0,0.0,0.0,premier-league,33.0,33.0,1.0,2485.0,0.2956870160996914,0.8052516058087349,COMPLETE,Understat,soccerdata,1.9.1,True,0.0107089864985803,0.0291640420614833,2024-07-09,2025-12-07,premier-league,,,ELIGIBLE,0.009046,0.030928
801734,Mathys Tel,Attack,Centre-Forward,2024,2024-07-09,2025-12-07,GB1,premier-league,first_tier,domestic_league,England,europa,TOP_LEAGUE,2025-02-16,2025-05-25,13,913.0,2.0,2.0,0.1971522453450164,0.1971522453450164,premier-league,13.0,13.0,1.0,913.0,2.799501243978739,2.507141198962927,COMPLETE,Understat,soccerdata,1.9.1,True,0.2759639780482875,0.2471442583862688,2024-07-09,2025-12-07,premier-league,,,ELIGIBLE,0.230794,0.294872
805714,Renato Veiga,Defender,Centre-Back,2024,2024-07-09,2025-12-07,GB1,premier-league,first_tier,domestic_league,England,europa,TOP_LEAGUE,2024-08-18,2024-12-08,7,176.0,0.0,0.0,0.0,0.0,premier-league,7.0,7.0,1.0,176.0,0.1354483440518379,0.0,COMPLETE,Understat,soccerdata,1.9.1,True,0.0692633577537807,0.0,2024-07-09,2025-12-07,premier-league,,,INSUFFICIENT_MINUTES,,
808509,Danilo,Midfield,Central Midfield,2024,2024-07-09,2025-12-07,GB1,premier-league,first_tier,domestic_league,England,europa,TOP_LEAGUE,2024-08-17,2025-05-18,8,276.0,0.0,0.0,0.0,0.0,premier-league,8.0,8.0,1.0,276.0,0.0,0.0,COMPLETE,Understat,soccerdata,1.9.1,True,0.0,0.0,2024-07-09,2025-12-07,premier-league,,,INSUFFICIENT_MINUTES,,
811779,Alejandro Garnacho,Attack,Left Winger,2024,2024-07-09,2025-12-07,GB1,premier-league,first_tier,domestic_league,England,europa,TOP_LEAGUE,2024-08-16,2025-05-16,36,2196.0,6.0,2.0,0.2459016393442623,0.081967213114754,premier-league,36.0,36.0,1.0,2196.0,9.43980634957552,3.4675094597041607,COMPLETE,Understat,soccerdata,1.9.1,True,0.3868773094088328,0.1421110434304983,2024-07-09,2025-12-07,premier-league,,,ELIGIBLE,0.234649,0.307692
820374,Kobbie Mainoo,Midfield,Central Midfield,2024,2024-07-09,2025-12-07,GB1,premier-league,first_tier,domestic_league,England,europa,TOP_LEAGUE,2024-08-16,2025-05-25,25,1656.0,0.0,0.0,0.0,0.0,premier-league,25.0,25.0,1.0,1656.0,0.7448182795196772,2.04548772983253,COMPLETE,Understat,soccerdata,1.9.1,True,0.0404792543217215,0.1111678114039418,2024-07-09,2025-12-07,premier-league,,,ELIGIBLE,0.034377,0.123711
821522,Alfie Pond,Defender,Centre-Back,2024,2024-07-09,2025-12-07,GB1,premier-league,first_tier,domestic_league,England,europa,TOP_LEAGUE,2024-11-23,2024-11-23,1,1.0,0.0,0.0,0.0,0.0,premier-league,1.0,1.0,1.0,1.0,0.0,0.0,COMPLETE,Understat,soccerdata,1.9.1,True,0.0,0.0,2024-07-09,2025-12-07,premier-league,,,INSUFFICIENT_MINUTES,,
823231,Dango Ouattara,Attack,Right Winger,2024,2024-07-09,2025-12-07,GB1,premier-league,first_tier,domestic_league,England,europa,TOP_LEAGUE,2024-08-17,2025-05-03,32,2011.0,7.0,4.0,0.313276976628543,0.1790154152163103,premier-league,32.0,32.0,1.0,2011.0,10.9336802624166,5.989504734054208,COMPLETE,Understat,soccerdata,1.9.1,True,0.4893243280047211,0.2680534192266925,2024-07-09,2025-12-07,premier-league,,,ELIGIBLE,0.330194,0.705128
823486,Michael Kayode,Defender,Right-Back,2024,2024-07-09,2025-12-07,GB1,premier-league,first_tier,domestic_league,England,europa,TOP_LEAGUE,2025-02-02,2025-05-25,12,528.0,0.0,1.0,0.0,0.1704545454545454,premier-league,12.0,12.0,1.0,528.0,0.1810818612575531,0.98140287399292,COMPLETE,Understat,soccerdata,1.9.1,True,0.0308662263507192,0.1672845807942477,2024-07-09,2025-12-07,premier-league,,,INSUFFICIENT_MINUTES,,
845321,Kaelan Casey,Defender,Centre-Back,2024,2024-07-09,2025-12-07,GB1,premier-league,first_tier,domestic_league,England,europa,TOP_LEAGUE,2024-12-16,2024-12-16,1,1.0,0.0,0.0,0.0,0.0,premier-league,1.0,1.0,1.0,1.0,0.0,0.0,COMPLETE,Understat,soccerdata,1.9.1,True,0.0,0.0,2024-07-09,2025-12-07,premier-league,,,INSUFFICIENT_MINUTES,,
845809,Lewis Orford,Midfield,Central Midfield,2024,2024-07-09,2025-12-07,GB1,premier-league,first_tier,domestic_league,England,europa,TOP_LEAGUE,2025-01-18,2025-02-03,2,47.0,0.0,0.0,0.0,0.0,premier-league,2.0,2.0,1.0,47.0,0.0156571604311466,0.0269074831157922,COMPLETE,Understat,soccerdata,1.9.1,True,0.0299817965702807,0.0515249676685383,2024-07-09,2025-12-07,premier-league,,,INSUFFICIENT_MINUTES,,
848682,Kosta Nedeljkovic,Defender,Right-Back,2024,2024-07-09,2025-12-07,GB1,premier-league,first_tier,domestic_league,England,europa,TOP_LEAGUE,2024-08-17,2025-02-01,5,121.0,0.0,0.0,0.0,0.0,premier-league,5.0,5.0,1.0,121.0,0.0,0.0,COMPLETE,Understat,soccerdata,1.9.1,True,0.0,0.0,2024-07-09,2025-12-07,premier-league,,,INSUFFICIENT_MINUTES,,
854721,Ben Winterburn,Midfield,Defensive Midfield,2024,2024-07-09,2025-12-07,GB1,premier-league,first_tier,domestic_league,England,europa,TOP_LEAGUE,2024-12-29,2025-05-25,4,22.0,0.0,0.0,0.0,0.0,premier-league,4.0,4.0,1.0,22.0,0.0,0.0,COMPLETE,Understat,soccerdata,1.9.1,True,0.0,0.0,2024-07-09,2025-12-07,premier-league,,,INSUFFICIENT_MINUTES,,
855256,Alex Scott,Midfield,Central Midfield,2024,2024-07-09,2025-12-07,GB1,premier-league,first_tier,domestic_league,England,europa,TOP_LEAGUE,2024-08-17,2025-05-25,20,751.0,0.0,0.0,0.0,0.0,premier-league,20.0,20.0,1.0,751.0,0.7000175742432475,1.2158988821320236,COMPLETE,Understat,soccerdata,1.9.1,True,0.0838902552355423,0.145713581081068,2024-07-09,2025-12-07,premier-league,,,INSUFFICIENT_MINUTES,,
856479,Roman Dixon,Defender,Right-Back,2024,2024-07-09,2025-12-07,GB1,premier-league,first_tier,domestic_league,England,europa,TOP_LEAGUE,2024-08-24,2024-08-24,1,90.0,0.0,0.0,0.0,0.0,premier-league,1.0,1.0,1.0,90.0,0.0,0.0,COMPLETE,Understat,soccerdata,1.9.1,True,0.0,0.0,2024-07-09,2025-12-07,premier-league,,,INSUFFICIENT_MINUTES,,
862297,Nasser Djiga,Defender,Centre-Back,2024,2024-07-09,2025-12-07,GB1,premier-league,first_tier,domestic_league,England,europa,TOP_LEAGUE,2025-02-22,2025-05-20,5,65.0,0.0,0.0,0.0,0.0,premier-league,5.0,5.0,1.0,65.0,0.0,0.0,COMPLETE,Understat,soccerdata,1.9.1,True,0.0,0.0,2024-07-09,2025-12-07,premier-league,,,INSUFFICIENT_MINUTES,,
864121,Abdul Fatawu,Attack,Right Winger,2024,2024-07-09,2025-12-07,GB1,premier-league,first_tier,domestic_league,England,europa,TOP_LEAGUE,2024-08-19,2024-11-10,11,577.0,0.0,2.0,0.0,0.3119584055459272,premier-league,11.0,11.0,1.0,577.0,0.466048689559102,1.4724965319037435,COMPLETE,Understat,soccerdata,1.9.1,True,0.0726939030508131,0.2296788351322997,2024-07-09,2025-12-07,premier-league,,,INSUFFICIENT_MINUTES,,
866246,Lucas Bergvall,Midfield,Central Midfield,2024,2024-07-09,2025-12-07,GB1,premier-league,first_tier,domestic_league,England,europa,TOP_LEAGUE,2024-08-19,2025-04-27,27,1205.0,0.0,1.0,0.0,0.0746887966804979,premier-league,27.0,27.0,1.0,1205.0,0.6092278761789203,0.7203583419322968,COMPLETE,Understat,soccerdata,1.9.1,True,0.0455024969760189,0.0538026977376819,2024-07-09,2025-12-07,premier-league,,,ELIGIBLE,0.039349,0.185567
866655,Tyler Dibling,Attack,Right Winger,2024,2024-07-09,2025-12-07,GB1,premier-league,first_tier,domestic_league,England,europa,TOP_LEAGUE,2024-08-17,2025-05-18,33,1874.0,2.0,1.0,0.096051227321238,0.048025613660619,premier-league,33.0,33.0,1.0,1874.0,3.091769566759467,1.979686425998807,COMPLETE,Understat,soccerdata,1.9.1,True,0.1484841307408495,0.0950756554641903,2024-07-09,2025-12-07,premier-league,,,ELIGIBLE,0.101981,0.051282
867688,Jack Hinshelwood,Midfield,Defensive Midfield,2024,2024-07-09,2025-12-07,GB1,premier-league,first_tier,domestic_league,England,europa,TOP_LEAGUE,2024-08-17,2025-05-25,26,1848.0,5.0,3.0,0.2435064935064935,0.1461038961038961,premier-league,26.0,26.0,1.0,1848.0,3.2537715872749686,1.4211199935525656,COMPLETE,Understat,soccerdata,1.9.1,True,0.158462901977677,0.0692103892963911,2024-07-09,2025-12-07,premier-league,,,ELIGIBLE,0.163654,0.721649
867711,Will Alves,Midfield,Attacking Midfield,2024,2024-07-09,2025-12-07,GB1,premier-league,first_tier,domestic_league,England,europa,TOP_LEAGUE,2024-12-29,2024-12-29,1,1.0,0.0,0.0,0.0,0.0,premier-league,1.0,1.0,1.0,1.0,0.0,0.0,COMPLETE,Understat,soccerdata,1.9.1,True,0.0,0.0,2024-07-09,2025-12-07,premier-league,,,INSUFFICIENT_MINUTES,,
874538,Ryan Trevitt,Midfield,Central Midfield,2024,2024-07-09,2025-12-07,GB1,premier-league,first_tier,domestic_league,England,europa,TOP_LEAGUE,2024-09-21,2024-09-21,1,3.0,0.0,0.0,0.0,0.0,premier-league,1.0,1.0,1.0,3.0,0.0,0.0,COMPLETE,Understat,soccerdata,1.9.1,True,0.0,0.0,2024-07-09,2025-12-07,premier-league,,,INSUFFICIENT_MINUTES,,
879768,Will Lankshear,Attack,Centre-Forward,2024,2024-07-09,2025-12-07,GB1,premier-league,first_tier,domestic_league,England,europa,TOP_LEAGUE,2024-12-01,2025-01-26,3,10.0,0.0,0.0,0.0,0.0,premier-league,3.0,3.0,1.0,10.0,0.0,0.0,COMPLETE,Understat,soccerdata,1.9.1,True,0.0,0.0,2024-07-09,2025-12-07,premier-league,,,INSUFFICIENT_MINUTES,,
880245,Mateus Fernandes,Midfield,Central Midfield,2024,2024-07-09,2025-12-07,GB1,premier-league,first_tier,domestic_league,England,europa,TOP_LEAGUE,2024-08-24,2025-05-25,36,2922.0,2.0,4.0,0.0616016427104722,0.1232032854209445,premier-league,36.0,36.0,1.0,2922.0,5.0105931609869,3.847336508333683,COMPLETE,Understat,soccerdata,1.9.1,True,0.1543303848353255,0.1185011244866637,2024-07-09,2025-12-07,premier-league,,,ELIGIBLE,0.11312,0.556701
890290,Dean Huijsen,Defender,Centre-Back,2024,2024-07-09,2025-12-07,GB1,premier-league,first_tier,domestic_league,England,europa,TOP_LEAGUE,2024-08-17,2025-05-25,32,2422.0,3.0,2.0,0.111478117258464,0.074318744838976,premier-league,32.0,32.0,1.0,2422.0,1.5728872679173946,2.331902604550123,COMPLETE,Understat,soccerdata,1.9.1,True,0.0584475037624135,0.0866520373284521,2024-07-09,2025-12-07,premier-league,,,ELIGIBLE,0.083172,0.85
890719,Ethan Nwaneri,Midfield,Attacking Midfield,2024,2024-07-09,2025-12-07,GB1,premier-league,first_tier,domestic_league,England,europa,TOP_LEAGUE,2024-09-15,2025-05-25,26,889.0,4.0,2.0,0.4049493813273341,0.202474690663667,premier-league,26.0,26.0,1.0,889.0,1.7757814601063728,1.1617773352190852,COMPLETE,Understat,soccerdata,1.9.1,True,0.1797754009106564,0.1176152532842718,2024-07-09,2025-12-07,premier-league,,,INSUFFICIENT_MINUTES,,
890721,Myles Lewis-Skelly,Defender,Left-Back,2024,2024-07-09,2025-12-07,GB1,premier-league,first_tier,domestic_league,England,europa,TOP_LEAGUE,2024-09-22,2025-05-25,23,1371.0,1.0,0.0,0.0656455142231947,0.0,premier-league,23.0,23.0,1.0,1371.0,0.2544533908367157,0.4991668798029423,COMPLETE,Understat,soccerdata,1.9.1,True,0.0167037236873117,0.0327680665078517,2024-07-09,2025-12-07,premier-league,,,ELIGIBLE,0.031258,0.333333
897481,Eric da Silva Moreira,Defender,Right-Back,2024,2024-07-09,2025-12-07,GB1,premier-league,first_tier,domestic_league,England,europa,TOP_LEAGUE,2024-11-02,2024-12-04,2,28.0,0.0,0.0,0.0,0.0,premier-league,2.0,2.0,1.0,28.0,0.0,0.0,COMPLETE,Understat,soccerdata,1.9.1,True,0.0,0.0,2024-07-09,2025-12-07,premier-league,,,INSUFFICIENT_MINUTES,,
911424,Tyler Fredricson,Defender,Centre-Back,2024,2024-07-09,2025-12-07,GB1,premier-league,first_tier,domestic_league,England,europa,TOP_LEAGUE,2025-04-20,2025-05-04,2,166.0,0.0,0.0,0.0,0.0,premier-league,2.0,2.0,1.0,166.0,0.0,0.0,COMPLETE,Understat,soccerdata,1.9.1,True,0.0,0.0,2024-07-09,2025-12-07,premier-league,,,INSUFFICIENT_MINUTES,,
922563,Oliver Scarles,Defender,Left-Back,2024,2024-07-09,2025-12-07,GB1,premier-league,first_tier,domestic_league,England,europa,TOP_LEAGUE,2024-12-16,2025-05-25,15,663.0,0.0,0.0,0.0,0.0,premier-league,15.0,15.0,1.0,663.0,0.1373369004577398,0.1161051169037818,COMPLETE,Understat,soccerdata,1.9.1,True,0.0186430181616841,0.0157608755977984,2024-07-09,2025-12-07,premier-league,,,INSUFFICIENT_MINUTES,,
922693,Archie Gray,Midfield,Defensive Midfield,2024,2024-07-09,2025-12-07,GB1,premier-league,first_tier,domestic_league,England,europa,TOP_LEAGUE,2024-08-19,2025-05-25,28,1744.0,0.0,0.0,0.0,0.0,premier-league,28.0,28.0,1.0,1744.0,0.0294456556439399,0.1526386328041553,COMPLETE,Understat,soccerdata,1.9.1,True,0.0015195579174051,0.007876993665352,2024-07-09,2025-12-07,premier-league,,,ELIGIBLE,0.002031,0.010309
922769,Lewis Miley,Midfield,Central Midfield,2024,2024-07-09,2025-12-07,GB1,premier-league,first_tier,domestic_league,England,europa,TOP_LEAGUE,2024-12-21,2025-05-18,14,304.0,1.0,0.0,0.2960526315789473,0.0,premier-league,14.0,14.0,1.0,304.0,0.2039504423737526,0.0893867462873458,COMPLETE,Understat,soccerdata,1.9.1,True,0.0603800651764399,0.0264631814666484,2024-07-09,2025-12-07,premier-league,,,INSUFFICIENT_MINUTES,,
923831,Leny Yoro,Defender,Centre-Back,2024,2024-07-09,2025-12-07,GB1,premier-league,first_tier,domestic_league,England,europa,TOP_LEAGUE,2024-12-04,2025-05-11,21,1164.0,0.0,0.0,0.0,0.0,premier-league,21.0,21.0,1.0,1164.0,1.1257849335670471,0.0538205839693546,COMPLETE,Understat,soccerdata,1.9.1,True,0.0870452268221943,0.0041613853584552,2024-07-09,2025-12-07,premier-league,,,ELIGIBLE,0.026946,0.275
926952,Patrick Dorgu,Attack,Left Winger,2024,2024-07-09,2025-12-07,GB1,premier-league,first_tier,domestic_league,England,europa,TOP_LEAGUE,2025-02-16,2025-05-25,12,843.0,0.0,0.0,0.0,0.0,premier-league,12.0,12.0,1.0,843.0,0.3947257157415151,0.9689584393054248,COMPLETE,Understat,soccerdata,1.9.1,True,0.0421415354884179,0.1034475202105435,2024-07-09,2025-12-07,premier-league,,,INSUFFICIENT_MINUTES,,
933900,Samuel Amo-Ameyaw,Attack,Right Winger,2024,2024-07-09,2025-12-07,GB1,premier-league,first_tier,domestic_league,England,europa,TOP_LEAGUE,2024-08-17,2024-12-07,2,26.0,0.0,0.0,0.0,0.0,premier-league,2.0,2.0,1.0,26.0,0.0327474772930145,0.0393431074917316,COMPLETE,Understat,soccerdata,1.9.1,True,0.1133566521681272,0.1361876797790711,2024-07-09,2025-12-07,premier-league,,,INSUFFICIENT_MINUTES,,
936842,Michael Golding,Midfield,Central Midfield,2024,2024-07-09,2025-12-07,GB1,premier-league,first_tier,domestic_league,England,europa,TOP_LEAGUE,2025-05-03,2025-05-03,1,1.0,0.0,0.0,0.0,0.0,premier-league,1.0,1.0,1.0,1.0,0.0,0.0,COMPLETE,Understat,soccerdata,1.9.1,True,0.0,0.0,2024-07-09,2025-12-07,premier-league,,,INSUFFICIENT_MINUTES,,
936874,Tyrique George,Attack,Left Winger,2024,2024-07-09,2025-12-07,GB1,premier-league,first_tier,domestic_league,England,europa,TOP_LEAGUE,2025-01-20,2025-05-16,8,178.0,1.0,1.0,0.5056179775280899,0.5056179775280899,premier-league,8.0,8.0,1.0,178.0,0.3738933689892292,1.0261513106524944,COMPLETE,Understat,soccerdata,1.9.1,True,0.1890472090394979,0.5188405503299129,2024-07-09,2025-12-07,premier-league,,,INSUFFICIENT_MINUTES,,
938158,Marc Guiu,Attack,Centre-Forward,2024,2024-07-09,2025-12-07,GB1,premier-league,first_tier,domestic_league,England,europa,TOP_LEAGUE,2024-08-18,2025-02-03,3,70.0,0.0,0.0,0.0,0.0,premier-league,3.0,3.0,1.0,70.0,0.0,0.0404958091676235,COMPLETE,Understat,soccerdata,1.9.1,True,0.0,0.052066040358373,2024-07-09,2025-12-07,premier-league,,,INSUFFICIENT_MINUTES,,
939290,Jayden Danns,Attack,Centre-Forward,2024,2024-07-09,2025-12-07,GB1,premier-league,first_tier,domestic_league,England,europa,TOP_LEAGUE,2025-01-25,2025-01-25,1,10.0,0.0,0.0,0.0,0.0,premier-league,1.0,1.0,1.0,10.0,0.0,0.0,COMPLETE,Understat,soccerdata,1.9.1,True,0.0,0.0,2024-07-09,2025-12-07,premier-league,,,INSUFFICIENT_MINUTES,,
942497,Jahmai Simpson-Pusey,Defender,Centre-Back,2024,2024-07-09,2025-12-07,GB1,premier-league,first_tier,domestic_league,England,europa,TOP_LEAGUE,2024-11-09,2024-12-26,2,95.0,0.0,0.0,0.0,0.0,premier-league,2.0,2.0,1.0,95.0,0.0,0.0,COMPLETE,Understat,soccerdata,1.9.1,True,0.0,0.0,2024-07-09,2025-12-07,premier-league,,,INSUFFICIENT_MINUTES,,
954104,Jayden Meghoma,Defender,Left-Back,2024,2024-07-09,2025-12-07,GB1,premier-league,first_tier,domestic_league,England,europa,TOP_LEAGUE,2024-12-15,2024-12-15,1,4.0,0.0,0.0,0.0,0.0,premier-league,1.0,1.0,1.0,4.0,0.0,0.0,COMPLETE,Understat,soccerdata,1.9.1,True,0.0,0.0,2024-07-09,2025-12-07,premier-league,,,INSUFFICIENT_MINUTES,,
967319,Romain Esse,Attack,Right Winger,2024,2024-07-09,2025-12-07,GB1,premier-league,first_tier,domestic_league,England,europa,TOP_LEAGUE,2025-01-26,2025-05-25,7,136.0,1.0,1.0,0.6617647058823529,0.6617647058823529,premier-league,7.0,7.0,1.0,136.0,0.5787168145179749,0.3007222488522529,COMPLETE,Understat,soccerdata,1.9.1,True,0.3829743625486598,0.1990073705639909,2024-07-09,2025-12-07,premier-league,,,INSUFFICIENT_MINUTES,,
973085,Carlos Baleba,Midfield,Defensive Midfield,2024,2024-07-09,2025-12-07,GB1,premier-league,first_tier,domestic_league,England,europa,TOP_LEAGUE,2024-08-24,2025-05-25,34,2673.0,3.0,1.0,0.101010101010101,0.0336700336700336,premier-league,34.0,34.0,1.0,2673.0,2.8824724731966853,1.6279380414634943,COMPLETE,Understat,soccerdata,1.9.1,True,0.0970529452254776,0.0548127286688045,2024-07-09,2025-12-07,premier-league,,,ELIGIBLE,0.077115,0.371134
982097,Shumaira Mheuka,Attack,Centre-Forward,2024,2024-07-09,2025-12-07,GB1,premier-league,first_tier,domestic_league,England,europa,TOP_LEAGUE,2025-02-25,2025-02-25,1,1.0,0.0,0.0,0.0,0.0,premier-league,1.0,1.0,1.0,1.0,0.0250541865825653,0.0,COMPLETE,Understat,soccerdata,1.9.1,True,2.2548767924308777,0.0,2024-07-09,2025-12-07,premier-league,,,INSUFFICIENT_MINUTES,,
983989,Facundo Buonanotte,Midfield,Attacking Midfield,2024,2024-07-09,2025-12-07,GB1,premier-league,first_tier,domestic_league,England,europa,TOP_LEAGUE,2024-08-19,2025-05-25,31,1514.0,5.0,2.0,0.297225891677675,0.11889035667107,premier-league,31.0,31.0,1.0,1514.0,4.3609558045864105,3.352718798443675,COMPLETE,Understat,soccerdata,1.9.1,True,0.2592377955170257,0.1993029668823849,2024-07-09,2025-12-07,premier-league,,,ELIGIBLE,0.230578,0.865979
986298,Joachim Kayi Sanda,Defender,Centre-Back,2024,2024-07-09,2025-12-07,GB1,premier-league,first_tier,domestic_league,England,europa,TOP_LEAGUE,2025-05-18,2025-05-25,2,12.0,0.0,0.0,0.0,0.0,premier-league,2.0,2.0,1.0,12.0,0.0,0.0,COMPLETE,Understat,soccerdata,1.9.1,True,0.0,0.0,2024-07-09,2025-12-07,premier-league,,,INSUFFICIENT_MINUTES,,
991800,Luís Guilherme,Attack,Right Winger,2024,2024-07-09,2025-12-07,GB1,premier-league,first_tier,domestic_league,England,europa,TOP_LEAGUE,2024-10-05,2025-05-18,12,139.0,0.0,0.0,0.0,0.0,premier-league,12.0,12.0,1.0,139.0,0.3657259922474623,0.1099593006074428,COMPLETE,Understat,soccerdata,1.9.1,True,0.2368010021746158,0.0711966694580565,2024-07-09,2025-12-07,premier-league,,,INSUFFICIENT_MINUTES,,
992686,Martial Godo,Attack,Left Winger,2024,2024-07-09,2025-12-07,GB1,premier-league,first_tier,domestic_league,England,europa,TOP_LEAGUE,2024-12-22,2025-05-10,2,21.0,0.0,0.0,0.0,0.0,premier-league,2.0,2.0,1.0,21.0,0.0,0.0834133774042129,COMPLETE,Understat,soccerdata,1.9.1,True,0.0,0.3574859031609126,2024-07-09,2025-12-07,premier-league,,,INSUFFICIENT_MINUTES,,
994536,Claudio Echeverri,Midfield,Attacking Midfield,2024,2024-07-09,2025-12-07,GB1,premier-league,first_tier,domestic_league,England,europa,TOP_LEAGUE,2025-05-25,2025-05-25,1,5.0,0.0,0.0,0.0,0.0,premier-league,1.0,1.0,1.0,5.0,0.0,0.0,COMPLETE,Understat,soccerdata,1.9.1,True,0.0,0.0,2024-07-09,2025-12-07,premier-league,,,INSUFFICIENT_MINUTES,,
996897,Diego Gómez,Midfield,Central Midfield,2024,2024-07-09,2025-12-07,GB1,premier-league,first_tier,domestic_league,England,europa,TOP_LEAGUE,2025-01-19,2025-05-25,16,511.0,1.0,1.0,0.1761252446183953,0.1761252446183953,premier-league,16.0,16.0,1.0,511.0,0.8773256950080395,1.5821922849863768,COMPLETE,Understat,soccerdata,1.9.1,True,0.1545192026432946,0.2786640032265634,2024-07-09,2025-12-07,premier-league,,,INSUFFICIENT_MINUTES,,
1004708,Josh Acheampong,Defender,Right-Back,2024,2024-07-09,2025-12-07,GB1,premier-league,first_tier,domestic_league,England,europa,TOP_LEAGUE,2025-01-04,2025-03-09,4,169.0,0.0,0.0,0.0,0.0,premier-league,4.0,4.0,1.0,169.0,0.168215662240982,0.0,COMPLETE,Understat,soccerdata,1.9.1,True,0.0895823053354342,0.0,2024-07-09,2025-12-07,premier-league,,,INSUFFICIENT_MINUTES,,
1005575,Vitor Reis,Defender,Centre-Back,2024,2024-07-09,2025-12-07,GB1,premier-league,first_tier,domestic_league,England,europa,TOP_LEAGUE,2025-04-02,2025-04-02,1,1.0,0.0,0.0,0.0,0.0,premier-league,1.0,1.0,1.0,1.0,0.0,0.0,COMPLETE,Understat,soccerdata,1.9.1,True,0.0,0.0,2024-07-09,2025-12-07,premier-league,,,INSUFFICIENT_MINUTES,,
1005649,Murillo,Defender,Centre-Back,2024,2024-07-09,2025-12-07,GB1,premier-league,first_tier,domestic_league,England,europa,TOP_LEAGUE,2024-08-17,2025-05-25,36,3191.0,2.0,0.0,0.05640864932623,0.0,premier-league,36.0,36.0,1.0,3191.0,1.9497453132644296,1.3909434340894222,COMPLETE,Understat,soccerdata,1.9.1,True,0.0549912498256968,0.0392306202030861,2024-07-09,2025-12-07,premier-league,,,ELIGIBLE,0.041266,0.458333
1009658,Julio Soler,Defender,Left-Back,2024,2024-07-09,2025-12-07,GB1,premier-league,first_tier,domestic_league,England,europa,TOP_LEAGUE,2025-04-14,2025-05-25,3,9.0,0.0,0.0,0.0,0.0,premier-league,3.0,3.0,1.0,9.0,0.0,0.0,COMPLETE,Understat,soccerdata,1.9.1,True,0.0,0.0,2024-07-09,2025-12-07,premier-league,,,INSUFFICIENT_MINUTES,,
1010854,Mathis Amougou,Midfield,Central Midfield,2024,2024-07-09,2025-12-07,GB1,premier-league,first_tier,domestic_league,England,europa,TOP_LEAGUE,2025-02-25,2025-02-25,1,7.0,0.0,0.0,0.0,0.0,premier-league,1.0,1.0,1.0,7.0,0.0,0.0,COMPLETE,Understat,soccerdata,1.9.1,True,0.0,0.0,2024-07-09,2025-12-07,premier-league,,,INSUFFICIENT_MINUTES,,
1011131,Josh King,Midfield,Attacking Midfield,2024,2024-07-09,2025-12-07,GB1,premier-league,first_tier,domestic_league,England,europa,TOP_LEAGUE,2024-12-05,2025-05-25,8,127.0,0.0,0.0,0.0,0.0,premier-league,8.0,8.0,1.0,127.0,0.5880258642137051,0.7531819939613342,COMPLETE,Understat,soccerdata,1.9.1,True,0.4167112423561689,0.5337510193426778,2024-07-09,2025-12-07,premier-league,,,INSUFFICIENT_MINUTES,,
1011147,Mikey Moore,Attack,Left Winger,2024,2024-07-09,2025-12-07,GB1,premier-league,first_tier,domestic_league,England,europa,TOP_LEAGUE,2024-09-21,2025-05-16,10,361.0,0.0,1.0,0.0,0.2493074792243767,premier-league,10.0,10.0,1.0,361.0,0.1638267338275909,0.6736010685563087,COMPLETE,Understat,soccerdata,1.9.1,True,0.0408432300401196,0.1679337844046199,2024-07-09,2025-12-07,premier-league,,,INSUFFICIENT_MINUTES,,
1011738,Harry Amass,Defender,Left-Back,2024,2024-07-09,2025-12-07,GB1,premier-league,first_tier,domestic_league,England,europa,TOP_LEAGUE,2025-03-16,2025-05-11,5,346.0,0.0,0.0,0.0,0.0,premier-league,5.0,5.0,1.0,346.0,0.0897043105214834,0.0491649769246578,COMPLETE,Understat,soccerdata,1.9.1,True,0.0233334911761084,0.0127885778127722,2024-07-09,2025-12-07,premier-league,,,INSUFFICIENT_MINUTES,,
1012534,Yankuba Minteh,Attack,Right Winger,2024,2024-07-09,2025-12-07,GB1,premier-league,first_tier,domestic_league,England,europa,TOP_LEAGUE,2024-08-17,2025-05-25,32,1844.0,6.0,4.0,0.2928416485900217,0.1952277657266811,premier-league,32.0,32.0,1.0,1844.0,5.669837724417448,4.871835011057556,COMPLETE,Understat,soccerdata,1.9.1,True,0.2767274377427171,0.2377793660494468,2024-07-09,2025-12-07,premier-league,,,ELIGIBLE,0.257472,0.410256
1042886,Chido Obi,Attack,Centre-Forward,2024,2024-07-09,2025-12-07,GB1,premier-league,first_tier,domestic_league,England,europa,TOP_LEAGUE,2025-02-16,2025-05-25,7,160.0,0.0,0.0,0.0,0.0,premier-league,7.0,7.0,1.0,160.0,0.5575938895344734,0.0,COMPLETE,Understat,soccerdata,1.9.1,True,0.3136465628631413,0.0,2024-07-09,2025-12-07,premier-league,,,INSUFFICIENT_MINUTES,,
1045124,Jay Robinson,Attack,Left Winger,2024,2024-07-09,2025-12-07,GB1,premier-league,first_tier,domestic_league,England,europa,TOP_LEAGUE,2025-04-12,2025-05-25,4,135.0,0.0,0.0,0.0,0.0,premier-league,4.0,4.0,1.0,135.0,0.0555344186723232,0.6817478071898222,COMPLETE,Understat,soccerdata,1.9.1,True,0.0370229457815488,0.4544985381265481,2024-07-09,2025-12-07,premier-league,,,INSUFFICIENT_MINUTES,,
1047256,Asher Agbinone,Attack,Left Winger,2024,2024-07-09,2025-12-07,GB1,premier-league,first_tier,domestic_league,England,europa,TOP_LEAGUE,2024-10-21,2024-11-09,2,4.0,0.0,0.0,0.0,0.0,premier-league,2.0,2.0,1.0,4.0,0.0151914963498711,0.0238666459918022,COMPLETE,Understat,soccerdata,1.9.1,True,0.341808667872101,0.5369995348155499,2024-07-09,2025-12-07,premier-league,,,INSUFFICIENT_MINUTES,,
1047261,Caleb Kporha,Defender,Right-Back,2024,2024-07-09,2025-12-07,GB1,premier-league,first_tier,domestic_league,England,europa,TOP_LEAGUE,2024-11-09,2024-12-21,2,11.0,0.0,0.0,0.0,0.0,premier-league,2.0,2.0,1.0,11.0,0.0,0.0,COMPLETE,Understat,soccerdata,1.9.1,True,0.0,0.0,2024-07-09,2025-12-07,premier-league,,,INSUFFICIENT_MINUTES,,
1063329,Andrés García,Defender,Right-Back,2024,2024-07-09,2025-12-07,GB1,premier-league,first_tier,domestic_league,England,europa,TOP_LEAGUE,2025-02-01,2025-04-12,7,317.0,0.0,0.0,0.0,0.0,premier-league,7.0,7.0,1.0,317.0,0.0354386642575264,0.2688065897673368,COMPLETE,Understat,soccerdata,1.9.1,True,0.0100614504201179,0.0763173283251114,2024-07-09,2025-12-07,premier-league,,,INSUFFICIENT_MINUTES,,
1067168,Harry Howell,Midfield,Attacking Midfield,2024,2024-07-09,2025-12-07,GB1,premier-league,first_tier,domestic_league,England,europa,TOP_LEAGUE,2025-05-19,2025-05-19,1,6.0,0.0,0.0,0.0,0.0,premier-league,1.0,1.0,1.0,6.0,0.0,0.0,COMPLETE,Understat,soccerdata,1.9.1,True,0.0,0.0,2024-07-09,2025-12-07,premier-league,,,INSUFFICIENT_MINUTES,,
1078163,Ayden Heaven,Defender,Centre-Back,2024,2024-07-09,2025-12-07,GB1,premier-league,first_tier,domestic_league,England,europa,TOP_LEAGUE,2025-03-09,2025-05-25,4,171.0,0.0,0.0,0.0,0.0,premier-league,4.0,4.0,1.0,171.0,0.060109693557024,0.0120950564742088,COMPLETE,Understat,soccerdata,1.9.1,True,0.0316366808194863,0.006365819196952,2024-07-09,2025-12-07,premier-league,,,INSUFFICIENT_MINUTES,,
1086375,Gustavo Nunes,Attack,Left Winger,2024,2024-07-09,2025-12-07,GB1,premier-league,first_tier,domestic_league,England,europa,TOP_LEAGUE,2025-04-12,2025-05-04,3,11.0,0.0,0.0,0.0,0.0,premier-league,3.0,3.0,1.0,11.0,0.0,0.0,COMPLETE,Understat,soccerdata,1.9.1,True,0.0,0.0,2024-07-09,2025-12-07,premier-league,,,INSUFFICIENT_MINUTES,,
1089802,Remy Rees-Dottin,Attack,Centre-Forward,2024,2024-07-09,2025-12-07,GB1,premier-league,first_tier,domestic_league,England,europa,TOP_LEAGUE,2025-01-18,2025-01-18,1,1.0,0.0,0.0,0.0,0.0,premier-league,1.0,1.0,1.0,1.0,0.0,0.0,COMPLETE,Understat,soccerdata,1.9.1,True,0.0,0.0,2024-07-09,2025-12-07,premier-league,,,INSUFFICIENT_MINUTES,,
1107733,Harrison Armstrong,Midfield,Central Midfield,2024,2024-07-09,2025-12-07,GB1,premier-league,first_tier,domestic_league,England,europa,TOP_LEAGUE,2024-08-24,2025-01-04,3,47.0,0.0,0.0,0.0,0.0,premier-league,3.0,3.0,1.0,47.0,0.2571773827075958,0.0711022391915321,COMPLETE,Understat,soccerdata,1.9.1,True,0.4924673285890132,0.1361532239837849,2024-07-09,2025-12-07,premier-league,,,INSUFFICIENT_MINUTES,,
1135364,Olabade Aluko,Defender,Right-Back,2024,2024-07-09,2025-12-07,GB1,premier-league,first_tier,domestic_league,England,europa,TOP_LEAGUE,2025-05-25,2025-05-25,1,1.0,0.0,0.0,0.0,0.0,premier-league,1.0,1.0,1.0,1.0,0.0,0.0,COMPLETE,Understat,soccerdata,1.9.1,True,0.0,0.0,2024-07-09,2025-12-07,premier-league,,,INSUFFICIENT_MINUTES,,
1141628,Yunus Konak,Midfield,Defensive Midfield,2024,2024-07-09,2025-12-07,GB1,premier-league,first_tier,domestic_league,England,europa,TOP_LEAGUE,2024-09-21,2025-05-10,10,37.0,0.0,0.0,0.0,0.0,premier-league,10.0,10.0,1.0,37.0,0.1090388596057891,0.0,COMPLETE,Understat,soccerdata,1.9.1,True,0.2652296585005683,0.0,2024-07-09,2025-12-07,premier-league,,,INSUFFICIENT_MINUTES,,
1171764,Jake Evans,Attack,Centre-Forward,2024,2024-07-09,2025-12-07,GB1,premier-league,first_tier,domestic_league,England,europa,TOP_LEAGUE,2025-04-12,2025-05-25,4,21.0,0.0,0.0,0.0,0.0,premier-league,4.0,4.0,1.0,21.0,0.0,0.0,COMPLETE,Understat,soccerdata,1.9.1,True,0.0,0.0,2024-07-09,2025-12-07,premier-league,,,INSUFFICIENT_MINUTES,,
1193867,Pedro Lima,Defender,Right-Back,2024,2024-07-09,2025-12-07,GB1,premier-league,first_tier,domestic_league,England,europa,TOP_LEAGUE,2025-01-06,2025-02-22,3,70.0,0.0,0.0,0.0,0.0,premier-league,3.0,3.0,1.0,70.0,0.05142717435956,0.0718730613589286,COMPLETE,Understat,soccerdata,1.9.1,True,0.0661206527480057,0.092408221747194,2024-07-09,2025-12-07,premier-league,,,INSUFFICIENT_MINUTES,,
1230661,Mateus Mané,Midfield,Attacking Midfield,2024,2024-07-09,2025-12-07,GB1,premier-league,first_tier,domestic_league,England,europa,TOP_LEAGUE,2025-05-10,2025-05-10,1,1.0,0.0,0.0,0.0,0.0,premier-league,1.0,1.0,1.0,1.0,0.0,0.0,COMPLETE,Understat,soccerdata,1.9.1,True,0.0,0.0,2024-07-09,2025-12-07,premier-league,,,INSUFFICIENT_MINUTES,,
1245948,Jeremy Monga,Attack,Left Winger,2024,2024-07-09,2025-12-07,GB1,premier-league,first_tier,domestic_league,England,europa,TOP_LEAGUE,2025-04-07,2025-05-25,7,105.0,0.0,0.0,0.0,0.0,premier-league,7.0,7.0,1.0,105.0,0.2071486935019493,0.0185432843863964,COMPLETE,Understat,soccerdata,1.9.1,True,0.1775560230016708,0.0158942437597683,2024-07-09,2025-12-07,premier-league,,,INSUFFICIENT_MINUTES,,
