game_id,season,date,competition_id,home_club_id,away_club_id,home_club_goals,away_club_goals,competition_type,competition_code,competition_name,competition_sub_type,competition_metadata_type,country_name,confederation,scope_status,scope_reason
2234404,2012,2012-07-09,UKRS,2783,660,0,2,,,,,,,,REVIEW,insufficient competition metadata to determine official club competition
2247452,2012,2012-07-28,POCP,10140,8024,4,2,,,,,,,,REVIEW,insufficient competition metadata to determine official club competition
2247453,2012,2012-07-29,POCP,68608,8827,1,1,,,,,,,,REVIEW,insufficient competition metadata to determine official club competition
2247454,2012,2012-07-29,POCP,2421,976,1,1,,,,,,,,REVIEW,insufficient competition metadata to determine official club competition
2247455,2012,2012-07-29,POCP,4814,5227,3,1,,,,,,,,REVIEW,insufficient competition metadata to determine official club competition
2247456,2012,2012-07-29,POCP,3349,3327,2,1,,,,,,,,REVIEW,insufficient competition metadata to determine official club competition
2247457,2012,2012-07-29,POCP,7378,3345,1,1,,,,,,,,REVIEW,insufficient competition metadata to determine official club competition
2247458,2012,2012-07-29,POCP,3336,3348,5,1,,,,,,,,REVIEW,insufficient competition metadata to determine official club competition
2247459,2012,2012-07-29,POCP,7179,2423,0,1,,,,,,,,REVIEW,insufficient competition metadata to determine official club competition
2252852,2012,2012-08-01,POCP,976,8827,2,1,,,,,,,,REVIEW,insufficient competition metadata to determine official club competition
2252853,2012,2012-08-01,POCP,8024,5227,2,1,,,,,,,,REVIEW,insufficient competition metadata to determine official club competition
2252854,2012,2012-08-01,POCP,68608,2421,1,0,,,,,,,,REVIEW,insufficient competition metadata to determine official club competition
2252855,2012,2012-08-01,POCP,4814,10140,1,1,,,,,,,,REVIEW,insufficient competition metadata to determine official club competition
2252856,2012,2012-08-01,POCP,3349,7378,2,1,,,,,,,,REVIEW,insufficient competition metadata to determine official club competition
2252857,2012,2012-08-01,POCP,3345,3327,1,1,,,,,,,,REVIEW,insufficient competition metadata to determine official club competition
2252858,2012,2012-08-01,POCP,3336,7179,3,0,,,,,,,,REVIEW,insufficient competition metadata to determine official club competition
2252859,2012,2012-08-01,POCP,2423,3348,5,0,,,,,,,,REVIEW,insufficient competition metadata to determine official club competition
2258399,2012,2012-08-05,POCP,976,68608,1,0,,,,,,,,REVIEW,insufficient competition metadata to determine official club competition
2258400,2012,2012-08-05,POCP,8827,2421,1,2,,,,,,,,REVIEW,insufficient competition metadata to determine official club competition
2258401,2012,2012-08-05,POCP,8024,4814,0,0,,,,,,,,REVIEW,insufficient competition metadata to determine official club competition
2258402,2012,2012-08-05,POCP,5227,10140,1,0,,,,,,,,REVIEW,insufficient competition metadata to determine official club competition
2258403,2012,2012-08-05,POCP,3348,7179,0,1,,,,,,,,REVIEW,insufficient competition metadata to determine official club competition
2258404,2012,2012-08-05,POCP,3345,3349,0,0,,,,,,,,REVIEW,insufficient competition metadata to determine official club competition
2258405,2012,2012-08-05,POCP,3327,7378,1,1,,,,,,,,REVIEW,insufficient competition metadata to determine official club competition
2258406,2012,2012-08-05,POCP,2423,3336,3,1,,,,,,,,REVIEW,insufficient competition metadata to determine official club competition
2264589,2012,2012-09-08,POCP,3345,1085,0,1,,,,,,,,REVIEW,insufficient competition metadata to determine official club competition
2264590,2012,2012-09-08,POCP,10140,2990,2,0,,,,,,,,REVIEW,insufficient competition metadata to determine official club competition
2264591,2012,2012-09-09,POCP,4814,2424,1,1,,,,,,,,REVIEW,insufficient competition metadata to determine official club competition
2264592,2012,2012-09-13,POCP,976,1465,0,1,,,,,,,,REVIEW,insufficient competition metadata to determine official club competition
2271095,2012,2012-09-19,POCP,1085,3345,1,1,,,,,,,,REVIEW,insufficient competition metadata to determine official club competition
2264593,2012,2012-09-26,POCP,3349,979,1,0,,,,,,,,REVIEW,insufficient competition metadata to determine official club competition
2264594,2012,2012-09-26,POCP,2423,1436,0,1,,,,,,,,REVIEW,insufficient competition metadata to determine official club competition
2264595,2012,2012-09-26,POCP,2421,2425,2,3,,,,,,,,REVIEW,insufficient competition metadata to determine official club competition
2264596,2012,2012-10-03,POCP,3336,2995,0,1,,,,,,,,REVIEW,insufficient competition metadata to determine official club competition
2271096,2012,2012-10-13,POCP,2424,4814,1,2,,,,,,,,REVIEW,insufficient competition metadata to determine official club competition
2271097,2012,2012-10-14,POCP,2990,10140,5,2,,,,,,,,REVIEW,insufficient competition metadata to determine official club competition
2271098,2012,2012-10-31,POCP,979,3349,5,2,,,,,,,,REVIEW,insufficient competition metadata to determine official club competition
2271099,2012,2012-10-31,POCP,2995,3336,1,0,,,,,,,,REVIEW,insufficient competition metadata to determine official club competition
2271100,2012,2012-10-31,POCP,1465,976,1,1,,,,,,,,REVIEW,insufficient competition metadata to determine official club competition
2271101,2012,2012-10-31,POCP,1436,2423,2,1,,,,,,,,REVIEW,insufficient competition metadata to determine official club competition
2271102,2012,2012-10-31,POCP,2425,2421,0,0,,,,,,,,REVIEW,insufficient competition metadata to determine official club competition
2281351,2012,2012-12-06,KLUB,2697,11391,1,0,,,,,,,,REVIEW,insufficient competition metadata to determine official club competition
2282234,2012,2012-12-09,KLUB,3535,2407,1,3,,,,,,,,REVIEW,insufficient competition metadata to determine official club competition
2282973,2012,2012-12-09,KLUB,2697,7,1,2,,,,,,,,REVIEW,insufficient competition metadata to determine official club competition
2283257,2012,2012-12-12,KLUB,7,199,0,1,,,,,,,,REVIEW,insufficient competition metadata to determine official club competition
2283451,2012,2012-12-12,KLUB,3535,2697,2,3,,,,,,,,REVIEW,insufficient competition metadata to determine official club competition
2283258,2012,2012-12-13,KLUB,2407,631,1,3,,,,,,,,REVIEW,insufficient competition metadata to determine official club competition
2283452,2012,2012-12-16,KLUB,7,2407,0,2,,,,,,,,REVIEW,insufficient competition metadata to determine official club competition
2283453,2012,2012-12-16,KLUB,199,631,1,0,,,,,,,,REVIEW,insufficient competition metadata to determine official club competition
2283378,2012,2012-12-18,POCP,1301,336,2,2,,,,,,,,REVIEW,insufficient competition metadata to determine official club competition
2283374,2012,2012-12-19,POCP,982,720,0,2,,,,,,,,REVIEW,insufficient competition metadata to determine official club competition
2283375,2012,2012-12-19,POCP,1465,1085,0,0,,,,,,,,REVIEW,insufficient competition metadata to determine official club competition
2283376,2012,2012-12-19,POCP,2420,1075,0,0,,,,,,,,REVIEW,insufficient competition metadata to determine official club competition
2283377,2012,2012-12-19,POCP,4814,1436,0,0,,,,,,,,REVIEW,insufficient competition metadata to determine official club competition
2283379,2012,2012-12-19,POCP,2425,2995,2,3,,,,,,,,REVIEW,insufficient competition metadata to determine official club competition
2283380,2012,2012-12-19,POCP,4750,294,1,2,,,,,,,,REVIEW,insufficient competition metadata to determine official club competition
2283381,2012,2012-12-19,POCP,979,2990,2,2,,,,,,,,REVIEW,insufficient competition metadata to determine official club competition
2283386,2012,2012-12-29,POCP,2425,336,3,0,,,,,,,,REVIEW,insufficient competition metadata to determine official club competition
2283382,2012,2012-12-30,POCP,1465,720,2,2,,,,,,,,REVIEW,insufficient competition metadata to determine official club competition
2283385,2012,2012-12-30,POCP,1436,2420,2,2,,,,,,,,REVIEW,insufficient competition metadata to determine official club competition
2283388,2012,2012-12-30,POCP,979,294,1,1,,,,,,,,REVIEW,insufficient competition metadata to determine official club competition
2283389,2012,2012-12-30,POCP,2990,4750,0,0,,,,,,,,REVIEW,insufficient competition metadata to determine official club competition
2283390,2012,2013-01-09,POCP,720,1085,1,0,,,,,,,,REVIEW,insufficient competition metadata to determine official club competition
2283391,2012,2013-01-09,POCP,982,1465,1,0,,,,,,,,REVIEW,insufficient competition metadata to determine official club competition
2283392,2012,2013-01-09,POCP,1075,1436,3,0,,,,,,,,REVIEW,insufficient competition metadata to determine official club competition
2283393,2012,2013-01-09,POCP,2420,4814,2,0,,,,,,,,REVIEW,insufficient competition metadata to determine official club competition
2283394,2012,2013-01-09,POCP,336,2995,1,0,,,,,,,,REVIEW,insufficient competition metadata to determine official club competition
2283395,2012,2013-01-09,POCP,1301,2425,0,1,,,,,,,,REVIEW,insufficient competition metadata to determine official club competition
2283396,2012,2013-01-09,POCP,294,2990,3,2,,,,,,,,REVIEW,insufficient competition metadata to determine official club competition
2283397,2012,2013-01-09,POCP,4750,979,0,0,,,,,,,,REVIEW,insufficient competition metadata to determine official club competition
2286500,2012,2013-02-27,POCP,1075,294,3,2,,,,,,,,REVIEW,insufficient competition metadata to determine official club competition
2286499,2012,2013-04-03,POCP,720,2425,4,0,,,,,,,,REVIEW,insufficient competition metadata to determine official club competition
2312294,2012,2013-04-13,POCP,1075,720,1,0,,,,,,,,REVIEW,insufficient competition metadata to determine official club competition
2323748,2013,2013-07-10,UKRS,6992,660,1,3,,,,,,,,REVIEW,insufficient competition metadata to determine official club competition
2360124,2013,2013-07-27,POCP,7378,1436,1,0,,,,,,,,REVIEW,insufficient competition metadata to determine official club competition
2360125,2013,2013-07-27,POCP,3348,976,2,0,,,,,,,,REVIEW,insufficient competition metadata to determine official club competition
2360126,2013,2013-07-27,POCP,3327,3345,2,0,,,,,,,,REVIEW,insufficient competition metadata to determine official club competition
2360127,2013,2013-07-27,POCP,7788,5227,1,0,,,,,,,,REVIEW,insufficient competition metadata to determine official club competition
2360128,2013,2013-07-27,POCP,979,8827,4,0,,,,,,,,REVIEW,insufficient competition metadata to determine official club competition
2360129,2013,2013-07-27,POCP,3325,3349,3,1,,,,,,,,REVIEW,insufficient competition metadata to determine official club competition
2360130,2013,2013-07-27,POCP,7179,3336,1,1,,,,,,,,REVIEW,insufficient competition metadata to determine official club competition
2360131,2013,2013-07-27,POCP,4294,2423,1,0,,,,,,,,REVIEW,insufficient competition metadata to determine official club competition
2360132,2013,2013-07-31,POCP,3325,10140,1,2,,,,,,,,REVIEW,insufficient competition metadata to determine official club competition
2360133,2013,2013-07-31,POCP,4294,3336,0,1,,,,,,,,REVIEW,insufficient competition metadata to determine official club competition
2360134,2013,2013-07-31,POCP,5227,3327,0,1,,,,,,,,REVIEW,insufficient competition metadata to determine official club competition
2360135,2013,2013-07-31,POCP,3349,979,0,0,,,,,,,,REVIEW,insufficient competition metadata to determine official club competition
2360136,2013,2013-07-31,POCP,976,7378,0,0,,,,,,,,REVIEW,insufficient competition metadata to determine official club competition
2360137,2013,2013-07-31,POCP,7788,3345,1,2,,,,,,,,REVIEW,insufficient competition metadata to determine official club competition
2360138,2013,2013-07-31,POCP,3348,1436,0,2,,,,,,,,REVIEW,insufficient competition metadata to determine official club competition
2360139,2013,2013-08-01,POCP,2423,7179,2,1,,,,,,,,REVIEW,insufficient competition metadata to determine official club competition
2360140,2013,2013-08-04,POCP,1436,976,2,2,,,,,,,,REVIEW,insufficient competition metadata to determine official club competition
2360141,2013,2013-08-04,POCP,7378,3348,2,0,,,,,,,,REVIEW,insufficient competition metadata to determine official club competition
2360142,2013,2013-08-04,POCP,3336,2423,0,1,,,,,,,,REVIEW,insufficient competition metadata to determine official club competition
2360143,2013,2013-08-04,POCP,7179,4294,2,2,,,,,,,,REVIEW,insufficient competition metadata to determine official club competition
2360144,2013,2013-08-04,POCP,3345,5227,3,2,,,,,,,,REVIEW,insufficient competition metadata to determine official club competition
2360145,2013,2013-08-04,POCP,3327,7788,1,0,,,,,,,,REVIEW,insufficient competition metadata to determine official club competition
2360146,2013,2013-08-04,POCP,979,3325,2,1,,,,,,,,REVIEW,insufficient competition metadata to determine official club competition
2360147,2013,2013-08-04,POCP,10140,8827,1,1,,,,,,,,REVIEW,insufficient competition metadata to determine official club competition
2360148,2013,2013-08-07,POCP,10140,979,1,0,,,,,,,,REVIEW,insufficient competition metadata to determine official club competition
2360149,2013,2013-08-07,POCP,8827,3349,2,1,,,,,,,,REVIEW,insufficient competition metadata to determine official club competition
2360150,2013,2013-08-14,POCP,3349,10140,4,1,,,,,,,,REVIEW,insufficient competition metadata to determine official club competition
2360151,2013,2013-08-14,POCP,8827,3325,0,2,,,,,,,,REVIEW,insufficient competition metadata to determine official club competition
2369966,2013,2013-09-25,POCP,4294,1301,0,2,,,,,,,,REVIEW,insufficient competition metadata to determine official club competition
2369967,2013,2013-09-25,POCP,2423,68608,0,0,,,,,,,,REVIEW,insufficient competition metadata to determine official club competition
2369968,2013,2013-09-25,POCP,979,2424,0,0,,,,,,,,REVIEW,insufficient competition metadata to determine official club competition
2369969,2013,2013-09-25,POCP,1436,8024,0,1,,,,,,,,REVIEW,insufficient competition metadata to determine official club competition
2369970,2013,2013-10-09,POCP,10140,4750,1,0,,,,,,,,REVIEW,insufficient competition metadata to determine official club competition
2369971,2013,2013-10-12,POCP,3327,2990,2,1,,,,,,,,REVIEW,insufficient competition metadata to determine official club competition
2369972,2013,2013-10-12,POCP,7378,1085,2,2,,,,,,,,REVIEW,insufficient competition metadata to determine official club competition
2369973,2013,2013-10-13,POCP,3345,2420,2,1,,,,,,,,REVIEW,insufficient competition metadata to determine official club competition
2369977,2013,2013-10-13,POCP,8024,1436,5,7,,,,,,,,REVIEW,insufficient competition metadata to determine official club competition
2369974,2013,2013-10-30,POCP,1301,4294,0,0,,,,,,,,REVIEW,insufficient competition metadata to determine official club competition
2369975,2013,2013-10-30,POCP,68608,2423,1,0,,,,,,,,REVIEW,insufficient competition metadata to determine official club competition
2369976,2013,2013-10-30,POCP,2424,979,4,3,,,,,,,,REVIEW,insufficient competition metadata to determine official club competition
2369978,2013,2013-10-30,POCP,4750,10140,2,2,,,,,,,,REVIEW,insufficient competition metadata to determine official club competition
2369980,2013,2013-10-30,POCP,1085,7378,1,0,,,,,,,,REVIEW,insufficient competition metadata to determine official club competition
2369979,2013,2013-11-16,POCP,2990,3327,0,0,,,,,,,,REVIEW,insufficient competition metadata to determine official club competition
2369981,2013,2013-11-17,POCP,2420,3345,1,2,,,,,,,,REVIEW,insufficient competition metadata to determine official club competition
2345997,2013,2013-12-11,KLUB,2068,11391,2,1,,,,,,,,REVIEW,insufficient competition metadata to determine official club competition
2380310,2013,2013-12-14,KLUB,10948,7,2,0,,,,,,,,REVIEW,insufficient competition metadata to determine official club competition
2384538,2013,2013-12-14,KLUB,2068,2407,2,1,,,,,,,,REVIEW,insufficient competition metadata to determine official club competition
2384653,2013,2013-12-17,KLUB,10948,27,0,3,,,,,,,,REVIEW,insufficient competition metadata to determine official club competition
2384817,2013,2013-12-18,KLUB,2068,330,3,1,,,,,,,,REVIEW,insufficient competition metadata to determine official club competition
2384818,2013,2013-12-18,KLUB,7,2407,1,5,,,,,,,,REVIEW,insufficient competition metadata to determine official club competition
2385267,2013,2013-12-21,KLUB,10948,330,2,3,,,,,,,,REVIEW,insufficient competition metadata to determine official club competition
2385268,2013,2013-12-21,KLUB,27,2068,2,0,,,,,,,,REVIEW,insufficient competition metadata to determine official club competition
2382294,2013,2013-12-29,POCP,2425,2995,2,0,,,,,,,,REVIEW,insufficient competition metadata to determine official club competition
2382296,2013,2013-12-29,POCP,336,720,0,0,,,,,,,,REVIEW,insufficient competition metadata to determine official club competition
2382297,2013,2013-12-29,POCP,1301,3327,0,0,,,,,,,,REVIEW,insufficient competition metadata to determine official club competition
2382298,2013,2013-12-29,POCP,1465,1075,1,2,,,,,,,,REVIEW,insufficient competition metadata to determine official club competition
2382299,2013,2013-12-30,POCP,68608,1436,1,0,,,,,,,,REVIEW,insufficient competition metadata to determine official club competition
2382300,2013,2013-12-30,POCP,982,294,0,1,,,,,,,,REVIEW,insufficient competition metadata to determine official club competition
2382295,2013,2014-01-08,POCP,1085,10140,1,0,,,,,,,,REVIEW,insufficient competition metadata to determine official club competition
2382301,2013,2014-01-08,POCP,2424,3345,0,0,,,,,,,,REVIEW,insufficient competition metadata to determine official club competition
2382305,2013,2014-01-14,POCP,336,1301,3,0,,,,,,,,REVIEW,insufficient competition metadata to determine official club competition
2382302,2013,2014-01-15,POCP,2995,10140,2,1,,,,,,,,REVIEW,insufficient competition metadata to determine official club competition
2382303,2013,2014-01-15,POCP,2425,1085,1,1,,,,,,,,REVIEW,insufficient competition metadata to determine official club competition
2382304,2013,2014-01-15,POCP,720,3327,4,0,,,,,,,,REVIEW,insufficient competition metadata to determine official club competition
2382306,2013,2014-01-15,POCP,1075,1436,3,0,,,,,,,,REVIEW,insufficient competition metadata to determine official club competition
2382308,2013,2014-01-15,POCP,294,3345,2,0,,,,,,,,REVIEW,insufficient competition metadata to determine official club competition
2382309,2013,2014-01-15,POCP,982,2424,2,2,,,,,,,,REVIEW,insufficient competition metadata to determine official club competition
2382307,2013,2014-01-16,POCP,1465,68608,1,1,,,,,,,,REVIEW,insufficient competition metadata to determine official club competition
2382312,2013,2014-01-25,POCP,720,1301,3,2,,,,,,,,REVIEW,insufficient competition metadata to determine official club competition
2382313,2013,2014-01-25,POCP,3327,336,1,3,,,,,,,,REVIEW,insufficient competition metadata to determine official club competition
2382314,2013,2014-01-25,POCP,1075,68608,5,0,,,,,,,,REVIEW,insufficient competition metadata to determine official club competition
2382315,2013,2014-01-25,POCP,1436,1465,1,3,,,,,,,,REVIEW,insufficient competition metadata to determine official club competition
2382316,2013,2014-01-25,POCP,294,2424,1,0,,,,,,,,REVIEW,insufficient competition metadata to determine official club competition
2382310,2013,2014-01-26,POCP,2995,1085,2,0,,,,,,,,REVIEW,insufficient competition metadata to determine official club competition
2382311,2013,2014-01-26,POCP,10140,2425,1,3,,,,,,,,REVIEW,insufficient competition metadata to determine official club competition
2382317,2013,2014-01-26,POCP,3345,982,0,2,,,,,,,,REVIEW,insufficient competition metadata to determine official club competition
2426580,2013,2014-02-13,POCP,2425,1075,2,1,,,,,,,,REVIEW,insufficient competition metadata to determine official club competition
2426579,2013,2014-04-27,POCP,720,294,3,4,,,,,,,,REVIEW,insufficient competition metadata to determine official club competition
2457003,2013,2014-05-07,POCP,294,2425,2,0,,,,,,,,REVIEW,insufficient competition metadata to determine official club competition
2458528,2014,2014-07-22,UKRS,660,338,2,0,,,,,,,,REVIEW,insufficient competition metadata to determine official club competition
2479511,2014,2014-07-25,POCP,1436,3349,2,2,,,,,,,,REVIEW,insufficient competition metadata to determine official club competition
2479513,2014,2014-07-25,POCP,976,8827,3,0,,,,,,,,REVIEW,insufficient competition metadata to determine official club competition
2479506,2014,2014-07-26,POCP,4294,3325,0,2,,,,,,,,REVIEW,insufficient competition metadata to determine official club competition
2479507,2014,2014-07-26,POCP,7179,3345,1,0,,,,,,,,REVIEW,insufficient competition metadata to determine official club competition
2479508,2014,2014-07-26,POCP,10140,2421,2,0,,,,,,,,REVIEW,insufficient competition metadata to determine official club competition
2479509,2014,2014-07-26,POCP,5227,3336,0,0,,,,,,,,REVIEW,insufficient competition metadata to determine official club competition
2479510,2014,2014-07-26,POCP,7788,7378,4,1,,,,,,,,REVIEW,insufficient competition metadata to determine official club competition
2479512,2014,2014-07-26,POCP,2423,4750,2,1,,,,,,,,REVIEW,insufficient competition metadata to determine official club competition
2479514,2014,2014-07-30,POCP,3345,2423,3,0,,,,,,,,REVIEW,insufficient competition metadata to determine official club competition
2479515,2014,2014-07-30,POCP,7179,4864,4,2,,,,,,,,REVIEW,insufficient competition metadata to determine official club competition
2479516,2014,2014-07-30,POCP,3349,5227,0,3,,,,,,,,REVIEW,insufficient competition metadata to determine official club competition
2479517,2014,2014-07-30,POCP,1436,3348,0,1,,,,,,,,REVIEW,insufficient competition metadata to determine official club competition
2479518,2014,2014-07-30,POCP,2421,7788,1,0,,,,,,,,REVIEW,insufficient competition metadata to determine official club competition
2479519,2014,2014-07-30,POCP,10140,7378,1,0,,,,,,,,REVIEW,insufficient competition metadata to determine official club competition
2479520,2014,2014-07-30,POCP,8827,4294,3,0,,,,,,,,REVIEW,insufficient competition metadata to determine official club competition
2479521,2014,2014-07-30,POCP,976,3325,0,1,,,,,,,,REVIEW,insufficient competition metadata to determine official club competition
2479522,2014,2014-08-03,POCP,3336,1436,1,0,,,,,,,,REVIEW,insufficient competition metadata to determine official club competition
2479523,2014,2014-08-03,POCP,4294,976,0,1,,,,,,,,REVIEW,insufficient competition metadata to determine official club competition
2479524,2014,2014-08-03,POCP,3325,8827,2,2,,,,,,,,REVIEW,insufficient competition metadata to determine official club competition
2479525,2014,2014-08-03,POCP,3348,3349,1,0,,,,,,,,REVIEW,insufficient competition metadata to determine official club competition
2479526,2014,2014-08-03,POCP,4750,7179,1,1,,,,,,,,REVIEW,insufficient competition metadata to determine official club competition
2479527,2014,2014-08-03,POCP,7378,2421,0,0,,,,,,,,REVIEW,insufficient competition metadata to determine official club competition
2479528,2014,2014-08-03,POCP,7788,10140,0,0,,,,,,,,REVIEW,insufficient competition metadata to determine official club competition
2479529,2014,2014-08-03,POCP,4864,3345,2,1,,,,,,,,REVIEW,insufficient competition metadata to determine official club competition
2479540,2014,2014-08-13,POCP,3348,5227,2,1,,,,,,,,REVIEW,insufficient competition metadata to determine official club competition
2479541,2014,2014-08-13,POCP,3349,3336,1,1,,,,,,,,REVIEW,insufficient competition metadata to determine official club competition
2479542,2014,2014-08-13,POCP,3345,4750,0,0,,,,,,,,REVIEW,insufficient competition metadata to determine official club competition
2479543,2014,2014-08-13,POCP,4864,2423,3,1,,,,,,,,REVIEW,insufficient competition metadata to determine official club competition
2524713,2014,2014-08-19,POCP,4750,4864,1,3,,,,,,,,REVIEW,insufficient competition metadata to determine official club competition
2524714,2014,2014-08-19,POCP,2423,7179,2,1,,,,,,,,REVIEW,insufficient competition metadata to determine official club competition
2524715,2014,2014-08-20,POCP,3336,3348,0,1,,,,,,,,REVIEW,insufficient competition metadata to determine official club competition
2524716,2014,2014-08-20,POCP,5227,1436,2,0,,,,,,,,REVIEW,insufficient competition metadata to determine official club competition
2524717,2014,2014-09-24,POCP,4864,2503,0,0,,,,,,,,REVIEW,insufficient competition metadata to determine official club competition
2524718,2014,2014-09-24,POCP,10140,3327,3,1,,,,,,,,REVIEW,insufficient competition metadata to determine official club competition
2524719,2014,2014-09-24,POCP,3325,2425,1,1,,,,,,,,REVIEW,insufficient competition metadata to determine official club competition
2524720,2014,2014-09-24,POCP,976,2995,4,2,,,,,,,,REVIEW,insufficient competition metadata to determine official club competition
2524721,2014,2014-09-24,POCP,5227,2424,0,2,,,,,,,,REVIEW,insufficient competition metadata to determine official club competition
2524722,2014,2014-09-24,POCP,7788,68608,3,1,,,,,,,,REVIEW,insufficient competition metadata to determine official club competition
2524723,2014,2014-09-24,POCP,3348,979,1,2,,,,,,,,REVIEW,insufficient competition metadata to determine official club competition
2524724,2014,2014-09-24,POCP,7179,8024,1,1,,,,,,,,REVIEW,insufficient competition metadata to determine official club competition
2524728,2014,2014-10-29,POCP,8024,7179,1,0,,,,,,,,REVIEW,insufficient competition metadata to determine official club competition
2524729,2014,2014-10-29,POCP,979,3348,5,4,,,,,,,,REVIEW,insufficient competition metadata to determine official club competition
2524730,2014,2014-10-29,POCP,68608,7788,4,1,,,,,,,,REVIEW,insufficient competition metadata to determine official club competition
2524731,2014,2014-10-29,POCP,2424,5227,1,1,,,,,,,,REVIEW,insufficient competition metadata to determine official club competition
2524732,2014,2014-10-29,POCP,2995,976,2,2,,,,,,,,REVIEW,insufficient competition metadata to determine official club competition
2524733,2014,2014-11-16,POCP,2503,4864,5,0,,,,,,,,REVIEW,insufficient competition metadata to determine official club competition
2524734,2014,2014-11-16,POCP,3327,10140,1,0,,,,,,,,REVIEW,insufficient competition metadata to determine official club competition
2524735,2014,2014-11-16,POCP,2425,3325,4,2,,,,,,,,REVIEW,insufficient competition metadata to determine official club competition
2511580,2014,2014-12-10,KLUB,9100,11391,3,4,,,,,,,,REVIEW,insufficient competition metadata to determine official club competition
2511581,2014,2014-12-13,KLUB,3711,36100,3,1,,,,,,,,REVIEW,insufficient competition metadata to determine official club competition
2517223,2014,2014-12-13,KLUB,18272,11391,0,1,,,,,,,,REVIEW,insufficient competition metadata to determine official club competition
2517431,2014,2014-12-16,KLUB,3711,418,0,4,,,,,,,,REVIEW,insufficient competition metadata to determine official club competition
2517432,2014,2014-12-17,KLUB,1775,11391,2,1,,,,,,,,REVIEW,insufficient competition metadata to determine official club competition
2518319,2014,2014-12-17,KLUB,18272,36100,7,6,,,,,,,,REVIEW,insufficient competition metadata to determine official club competition
2518506,2014,2014-12-20,KLUB,3711,11391,3,5,,,,,,,,REVIEW,insufficient competition metadata to determine official club competition
2518507,2014,2014-12-20,KLUB,418,1775,2,0,,,,,,,,REVIEW,insufficient competition metadata to determine official club competition
2524739,2014,2014-12-28,POCP,979,8024,2,0,,,,,,,,REVIEW,insufficient competition metadata to determine official club competition
2524744,2014,2014-12-28,POCP,1465,1301,1,1,,,,,,,,REVIEW,insufficient competition metadata to determine official club competition
2524745,2014,2014-12-28,POCP,10140,2424,2,1,,,,,,,,REVIEW,insufficient competition metadata to determine official club competition
2524750,2014,2014-12-28,POCP,2503,68608,0,0,,,,,,,,REVIEW,insufficient competition metadata to determine official club competition
2524761,2014,2014-12-28,POCP,976,1075,2,1,,,,,,,,REVIEW,insufficient competition metadata to determine official club competition
2524751,2014,2014-12-29,POCP,2420,336,0,2,,,,,,,,REVIEW,insufficient competition metadata to determine official club competition
2524738,2014,2014-12-30,POCP,294,982,1,0,,,,,,,,REVIEW,insufficient competition metadata to determine official club competition
2524760,2014,2014-12-30,POCP,2425,720,0,1,,,,,,,,REVIEW,insufficient competition metadata to determine official club competition
2524747,2014,2015-01-13,POCP,1465,2424,3,0,,,,,,,,REVIEW,insufficient competition metadata to determine official club competition
2524762,2014,2015-01-13,POCP,720,976,3,1,,,,,,,,REVIEW,insufficient competition metadata to determine official club competition
2524740,2014,2015-01-14,POCP,982,979,1,1,,,,,,,,REVIEW,insufficient competition metadata to determine official club competition
2524741,2014,2015-01-14,POCP,294,8024,4,0,,,,,,,,REVIEW,insufficient competition metadata to determine official club competition
2524746,2014,2015-01-14,POCP,1301,10140,2,1,,,,,,,,REVIEW,insufficient competition metadata to determine official club competition
2524752,2014,2015-01-14,POCP,336,2503,1,0,,,,,,,,REVIEW,insufficient competition metadata to determine official club competition
2524753,2014,2015-01-14,POCP,68608,1085,2,2,,,,,,,,REVIEW,insufficient competition metadata to determine official club competition
2524763,2014,2015-01-14,POCP,1075,2990,1,0,,,,,,,,REVIEW,insufficient competition metadata to determine official club competition
2524742,2014,2015-01-21,POCP,979,294,0,2,,,,,,,,REVIEW,insufficient competition metadata to determine official club competition
2524743,2014,2015-01-21,POCP,8024,982,1,0,,,,,,,,REVIEW,insufficient competition metadata to determine official club competition
2524748,2014,2015-01-21,POCP,10140,1465,3,2,,,,,,,,REVIEW,insufficient competition metadata to determine official club competition
2524749,2014,2015-01-21,POCP,2424,1301,0,1,,,,,,,,REVIEW,insufficient competition metadata to determine official club competition
2524754,2014,2015-01-21,POCP,68608,336,3,2,,,,,,,,REVIEW,insufficient competition metadata to determine official club competition
2524755,2014,2015-01-21,POCP,1085,2420,2,0,,,,,,,,REVIEW,insufficient competition metadata to determine official club competition
2524764,2014,2015-01-21,POCP,1075,720,1,1,,,,,,,,REVIEW,insufficient competition metadata to determine official club competition
2524765,2014,2015-01-21,POCP,2990,2425,1,0,,,,,,,,REVIEW,insufficient competition metadata to determine official club competition
2524756,2014,2015-01-28,POCP,336,1085,1,1,,,,,,,,REVIEW,insufficient competition metadata to determine official club competition
2524757,2014,2015-01-28,POCP,2503,2420,2,2,,,,,,,,REVIEW,insufficient competition metadata to determine official club competition
2524766,2014,2015-01-28,POCP,720,2990,4,1,,,,,,,,REVIEW,insufficient competition metadata to determine official club competition
2524767,2014,2015-01-28,POCP,976,2425,2,1,,,,,,,,REVIEW,insufficient competition metadata to determine official club competition
2524758,2014,2015-02-04,POCP,2420,68608,2,0,,,,,,,,REVIEW,insufficient competition metadata to determine official club competition
2524759,2014,2015-02-04,POCP,1085,2503,3,0,,,,,,,,REVIEW,insufficient competition metadata to determine official club competition
2524768,2014,2015-02-04,POCP,2425,1075,0,2,,,,,,,,REVIEW,insufficient competition metadata to determine official club competition
2524769,2014,2015-02-04,POCP,2990,976,3,1,,,,,,,,REVIEW,insufficient competition metadata to determine official club competition
2532981,2014,2015-02-11,POCP,294,1085,3,0,,,,,,,,REVIEW,insufficient competition metadata to determine official club competition
2530957,2014,2015-04-02,POCP,1301,720,2,1,,,,,,,,REVIEW,insufficient competition metadata to determine official club competition
2561805,2014,2015-05-29,POCP,1301,294,1,2,,,,,,,,REVIEW,insufficient competition metadata to determine official club competition
2579615,2015,2015-07-14,UKRS,338,660,0,2,,,,,,,,REVIEW,insufficient competition metadata to determine official club competition
2587061,2015,2015-08-01,POCP,8827,4294,6,4,,,,,,,,REVIEW,insufficient competition metadata to determine official club competition
2587054,2015,2015-08-02,POCP,2424,7788,4,5,,,,,,,,REVIEW,insufficient competition metadata to determine official club competition
2587055,2015,2015-08-02,POCP,4864,2421,5,3,,,,,,,,REVIEW,insufficient competition metadata to determine official club competition
2587056,2015,2015-08-02,POCP,3349,10140,2,1,,,,,,,,REVIEW,insufficient competition metadata to determine official club competition
2587057,2015,2015-08-02,POCP,3325,4297,0,2,,,,,,,,REVIEW,insufficient competition metadata to determine official club competition
2587058,2015,2015-08-02,POCP,7056,3345,0,2,,,,,,,,REVIEW,insufficient competition metadata to determine official club competition
2587059,2015,2015-08-02,POCP,3327,4750,2,0,,,,,,,,REVIEW,insufficient competition metadata to determine official club competition
2587060,2015,2015-08-02,POCP,7378,3336,3,0,,,,,,,,REVIEW,insufficient competition metadata to determine official club competition
2587062,2015,2015-08-02,POCP,2423,5227,6,7,,,,,,,,REVIEW,insufficient competition metadata to determine official club competition
2608562,2015,2015-09-16,POCP,1301,2990,2,1,,,,,,,,REVIEW,insufficient competition metadata to determine official club competition
2608539,2015,2015-09-23,POCP,8827,3329,1,2,,,,,,,,REVIEW,insufficient competition metadata to determine official club competition
2608540,2015,2015-09-23,POCP,3327,7378,1,2,,,,,,,,REVIEW,insufficient competition metadata to determine official club competition
2608541,2015,2015-09-23,POCP,3345,7788,6,5,,,,,,,,REVIEW,insufficient competition metadata to determine official club competition
2608566,2015,2015-09-23,POCP,976,2995,0,1,,,,,,,,REVIEW,insufficient competition metadata to determine official club competition
2608567,2015,2015-09-23,POCP,4864,1465,3,2,,,,,,,,REVIEW,insufficient competition metadata to determine official club competition
2608563,2015,2015-10-10,POCP,5227,68608,0,2,,,,,,,,REVIEW,insufficient competition metadata to determine official club competition
2608564,2015,2015-10-10,POCP,2425,2420,3,2,,,,,,,,REVIEW,insufficient competition metadata to determine official club competition
2608565,2015,2015-10-10,POCP,7179,982,6,7,,,,,,,,REVIEW,insufficient competition metadata to determine official club competition
2608569,2015,2015-10-11,POCP,4297,8024,3,4,,,,,,,,REVIEW,insufficient competition metadata to determine official club competition
2608568,2015,2015-10-12,POCP,3349,2503,5,4,,,,,,,,REVIEW,insufficient competition metadata to determine official club competition
2608570,2015,2015-10-21,POCP,979,1085,1,0,,,,,,,,REVIEW,insufficient competition metadata to determine official club competition
2636390,2015,2015-11-14,POCP,3349,1301,2,4,,,,,,,,REVIEW,insufficient competition metadata to determine official club competition
2643249,2015,2015-12-10,KLUB,2697,11391,2,0,,,,,,,,REVIEW,insufficient competition metadata to determine official club competition
2640491,2015,2015-12-13,KLUB,3631,10948,1,2,,,,,,,,REVIEW,insufficient competition metadata to determine official club competition
2645377,2015,2015-12-13,KLUB,8428,2697,0,3,,,,,,,,REVIEW,insufficient competition metadata to determine official club competition
2645732,2015,2015-12-16,KLUB,2697,209,0,1,,,,,,,,REVIEW,insufficient competition metadata to determine official club competition
2645733,2015,2015-12-16,KLUB,3631,8428,2,1,,,,,,,,REVIEW,insufficient competition metadata to determine official club competition
2645721,2015,2015-12-17,KLUB,131,10948,3,0,,,,,,,,REVIEW,insufficient competition metadata to determine official club competition
2646883,2015,2015-12-20,KLUB,2697,10948,2,1,,,,,,,,REVIEW,insufficient competition metadata to determine official club competition
2646884,2015,2015-12-20,KLUB,209,131,0,3,,,,,,,,REVIEW,insufficient competition metadata to determine official club competition
2636382,2015,2015-12-28,POCP,7378,8024,4,1,,,,,,,,REVIEW,insufficient competition metadata to determine official club competition
2636385,2015,2015-12-28,POCP,1075,68608,2,1,,,,,,,,REVIEW,insufficient competition metadata to determine official club competition
2636380,2015,2015-12-29,POCP,4864,979,2,4,,,,,,,,REVIEW,insufficient competition metadata to determine official club competition
2636381,2015,2015-12-29,POCP,336,2995,3,1,,,,,,,,REVIEW,insufficient competition metadata to determine official club competition
2636384,2015,2015-12-29,POCP,294,982,1,0,,,,,,,,REVIEW,insufficient competition metadata to determine official club competition
2636386,2015,2015-12-29,POCP,3345,2425,1,2,,,,,,,,REVIEW,insufficient competition metadata to determine official club competition
2636387,2015,2015-12-29,POCP,720,1301,1,3,,,,,,,,REVIEW,insufficient competition metadata to determine official club competition
2636383,2015,2015-12-30,POCP,3329,3349,0,1,,,,,,,,REVIEW,insufficient competition metadata to determine official club competition
2636388,2015,2016-01-19,POCP,4864,294,0,1,,,,,,,,REVIEW,insufficient competition metadata to determine official club competition
2636392,2015,2016-01-19,POCP,7378,336,2,0,,,,,,,,REVIEW,insufficient competition metadata to determine official club competition
2636389,2015,2016-01-20,POCP,3329,720,1,0,,,,,,,,REVIEW,insufficient competition metadata to determine official club competition
2636391,2015,2016-01-20,POCP,979,982,0,0,,,,,,,,REVIEW,insufficient competition metadata to determine official club competition
2636393,2015,2016-01-20,POCP,3345,1075,0,4,,,,,,,,REVIEW,insufficient competition metadata to determine official club competition
2636394,2015,2016-01-20,POCP,2425,68608,1,1,,,,,,,,REVIEW,insufficient competition metadata to determine official club competition
2636395,2015,2016-01-20,POCP,8024,2995,1,1,,,,,,,,REVIEW,insufficient competition metadata to determine official club competition
2636396,2015,2016-01-25,POCP,979,294,1,6,,,,,,,,REVIEW,insufficient competition metadata to determine official club competition
2636397,2015,2016-01-26,POCP,8024,336,0,1,,,,,,,,REVIEW,insufficient competition metadata to determine official club competition
2636398,2015,2016-01-26,POCP,2995,7378,2,3,,,,,,,,REVIEW,insufficient competition metadata to determine official club competition
2636399,2015,2016-01-26,POCP,982,4864,1,0,,,,,,,,REVIEW,insufficient competition metadata to determine official club competition
2636400,2015,2016-01-27,POCP,3349,720,2,0,,,,,,,,REVIEW,insufficient competition metadata to determine official club competition
2636401,2015,2016-01-27,POCP,1301,3329,0,0,,,,,,,,REVIEW,insufficient competition metadata to determine official club competition
2636402,2015,2016-01-27,POCP,2425,1075,0,0,,,,,,,,REVIEW,insufficient competition metadata to determine official club competition
2636403,2015,2016-01-27,POCP,68608,3345,4,0,,,,,,,,REVIEW,insufficient competition metadata to determine official club competition
2663487,2015,2016-02-10,POCP,1301,7378,3,1,,,,,,,,REVIEW,insufficient competition metadata to determine official club competition
2663488,2015,2016-05-02,POCP,294,1075,2,1,,,,,,,,REVIEW,insufficient competition metadata to determine official club competition
2688644,2015,2016-05-20,POCP,1301,294,2,6,,,,,,,,REVIEW,insufficient competition metadata to determine official club competition
2696808,2016,2016-07-16,UKRS,660,338,4,5,,,,,,,,REVIEW,insufficient competition metadata to determine official club competition
2719735,2016,2016-07-30,POCP,2424,2990,5,4,,,,,,,,REVIEW,insufficient competition metadata to determine official club competition
2719737,2016,2016-07-30,POCP,7378,2423,0,1,,,,,,,,REVIEW,insufficient competition metadata to determine official club competition
2719730,2016,2016-07-31,POCP,3326,6912,0,1,,,,,,,,REVIEW,insufficient competition metadata to determine official club competition
2719731,2016,2016-07-31,POCP,3329,3327,0,3,,,,,,,,REVIEW,insufficient competition metadata to determine official club competition
2719732,2016,2016-07-31,POCP,4750,4297,1,2,,,,,,,,REVIEW,insufficient competition metadata to determine official club competition
2719733,2016,2016-07-31,POCP,3336,10140,5,6,,,,,,,,REVIEW,insufficient competition metadata to determine official club competition
2719734,2016,2016-07-31,POCP,2421,976,0,1,,,,,,,,REVIEW,insufficient competition metadata to determine official club competition
2719736,2016,2016-07-31,POCP,25817,3345,5,4,,,,,,,,REVIEW,insufficient competition metadata to determine official club competition
2768397,2016,2016-10-08,POCP,2503,68608,0,1,,,,,,,,REVIEW,insufficient competition metadata to determine official club competition
2768398,2016,2016-10-09,POCP,3349,7179,3,0,,,,,,,,REVIEW,insufficient competition metadata to determine official club competition
2768399,2016,2016-10-25,POCP,2995,982,4,0,,,,,,,,REVIEW,insufficient competition metadata to determine official club competition
2768400,2016,2016-10-26,POCP,6912,2424,1,0,,,,,,,,REVIEW,insufficient competition metadata to determine official club competition
2768401,2016,2016-10-26,POCP,8024,25817,2,1,,,,,,,,REVIEW,insufficient competition metadata to determine official club competition
2768402,2016,2016-10-26,POCP,979,1465,1,0,,,,,,,,REVIEW,insufficient competition metadata to determine official club competition
2768403,2016,2016-10-26,POCP,1301,976,3,1,,,,,,,,REVIEW,insufficient competition metadata to determine official club competition
2768404,2016,2016-10-26,POCP,4297,7788,2,0,,,,,,,,REVIEW,insufficient competition metadata to determine official club competition
2768405,2016,2016-10-26,POCP,1085,2423,2,0,,,,,,,,REVIEW,insufficient competition metadata to determine official club competition
2768406,2016,2016-10-26,POCP,3327,10140,3,5,,,,,,,,REVIEW,insufficient competition metadata to determine official club competition
2768407,2016,2016-10-27,POCP,2425,3325,4,2,,,,,,,,REVIEW,insufficient competition metadata to determine official club competition
2777941,2016,2016-11-29,POCP,4297,1085,1,0,,,,,,,,REVIEW,insufficient competition metadata to determine official club competition
2777946,2016,2016-11-29,POCP,720,68608,0,0,,,,,,,,REVIEW,insufficient competition metadata to determine official club competition
2777940,2016,2016-11-30,POCP,336,8024,1,0,,,,,,,,REVIEW,insufficient competition metadata to determine official club competition
2777947,2016,2016-12-01,POCP,3349,979,1,2,,,,,,,,REVIEW,insufficient competition metadata to determine official club competition
2803563,2016,2016-12-08,KLUB,2241,11391,2,1,,,,,,,,REVIEW,insufficient competition metadata to determine official club competition
2803564,2016,2016-12-11,KLUB,6502,3631,1,2,,,,,,,,REVIEW,insufficient competition metadata to determine official club competition
2804405,2016,2016-12-11,KLUB,6356,2241,0,2,,,,,,,,REVIEW,insufficient competition metadata to determine official club competition
2805635,2016,2016-12-14,KLUB,8172,2241,0,3,,,,,,,,REVIEW,insufficient competition metadata to determine official club competition
2805636,2016,2016-12-14,KLUB,6502,6356,4,1,,,,,,,,REVIEW,insufficient competition metadata to determine official club competition
2805576,2016,2016-12-15,KLUB,3631,418,0,2,,,,,,,,REVIEW,insufficient competition metadata to determine official club competition
2806749,2016,2016-12-18,KLUB,418,2241,4,2,,,,,,,,REVIEW,insufficient competition metadata to determine official club competition
2806803,2016,2016-12-18,KLUB,3631,8172,5,6,,,,,,,,REVIEW,insufficient competition metadata to determine official club competition
2777942,2016,2016-12-29,POCP,1085,8024,1,0,,,,,,,,REVIEW,insufficient competition metadata to determine official club competition
2777948,2016,2016-12-29,POCP,979,68608,3,3,,,,,,,,REVIEW,insufficient competition metadata to determine official club competition
2777949,2016,2016-12-29,POCP,720,3349,1,1,,,,,,,,REVIEW,insufficient competition metadata to determine official club competition
2777952,2016,2016-12-29,POCP,1075,2425,1,2,,,,,,,,REVIEW,insufficient competition metadata to determine official club competition
2777953,2016,2016-12-29,POCP,10140,1301,1,1,,,,,,,,REVIEW,insufficient competition metadata to determine official club competition
2777962,2016,2016-12-29,POCP,294,2995,1,0,,,,,,,,REVIEW,insufficient competition metadata to determine official club competition
2777943,2016,2016-12-30,POCP,336,4297,1,0,,,,,,,,REVIEW,insufficient competition metadata to determine official club competition
2777963,2016,2016-12-30,POCP,6912,2420,1,2,,,,,,,,REVIEW,insufficient competition metadata to determine official club competition
2777955,2016,2017-01-02,POCP,1075,10140,4,0,,,,,,,,REVIEW,insufficient competition metadata to determine official club competition
2777950,2016,2017-01-03,POCP,68608,3349,2,2,,,,,,,,REVIEW,insufficient competition metadata to determine official club competition
2777951,2016,2017-01-03,POCP,979,720,1,0,,,,,,,,REVIEW,insufficient competition metadata to determine official club competition
2777954,2016,2017-01-03,POCP,1301,2425,1,0,,,,,,,,REVIEW,insufficient competition metadata to determine official club competition
2777964,2016,2017-01-03,POCP,2420,2995,2,2,,,,,,,,REVIEW,insufficient competition metadata to determine official club competition
2777965,2016,2017-01-03,POCP,294,6912,4,0,,,,,,,,REVIEW,insufficient competition metadata to determine official club competition
2777944,2016,2017-01-04,POCP,8024,4297,3,0,,,,,,,,REVIEW,insufficient competition metadata to determine official club competition
2777945,2016,2017-01-04,POCP,1085,336,2,1,,,,,,,,REVIEW,insufficient competition metadata to determine official club competition
2777966,2016,2017-01-10,POCP,2420,294,0,2,,,,,,,,REVIEW,insufficient competition metadata to determine official club competition
2777967,2016,2017-01-10,POCP,2995,6912,2,2,,,,,,,,REVIEW,insufficient competition metadata to determine official club competition
2777956,2016,2017-01-11,POCP,1301,1075,0,1,,,,,,,,REVIEW,insufficient competition metadata to determine official club competition
2777957,2016,2017-01-11,POCP,2425,10140,2,0,,,,,,,,REVIEW,insufficient competition metadata to determine official club competition
2814616,2016,2017-01-25,POCP,1085,1075,0,3,,,,,,,,REVIEW,insufficient competition metadata to determine official club competition
2814617,2016,2017-01-26,POCP,979,294,3,1,,,,,,,,REVIEW,insufficient competition metadata to determine official club competition
2818083,2016,2017-01-29,POCP,1075,979,0,1,,,,,,,,REVIEW,insufficient competition metadata to determine official club competition
2882513,2017,2017-07-15,UKRS,660,338,2,0,,,,,,,,REVIEW,insufficient competition metadata to determine official club competition
2885389,2017,2017-07-23,POCP,10140,976,4,5,,,,,,,,REVIEW,insufficient competition metadata to determine official club competition
2885390,2017,2017-07-23,POCP,25817,982,3,2,,,,,,,,REVIEW,insufficient competition metadata to determine official club competition
2885391,2017,2017-07-23,POCP,3329,2423,1,2,,,,,,,,REVIEW,insufficient competition metadata to determine official club competition
2885392,2017,2017-07-23,POCP,3327,8827,0,1,,,,,,,,REVIEW,insufficient competition metadata to determine official club competition
2885393,2017,2017-07-23,POCP,4297,2424,1,2,,,,,,,,REVIEW,insufficient competition metadata to determine official club competition
2885394,2017,2017-07-23,POCP,2990,8024,2,4,,,,,,,,REVIEW,insufficient competition metadata to determine official club competition
2885395,2017,2017-07-23,POCP,3345,7788,2,0,,,,,,,,REVIEW,insufficient competition metadata to determine official club competition
2895675,2017,2017-07-29,POCP,68608,11085,0,1,,,,,,,,REVIEW,insufficient competition metadata to determine official club competition
2895676,2017,2017-07-30,POCP,1085,7179,1,0,,,,,,,,REVIEW,insufficient competition metadata to determine official club competition
2895677,2017,2017-07-30,POCP,979,3336,1,0,,,,,,,,REVIEW,insufficient competition metadata to determine official club competition
2895680,2017,2017-07-30,POCP,976,2424,2,1,,,,,,,,REVIEW,insufficient competition metadata to determine official club competition
2895682,2017,2017-07-30,POCP,8827,2423,2,1,,,,,,,,REVIEW,insufficient competition metadata to determine official club competition
2895683,2017,2017-07-30,POCP,8024,2995,1,2,,,,,,,,REVIEW,insufficient competition metadata to determine official club competition
2895678,2017,2017-09-01,POCP,1301,1465,1,0,,,,,,,,REVIEW,insufficient competition metadata to determine official club competition
2895679,2017,2017-09-02,POCP,7378,3325,3,1,,,,,,,,REVIEW,insufficient competition metadata to determine official club competition
2895681,2017,2017-09-02,POCP,2425,25817,2,0,,,,,,,,REVIEW,insufficient competition metadata to determine official club competition
2895684,2017,2017-09-03,POCP,2503,1075,1,2,,,,,,,,REVIEW,insufficient competition metadata to determine official club competition
2923571,2017,2017-09-19,POCP,336,1301,0,0,,,,,,,,REVIEW,insufficient competition metadata to determine official club competition
2923626,2017,2017-09-20,POCP,3345,2995,1,0,,,,,,,,REVIEW,insufficient competition metadata to determine official club competition
2923627,2017,2017-09-20,POCP,294,1075,1,1,,,,,,,,REVIEW,insufficient competition metadata to determine official club competition
2923573,2017,2017-10-07,POCP,2420,3349,1,1,,,,,,,,REVIEW,insufficient competition metadata to determine official club competition
2923629,2017,2017-10-08,POCP,2995,2425,1,1,,,,,,,,REVIEW,insufficient competition metadata to determine official club competition
2923574,2017,2017-10-10,POCP,8827,979,0,0,,,,,,,,REVIEW,insufficient competition metadata to determine official club competition
2923632,2017,2017-10-24,POCP,720,3345,0,0,,,,,,,,REVIEW,insufficient competition metadata to determine official club competition
2923628,2017,2017-10-26,POCP,7378,1085,1,2,,,,,,,,REVIEW,insufficient competition metadata to determine official club competition
2923633,2017,2017-11-11,POCP,979,3349,2,1,,,,,,,,REVIEW,insufficient competition metadata to determine official club competition
2923634,2017,2017-11-11,POCP,2420,8827,1,4,,,,,,,,REVIEW,insufficient competition metadata to determine official club competition
2923572,2017,2017-11-28,POCP,976,68608,1,1,,,,,,,,REVIEW,insufficient competition metadata to determine official club competition
2933515,2017,2017-12-06,KLUB,2524,11391,1,0,,,,,,,,REVIEW,insufficient competition metadata to determine official club competition
2958539,2017,2017-12-09,KLUB,4035,6603,1,0,,,,,,,,REVIEW,insufficient competition metadata to determine official club competition
2979777,2017,2017-12-09,KLUB,2524,828,1,0,,,,,,,,REVIEW,insufficient competition metadata to determine official club competition
2981468,2017,2017-12-12,KLUB,210,4035,1,0,,,,,,,,REVIEW,insufficient competition metadata to determine official club competition
2982113,2017,2017-12-12,KLUB,6603,828,2,3,,,,,,,,REVIEW,insufficient competition metadata to determine official club competition
2981467,2017,2017-12-13,KLUB,2524,418,1,2,,,,,,,,REVIEW,insufficient competition metadata to determine official club competition
2982737,2017,2017-12-16,KLUB,2524,4035,1,4,,,,,,,,REVIEW,insufficient competition metadata to determine official club competition
2982738,2017,2017-12-16,KLUB,418,210,1,0,,,,,,,,REVIEW,insufficient competition metadata to determine official club competition
2923631,2017,2017-12-20,POCP,294,7378,2,2,,,,,,,,REVIEW,insufficient competition metadata to determine official club competition
2923635,2017,2017-12-20,POCP,336,976,6,0,,,,,,,,REVIEW,insufficient competition metadata to determine official club competition
2923625,2017,2017-12-21,POCP,720,2425,3,0,,,,,,,,REVIEW,insufficient competition metadata to determine official club competition
2923636,2017,2017-12-21,POCP,68608,1301,0,0,,,,,,,,REVIEW,insufficient competition metadata to determine official club competition
2923630,2017,2017-12-22,POCP,1085,1075,2,1,,,,,,,,REVIEW,insufficient competition metadata to determine official club competition
2923568,2017,2017-12-29,POCP,1075,7378,2,2,,,,,,,,REVIEW,insufficient competition metadata to determine official club competition
2923570,2017,2017-12-29,POCP,1085,294,2,2,,,,,,,,REVIEW,insufficient competition metadata to determine official club competition
2923645,2017,2017-12-29,POCP,1301,976,3,2,,,,,,,,REVIEW,insufficient competition metadata to determine official club competition
2923646,2017,2017-12-29,POCP,68608,336,1,1,,,,,,,,REVIEW,insufficient competition metadata to determine official club competition
2923567,2017,2017-12-30,POCP,2425,3345,3,2,,,,,,,,REVIEW,insufficient competition metadata to determine official club competition
2923569,2017,2017-12-30,POCP,2995,720,2,3,,,,,,,,REVIEW,insufficient competition metadata to determine official club competition
2923647,2017,2017-12-30,POCP,3349,8827,2,2,,,,,,,,REVIEW,insufficient competition metadata to determine official club competition
2923648,2017,2017-12-30,POCP,979,2420,3,3,,,,,,,,REVIEW,insufficient competition metadata to determine official club competition
2987142,2017,2018-01-23,POCP,1085,8827,2,0,,,,,,,,REVIEW,insufficient competition metadata to determine official club competition
2987143,2017,2018-01-24,POCP,336,720,4,3,,,,,,,,REVIEW,insufficient competition metadata to determine official club competition
2992798,2017,2018-01-27,POCP,1085,336,5,6,,,,,,,,REVIEW,insufficient competition metadata to determine official club competition
3070962,2018,2018-07-21,UKRS,660,338,0,1,,,,,,,,REVIEW,insufficient competition metadata to determine official club competition
3076800,2018,2018-07-21,POCP,4297,25817,2,0,,,,,,,,REVIEW,insufficient competition metadata to determine official club competition
3076801,2018,2018-07-21,POCP,7056,10140,2,0,,,,,,,,REVIEW,insufficient competition metadata to determine official club competition
3076802,2018,2018-07-21,POCP,4294,3327,5,4,,,,,,,,REVIEW,insufficient competition metadata to determine official club competition
3076803,2018,2018-07-22,POCP,3329,8024,5,6,,,,,,,,REVIEW,insufficient competition metadata to determine official club competition
3076804,2018,2018-07-22,POCP,2990,3345,3,4,,,,,,,,REVIEW,insufficient competition metadata to determine official club competition
3077603,2018,2018-07-28,POCP,3336,2423,10,9,,,,,,,,REVIEW,insufficient competition metadata to determine official club competition
3077605,2018,2018-07-28,POCP,2457,8827,3,1,,,,,,,,REVIEW,insufficient competition metadata to determine official club competition
3077606,2018,2018-07-28,POCP,2995,7788,3,2,,,,,,,,REVIEW,insufficient competition metadata to determine official club competition
3078850,2018,2018-07-28,POCP,1301,7056,3,0,,,,,,,,REVIEW,insufficient competition metadata to determine official club competition
3077604,2018,2018-07-29,POCP,982,2503,2,1,,,,,,,,REVIEW,insufficient competition metadata to determine official club competition
3078849,2018,2018-07-29,POCP,4297,979,2,0,,,,,,,,REVIEW,insufficient competition metadata to determine official club competition
3078851,2018,2018-07-29,POCP,4294,1465,0,2,,,,,,,,REVIEW,insufficient competition metadata to determine official club competition
3078852,2018,2018-07-29,POCP,8024,3325,3,5,,,,,,,,REVIEW,insufficient competition metadata to determine official club competition
3078853,2018,2018-07-29,POCP,3349,3345,3,2,,,,,,,,REVIEW,insufficient competition metadata to determine official club competition
3077607,2018,2018-08-05,POCP,7378,2425,0,2,,,,,,,,REVIEW,insufficient competition metadata to determine official club competition
3077608,2018,2018-08-06,POCP,2420,7179,0,2,,,,,,,,REVIEW,insufficient competition metadata to determine official club competition
3093828,2018,2018-09-14,POCP,720,3325,1,1,,,,,,,,REVIEW,insufficient competition metadata to determine official club competition
3093824,2018,2018-09-15,POCP,294,2425,2,1,,,,,,,,REVIEW,insufficient competition metadata to determine official club competition
3093825,2018,2018-09-15,POCP,2995,3336,0,0,,,,,,,,REVIEW,insufficient competition metadata to determine official club competition
3093826,2018,2018-09-15,POCP,1075,7179,2,1,,,,,,,,REVIEW,insufficient competition metadata to determine official club competition
3093827,2018,2018-09-16,POCP,982,1085,3,3,,,,,,,,REVIEW,insufficient competition metadata to determine official club competition
3093829,2018,2018-09-16,POCP,4297,2457,2,1,,,,,,,,REVIEW,insufficient competition metadata to determine official club competition
3093830,2018,2018-09-16,POCP,336,1301,3,1,,,,,,,,REVIEW,insufficient competition metadata to determine official club competition
3093831,2018,2018-09-17,POCP,1465,3349,1,2,,,,,,,,REVIEW,insufficient competition metadata to determine official club competition
3093833,2018,2018-10-13,POCP,3336,2425,3,0,,,,,,,,REVIEW,insufficient competition metadata to determine official club competition
3093834,2018,2018-10-30,POCP,1075,982,5,0,,,,,,,,REVIEW,insufficient competition metadata to determine official club competition
3093836,2018,2018-10-31,POCP,720,4297,4,2,,,,,,,,REVIEW,insufficient competition metadata to determine official club competition
3093838,2018,2018-10-31,POCP,336,1465,1,2,,,,,,,,REVIEW,insufficient competition metadata to determine official club competition
3093839,2018,2018-10-31,POCP,3349,1301,3,2,,,,,,,,REVIEW,insufficient competition metadata to determine official club competition
3093835,2018,2018-11-18,POCP,1085,7179,1,2,,,,,,,,REVIEW,insufficient competition metadata to determine official club competition
3093837,2018,2018-11-18,POCP,2457,3325,0,1,,,,,,,,REVIEW,insufficient competition metadata to determine official club competition
3093832,2018,2018-12-05,POCP,294,2995,2,0,,,,,,,,REVIEW,insufficient competition metadata to determine official club competition
3126074,2018,2018-12-12,KLUB,2150,18385,7,6,,,,,,,,REVIEW,insufficient competition metadata to determine official club competition
3133269,2018,2018-12-15,KLUB,2241,6711,3,2,,,,,,,,REVIEW,insufficient competition metadata to determine official club competition
3134822,2018,2018-12-15,KLUB,3342,2150,0,3,,,,,,,,REVIEW,insufficient competition metadata to determine official club competition
3136248,2018,2018-12-18,KLUB,209,2150,6,7,,,,,,,,REVIEW,insufficient competition metadata to determine official club competition
3136249,2018,2018-12-18,KLUB,3342,6711,7,6,,,,,,,,REVIEW,insufficient competition metadata to determine official club competition
3135203,2018,2018-12-19,KLUB,2241,418,1,3,,,,,,,,REVIEW,insufficient competition metadata to determine official club competition
3136570,2018,2018-12-22,KLUB,2241,209,0,4,,,,,,,,REVIEW,insufficient competition metadata to determine official club competition
3136571,2018,2018-12-22,KLUB,418,2150,4,1,,,,,,,,REVIEW,insufficient competition metadata to determine official club competition
3093840,2018,2018-12-28,POCP,3336,294,1,1,,,,,,,,REVIEW,insufficient competition metadata to determine official club competition
3093841,2018,2018-12-28,POCP,2425,2995,1,1,,,,,,,,REVIEW,insufficient competition metadata to determine official club competition
3093842,2018,2018-12-28,POCP,1085,1075,0,4,,,,,,,,REVIEW,insufficient competition metadata to determine official club competition
3093843,2018,2018-12-28,POCP,7179,982,2,1,,,,,,,,REVIEW,insufficient competition metadata to determine official club competition
3093846,2018,2018-12-29,POCP,3349,336,1,4,,,,,,,,REVIEW,insufficient competition metadata to determine official club competition
3093847,2018,2018-12-29,POCP,1301,1465,0,1,,,,,,,,REVIEW,insufficient competition metadata to determine official club competition
3093844,2018,2018-12-30,POCP,2457,720,1,2,,,,,,,,REVIEW,insufficient competition metadata to determine official club competition
3093845,2018,2018-12-30,POCP,3325,4297,3,1,,,,,,,,REVIEW,insufficient competition metadata to determine official club competition
3140998,2018,2019-01-22,POCP,294,720,1,3,,,,,,,,REVIEW,insufficient competition metadata to determine official club competition
3140999,2018,2019-01-23,POCP,1075,336,4,5,,,,,,,,REVIEW,insufficient competition metadata to determine official club competition
3150094,2018,2019-01-26,POCP,720,336,2,4,,,,,,,,REVIEW,insufficient competition metadata to determine official club competition
3213705,2019,2019-07-27,POCP,10140,4297,3,1,,,,,,,,REVIEW,insufficient competition metadata to determine official club competition
3213709,2019,2019-07-27,POCP,2990,4294,5,4,,,,,,,,REVIEW,insufficient competition metadata to determine official club competition
3194815,2019,2019-07-28,UKRS,660,338,1,2,,,,,,,,REVIEW,insufficient competition metadata to determine official club competition
3213704,2019,2019-07-28,POCP,3327,7788,1,0,,,,,,,,REVIEW,insufficient competition metadata to determine official club competition
3213706,2019,2019-07-28,POCP,8827,7056,2,1,,,,,,,,REVIEW,insufficient competition metadata to determine official club competition
3213707,2019,2019-07-28,POCP,3268,7119,4,1,,,,,,,,REVIEW,insufficient competition metadata to determine official club competition
3213708,2019,2019-07-28,POCP,3345,25817,5,4,,,,,,,,REVIEW,insufficient competition metadata to determine official club competition
3229013,2019,2019-08-03,POCP,982,3325,5,6,,,,,,,,REVIEW,insufficient competition metadata to determine official club competition
3229014,2019,2019-08-03,POCP,3345,1301,1,2,,,,,,,,REVIEW,insufficient competition metadata to determine official club competition
3229015,2019,2019-08-03,POCP,3268,2503,2,0,,,,,,,,REVIEW,insufficient competition metadata to determine official club competition
3229016,2019,2019-08-03,POCP,1085,979,1,0,,,,,,,,REVIEW,insufficient competition metadata to determine official club competition
3229017,2019,2019-08-03,POCP,3327,7179,1,0,,,,,,,,REVIEW,insufficient competition metadata to determine official club competition
3229018,2019,2019-08-03,POCP,2457,2423,0,1,,,,,,,,REVIEW,insufficient competition metadata to determine official club competition
3229019,2019,2019-08-03,POCP,2424,3336,3,2,,,,,,,,REVIEW,insufficient competition metadata to determine official club competition
3229020,2019,2019-08-03,POCP,2425,8827,6,1,,,,,,,,REVIEW,insufficient competition metadata to determine official club competition
3229021,2019,2019-08-03,POCP,3329,10140,0,2,,,,,,,,REVIEW,insufficient competition metadata to determine official club competition
3229022,2019,2019-08-03,POCP,7378,2990,2,0,,,,,,,,REVIEW,insufficient competition metadata to determine official club competition
3229024,2019,2019-08-03,POCP,2995,1465,5,4,,,,,,,,REVIEW,insufficient competition metadata to determine official club competition
3229023,2019,2019-08-05,POCP,3349,2420,0,1,,,,,,,,REVIEW,insufficient competition metadata to determine official club competition
3255918,2019,2019-09-25,POCP,294,2420,0,0,,,,,,,,REVIEW,insufficient competition metadata to determine official club competition
3255919,2019,2019-09-25,POCP,2424,7378,1,2,,,,,,,,REVIEW,insufficient competition metadata to determine official club competition
3255922,2019,2019-09-25,POCP,720,2423,1,0,,,,,,,,REVIEW,insufficient competition metadata to determine official club competition
3255920,2019,2019-09-26,POCP,336,2425,1,2,,,,,,,,REVIEW,insufficient competition metadata to determine official club competition
3255929,2019,2019-10-04,POCP,3325,2423,1,0,,,,,,,,REVIEW,insufficient competition metadata to determine official club competition
3255917,2019,2019-10-05,POCP,10140,1085,1,1,,,,,,,,REVIEW,insufficient competition metadata to determine official club competition
3255923,2019,2019-10-05,POCP,2995,1301,1,1,,,,,,,,REVIEW,insufficient competition metadata to determine official club competition
3255927,2019,2019-10-05,POCP,7378,2425,1,1,,,,,,,,REVIEW,insufficient competition metadata to determine official club competition
3255924,2019,2019-10-07,POCP,3327,1075,1,3,,,,,,,,REVIEW,insufficient competition metadata to determine official club competition
3255915,2019,2019-10-13,POCP,3327,2995,1,2,,,,,,,,REVIEW,insufficient competition metadata to determine official club competition
3255916,2019,2019-10-13,POCP,1075,1301,2,1,,,,,,,,REVIEW,insufficient competition metadata to determine official club competition
3255921,2019,2019-11-16,POCP,3268,3325,0,1,,,,,,,,REVIEW,insufficient competition metadata to determine official club competition
3255926,2019,2019-12-03,POCP,10140,294,1,1,,,,,,,,REVIEW,insufficient competition metadata to determine official club competition
3255925,2019,2019-12-04,POCP,1085,2420,0,2,,,,,,,,REVIEW,insufficient competition metadata to determine official club competition
3255928,2019,2019-12-04,POCP,2424,336,0,2,,,,,,,,REVIEW,insufficient competition metadata to determine official club competition
3255930,2019,2019-12-05,POCP,3268,720,0,3,,,,,,,,REVIEW,insufficient competition metadata to determine official club competition
3290641,2019,2019-12-10,KLUB,656,18393,3,1,,,,,,,,REVIEW,insufficient competition metadata to determine official club competition
3290642,2019,2019-12-14,KLUB,1114,3342,1,0,,,,,,,,REVIEW,insufficient competition metadata to determine official club competition
3291217,2019,2019-12-14,KLUB,2407,656,3,2,,,,,,,,REVIEW,insufficient competition metadata to determine official club competition
3291617,2019,2019-12-17,KLUB,656,3342,2,6,,,,,,,,REVIEW,insufficient competition metadata to determine official club competition
3291618,2019,2019-12-17,KLUB,614,1114,3,1,,,,,,,,REVIEW,insufficient competition metadata to determine official club competition
3291619,2019,2019-12-18,KLUB,2407,31,1,2,,,,,,,,REVIEW,insufficient competition metadata to determine official club competition
3255931,2019,2019-12-21,POCP,1301,3327,0,0,,,,,,,,REVIEW,insufficient competition metadata to determine official club competition
3255933,2019,2019-12-21,POCP,2420,10140,3,0,,,,,,,,REVIEW,insufficient competition metadata to determine official club competition
3255934,2019,2019-12-21,POCP,1085,294,2,2,,,,,,,,REVIEW,insufficient competition metadata to determine official club competition
3255935,2019,2019-12-21,POCP,2425,2424,0,1,,,,,,,,REVIEW,insufficient competition metadata to determine official club competition
3255936,2019,2019-12-21,POCP,7378,336,2,4,,,,,,,,REVIEW,insufficient competition metadata to determine official club competition
3293375,2019,2019-12-21,KLUB,2407,1114,6,5,,,,,,,,REVIEW,insufficient competition metadata to determine official club competition
3293376,2019,2019-12-21,KLUB,31,614,1,0,,,,,,,,REVIEW,insufficient competition metadata to determine official club competition
3255932,2019,2019-12-22,POCP,2995,1075,1,4,,,,,,,,REVIEW,insufficient competition metadata to determine official club competition
3255937,2019,2019-12-22,POCP,2423,3268,1,2,,,,,,,,REVIEW,insufficient competition metadata to determine official club competition
3255938,2019,2019-12-22,POCP,3325,720,2,4,,,,,,,,REVIEW,insufficient competition metadata to determine official club competition
3296895,2019,2020-01-21,POCP,1075,336,2,1,,,,,,,,REVIEW,insufficient competition metadata to determine official club competition
3296896,2019,2020-01-22,POCP,2420,720,1,2,,,,,,,,REVIEW,insufficient competition metadata to determine official club competition
3309599,2019,2020-01-25,POCP,1075,720,1,0,,,,,,,,REVIEW,insufficient competition metadata to determine official club competition
3425523,2020,2020-08-25,UKRS,660,338,1,3,,,,,,,,REVIEW,insufficient competition metadata to determine official club competition
3492167,2020,2020-12-15,POCP,336,7056,2,0,,,,,,,,REVIEW,insufficient competition metadata to determine official club competition
3492168,2020,2020-12-16,POCP,720,2995,2,1,,,,,,,,REVIEW,insufficient competition metadata to determine official club competition
3492169,2020,2020-12-16,POCP,294,2420,4,1,,,,,,,,REVIEW,insufficient competition metadata to determine official club competition
3492170,2020,2020-12-17,POCP,1075,1465,3,1,,,,,,,,REVIEW,insufficient competition metadata to determine official club competition
3498215,2020,2021-01-19,POCP,336,720,2,1,,,,,,,,REVIEW,insufficient competition metadata to determine official club competition
3498216,2020,2021-01-20,POCP,1075,294,2,1,,,,,,,,REVIEW,insufficient competition metadata to determine official club competition
3508335,2020,2021-01-23,POCP,336,1075,1,0,,,,,,,,REVIEW,insufficient competition metadata to determine official club competition
3507766,2020,2021-02-04,KLUB,26091,7,0,1,,,,,,,,REVIEW,insufficient competition metadata to determine official club competition
3507767,2020,2021-02-04,KLUB,7055,3535,2,1,,,,,,,,REVIEW,insufficient competition metadata to determine official club competition
3515966,2020,2021-02-07,KLUB,1023,7055,0,1,,,,,,,,REVIEW,insufficient competition metadata to determine official club competition
3515967,2020,2021-02-07,KLUB,3535,26091,1,3,,,,,,,,REVIEW,insufficient competition metadata to determine official club competition
3515968,2020,2021-02-08,KLUB,7,27,0,2,,,,,,,,REVIEW,insufficient competition metadata to determine official club competition
3519510,2020,2021-02-11,KLUB,7,1023,3,2,,,,,,,,REVIEW,insufficient competition metadata to determine official club competition
3519511,2020,2021-02-11,KLUB,27,7055,1,0,,,,,,,,REVIEW,insufficient competition metadata to determine official club competition
3616774,2021,2021-07-23,POCP,7378,2990,2,1,,,,,,,,REVIEW,insufficient competition metadata to determine official club competition
3616775,2021,2021-07-24,POCP,7179,2424,0,1,,,,,,,,REVIEW,insufficient competition metadata to determine official club competition
3616776,2021,2021-07-24,POCP,2431,6912,2,1,,,,,,,,REVIEW,insufficient competition metadata to determine official club competition
3616777,2021,2021-07-24,POCP,7056,2457,1,0,,,,,,,,REVIEW,insufficient competition metadata to determine official club competition
3616778,2021,2021-07-24,POCP,3348,10140,0,3,,,,,,,,REVIEW,insufficient competition metadata to determine official club competition
3616779,2021,2021-07-24,POCP,3349,3329,0,1,,,,,,,,REVIEW,insufficient competition metadata to determine official club competition
3616780,2021,2021-07-24,POCP,7788,3268,1,4,,,,,,,,REVIEW,insufficient competition metadata to determine official club competition
3616781,2021,2021-07-24,POCP,3325,4294,1,2,,,,,,,,REVIEW,insufficient competition metadata to determine official club competition
3616782,2021,2021-07-25,POCP,3327,979,5,4,,,,,,,,REVIEW,insufficient competition metadata to determine official club competition
3616783,2021,2021-07-25,POCP,4297,2425,4,5,,,,,,,,REVIEW,insufficient competition metadata to determine official club competition
3616784,2021,2021-07-25,POCP,7119,8024,0,3,,,,,,,,REVIEW,insufficient competition metadata to determine official club competition
3616785,2021,2021-07-25,POCP,982,1465,1,2,,,,,,,,REVIEW,insufficient competition metadata to determine official club competition
3616786,2021,2021-07-25,POCP,1301,2503,0,1,,,,,,,,REVIEW,insufficient competition metadata to determine official club competition
3616787,2021,2021-07-26,POCP,2420,3345,4,1,,,,,,,,REVIEW,insufficient competition metadata to determine official club competition
3636772,2021,2021-07-30,POCP,2995,2424,5,4,,,,,,,,REVIEW,insufficient competition metadata to determine official club competition
3636773,2021,2021-08-01,POCP,2431,3327,0,1,,,,,,,,REVIEW,insufficient competition metadata to determine official club competition
3636774,2021,2021-08-01,POCP,3329,1465,1,0,,,,,,,,REVIEW,insufficient competition metadata to determine official club competition
3636775,2021,2021-08-01,POCP,4294,2423,0,3,,,,,,,,REVIEW,insufficient competition metadata to determine official club competition
3636776,2021,2021-08-01,POCP,10140,7056,3,1,,,,,,,,REVIEW,insufficient competition metadata to determine official club competition
3636777,2021,2021-08-01,POCP,8024,2425,0,1,,,,,,,,REVIEW,insufficient competition metadata to determine official club competition
3636778,2021,2021-08-01,POCP,3268,2420,0,1,,,,,,,,REVIEW,insufficient competition metadata to determine official club competition
3636779,2021,2021-08-01,POCP,2503,7378,2,0,,,,,,,,REVIEW,insufficient competition metadata to determine official club competition
3654697,2021,2021-09-21,POCP,10140,2420,0,2,,,,,,,,REVIEW,insufficient competition metadata to determine official club competition
3654696,2021,2021-09-22,POCP,3329,3327,5,0,,,,,,,,REVIEW,insufficient competition metadata to determine official club competition
3654698,2021,2021-09-22,POCP,2425,2423,2,2,,,,,,,,REVIEW,insufficient competition metadata to determine official club competition
3654699,2021,2021-09-23,POCP,2995,2503,1,2,,,,,,,,REVIEW,insufficient competition metadata to determine official club competition
3654702,2021,2021-10-26,POCP,2423,720,3,1,,,,,,,,REVIEW,insufficient competition metadata to determine official club competition
3654703,2021,2021-10-26,POCP,336,3329,2,1,,,,,,,,REVIEW,insufficient competition metadata to determine official club competition
3654700,2021,2021-10-27,POCP,2420,294,3,3,,,,,,,,REVIEW,insufficient competition metadata to determine official club competition
3654701,2021,2021-10-28,POCP,1075,2995,0,0,,,,,,,,REVIEW,insufficient competition metadata to determine official club competition
3654707,2021,2021-12-14,POCP,3327,336,0,1,,,,,,,,REVIEW,insufficient competition metadata to determine official club competition
3654704,2021,2021-12-15,POCP,294,10140,3,0,,,,,,,,REVIEW,insufficient competition metadata to determine official club competition
3654705,2021,2021-12-15,POCP,720,2425,1,0,,,,,,,,REVIEW,insufficient competition metadata to determine official club competition
3654706,2021,2021-12-16,POCP,2503,1075,5,1,,,,,,,,REVIEW,insufficient competition metadata to determine official club competition
3716649,2021,2022-01-25,POCP,294,2503,4,3,,,,,,,,REVIEW,insufficient competition metadata to determine official club competition
3716650,2021,2022-01-26,POCP,336,2423,2,1,,,,,,,,REVIEW,insufficient competition metadata to determine official club competition
3741058,2021,2022-01-29,POCP,294,336,1,2,,,,,,,,REVIEW,insufficient competition metadata to determine official club competition
3723433,2021,2022-02-03,KLUB,2524,17782,4,1,,,,,,,,REVIEW,insufficient competition metadata to determine official club competition
3705096,2021,2022-02-05,KLUB,7,2407,1,0,,,,,,,,REVIEW,insufficient competition metadata to determine official club competition
3744277,2021,2022-02-06,KLUB,1114,2524,6,1,,,,,,,,REVIEW,insufficient competition metadata to determine official club competition
3744999,2021,2022-02-08,KLUB,7,1023,0,2,,,,,,,,REVIEW,insufficient competition metadata to determine official club competition
3745000,2021,2022-02-09,KLUB,1114,631,0,1,,,,,,,,REVIEW,insufficient competition metadata to determine official club competition
3745001,2021,2022-02-09,KLUB,2407,2524,3,1,,,,,,,,REVIEW,insufficient competition metadata to determine official club competition
3749945,2021,2022-02-12,KLUB,1114,7,0,4,,,,,,,,REVIEW,insufficient competition metadata to determine official club competition
3749946,2021,2022-02-12,KLUB,631,1023,2,1,,,,,,,,REVIEW,insufficient competition metadata to determine official club competition
3963076,2022,2022-11-17,POCP,3327,979,1,2,,,,,,,,REVIEW,insufficient competition metadata to determine official club competition
3963077,2022,2022-11-18,POCP,2457,2503,2,3,,,,,,,,REVIEW,insufficient competition metadata to determine official club competition
3963078,2022,2022-11-18,POCP,8024,3349,1,1,,,,,,,,REVIEW,insufficient competition metadata to determine official club competition
3962997,2022,2022-11-19,POCP,3345,8827,2,1,,,,,,,,REVIEW,insufficient competition metadata to determine official club competition
3962998,2022,2022-11-19,POCP,982,7378,2,0,,,,,,,,REVIEW,insufficient competition metadata to determine official club competition
3962999,2022,2022-11-19,POCP,7179,1465,0,0,,,,,,,,REVIEW,insufficient competition metadata to determine official club competition
3963000,2022,2022-11-19,POCP,7119,2420,0,0,,,,,,,,REVIEW,insufficient competition metadata to determine official club competition
3963001,2022,2022-11-20,POCP,2432,7788,1,1,,,,,,,,REVIEW,insufficient competition metadata to determine official club competition
3963002,2022,2022-11-20,POCP,10140,2424,2,2,,,,,,,,REVIEW,insufficient competition metadata to determine official club competition
3963004,2022,2022-11-20,POCP,2995,3268,1,1,,,,,,,,REVIEW,insufficient competition metadata to determine official club competition
3963003,2022,2022-11-21,POCP,2431,294,2,3,,,,,,,,REVIEW,insufficient competition metadata to determine official club competition
3963005,2022,2022-11-22,POCP,6912,3325,2,2,,,,,,,,REVIEW,insufficient competition metadata to determine official club competition
3963018,2022,2022-11-23,POCP,3345,2423,2,1,,,,,,,,REVIEW,insufficient competition metadata to determine official club competition
3963019,2022,2022-11-24,POCP,7179,2432,1,1,,,,,,,,REVIEW,insufficient competition metadata to determine official club competition
3963006,2022,2022-11-25,POCP,720,7056,2,2,,,,,,,,REVIEW,insufficient competition metadata to determine official club competition
3963007,2022,2022-11-26,POCP,1075,3348,3,0,,,,,,,,REVIEW,insufficient competition metadata to determine official club competition
3963020,2022,2022-11-26,POCP,8827,3349,0,0,,,,,,,,REVIEW,insufficient competition metadata to determine official club competition
3963021,2022,2022-11-26,POCP,3329,7788,1,1,,,,,,,,REVIEW,insufficient competition metadata to determine official club competition
3963022,2022,2022-11-26,POCP,294,3327,2,0,,,,,,,,REVIEW,insufficient competition metadata to determine official club competition
3963023,2022,2022-11-27,POCP,7378,10140,2,0,,,,,,,,REVIEW,insufficient competition metadata to determine official club competition
3963024,2022,2022-11-27,POCP,2424,982,2,0,,,,,,,,REVIEW,insufficient competition metadata to determine official club competition
3963025,2022,2022-11-27,POCP,979,2431,4,2,,,,,,,,REVIEW,insufficient competition metadata to determine official club competition
3963026,2022,2022-11-27,POCP,2503,7119,1,0,,,,,,,,REVIEW,insufficient competition metadata to determine official club competition
3963038,2022,2022-11-29,POCP,2423,8827,1,1,,,,,,,,REVIEW,insufficient competition metadata to determine official club competition
3963008,2022,2022-11-30,POCP,336,4294,6,0,,,,,,,,REVIEW,insufficient competition metadata to determine official club competition
3963009,2022,2022-12-01,POCP,1301,2425,0,1,,,,,,,,REVIEW,insufficient competition metadata to determine official club competition
3963027,2022,2022-12-01,POCP,2420,2457,2,2,,,,,,,,REVIEW,insufficient competition metadata to determine official club competition
3963039,2022,2022-12-01,POCP,7788,1465,3,2,,,,,,,,REVIEW,insufficient competition metadata to determine official club competition
3963040,2022,2022-12-02,POCP,2432,3329,1,0,,,,,,,,REVIEW,insufficient competition metadata to determine official club competition
3963028,2022,2022-12-03,POCP,3268,1075,0,1,,,,,,,,REVIEW,insufficient competition metadata to determine official club competition
3963029,2022,2022-12-03,POCP,3348,2995,1,1,,,,,,,,REVIEW,insufficient competition metadata to determine official club competition
3963041,2022,2022-12-04,POCP,8024,3345,1,1,,,,,,,,REVIEW,insufficient competition metadata to determine official club competition
3963030,2022,2022-12-05,POCP,7056,6912,1,1,,,,,,,,REVIEW,insufficient competition metadata to determine official club competition
3963058,2022,2022-12-06,POCP,1465,2432,2,2,,,,,,,,REVIEW,insufficient competition metadata to determine official club competition
3963031,2022,2022-12-07,POCP,4294,1301,2,0,,,,,,,,REVIEW,insufficient competition metadata to determine official club competition
3963032,2022,2022-12-07,POCP,2425,336,0,2,,,,,,,,REVIEW,insufficient competition metadata to determine official club competition
3963033,2022,2022-12-08,POCP,3325,720,0,2,,,,,,,,REVIEW,insufficient competition metadata to determine official club competition
3963059,2022,2022-12-08,POCP,3349,2423,4,3,,,,,,,,REVIEW,insufficient competition metadata to determine official club competition
3963056,2022,2022-12-09,POCP,3329,7179,0,0,,,,,,,,REVIEW,insufficient competition metadata to determine official club competition
3963057,2022,2022-12-10,POCP,8827,8024,0,3,,,,,,,,REVIEW,insufficient competition metadata to determine official club competition
3963042,2022,2022-12-11,POCP,1075,2995,2,0,,,,,,,,REVIEW,insufficient competition metadata to determine official club competition
3963043,2022,2022-12-11,POCP,3268,3348,1,0,,,,,,,,REVIEW,insufficient competition metadata to determine official club competition
3963045,2022,2022-12-11,POCP,7119,2457,0,0,,,,,,,,REVIEW,insufficient competition metadata to determine official club competition
3963044,2022,2022-12-12,POCP,2503,2420,0,0,,,,,,,,REVIEW,insufficient competition metadata to determine official club competition
3963046,2022,2022-12-13,POCP,336,1301,5,0,,,,,,,,REVIEW,insufficient competition metadata to determine official club competition
3963047,2022,2022-12-13,POCP,2425,4294,2,1,,,,,,,,REVIEW,insufficient competition metadata to determine official club competition
3963048,2022,2022-12-14,POCP,7378,2424,0,3,,,,,,,,REVIEW,insufficient competition metadata to determine official club competition
3963049,2022,2022-12-14,POCP,10140,982,1,2,,,,,,,,REVIEW,insufficient competition metadata to determine official club competition
3963063,2022,2022-12-15,POCP,1465,3329,0,1,,,,,,,,REVIEW,insufficient competition metadata to determine official club competition
3963074,2022,2022-12-15,POCP,7788,7179,4,1,,,,,,,,REVIEW,insufficient competition metadata to determine official club competition
3963050,2022,2022-12-16,POCP,720,6912,4,0,,,,,,,,REVIEW,insufficient competition metadata to determine official club competition
3963051,2022,2022-12-16,POCP,3325,7056,1,2,,,,,,,,REVIEW,insufficient competition metadata to determine official club competition
3963065,2022,2022-12-16,POCP,2423,8024,1,2,,,,,,,,REVIEW,insufficient competition metadata to determine official club competition
3963080,2022,2022-12-16,POCP,3349,3345,2,1,,,,,,,,REVIEW,insufficient competition metadata to determine official club competition
3963052,2022,2022-12-17,POCP,979,294,1,1,,,,,,,,REVIEW,insufficient competition metadata to determine official club competition
3963053,2022,2022-12-17,POCP,2431,3327,1,1,,,,,,,,REVIEW,insufficient competition metadata to determine official club competition
3986023,2022,2022-12-19,POCP,336,1075,5,0,,,,,,,,REVIEW,insufficient competition metadata to determine official club competition
3986024,2022,2022-12-20,POCP,7788,2503,2,1,,,,,,,,REVIEW,insufficient competition metadata to determine official club competition
3986025,2022,2022-12-21,POCP,720,2424,2,0,,,,,,,,REVIEW,insufficient competition metadata to determine official club competition
3986026,2022,2022-12-22,POCP,979,8024,1,2,,,,,,,,REVIEW,insufficient competition metadata to determine official club competition
3991692,2022,2023-01-24,POCP,8024,336,1,2,,,,,,,,REVIEW,insufficient competition metadata to determine official club competition
3991693,2022,2023-01-25,POCP,720,7788,3,0,,,,,,,,REVIEW,insufficient competition metadata to determine official club competition
4014321,2022,2023-01-28,POCP,336,720,0,2,,,,,,,,REVIEW,insufficient competition metadata to determine official club competition
3992129,2022,2023-02-01,KLUB,7,11391,3,0,,,,,,,,REVIEW,insufficient competition metadata to determine official club competition
4018741,2022,2023-02-04,KLUB,9636,7,0,1,,,,,,,,REVIEW,insufficient competition metadata to determine official club competition
4018742,2022,2023-02-04,KLUB,6603,1114,4,6,,,,,,,,REVIEW,insufficient competition metadata to determine official club competition
4020739,2022,2023-02-07,KLUB,614,1114,2,3,,,,,,,,REVIEW,insufficient competition metadata to determine official club competition
4020740,2022,2023-02-08,KLUB,7,418,1,4,,,,,,,,REVIEW,insufficient competition metadata to determine official club competition
4022148,2022,2023-02-11,KLUB,7,614,2,4,,,,,,,,REVIEW,insufficient competition metadata to determine official club competition
4022149,2022,2023-02-11,KLUB,418,1114,5,3,,,,,,,,REVIEW,insufficient competition metadata to determine official club competition
4097109,2022,2023-08-08,CGB,3688,1027,2,5,,,,,,,,REVIEW,insufficient competition metadata to determine official club competition
4097110,2022,2023-08-08,CGB,349,1074,8,9,,,,,,,,REVIEW,insufficient competition metadata to determine official club competition
4097111,2022,2023-08-08,CGB,164,899,4,3,,,,,,,,REVIEW,insufficient competition metadata to determine official club competition
4097112,2022,2023-08-08,CGB,355,6168,1,0,,,,,,,,REVIEW,insufficient competition metadata to determine official club competition
4097115,2022,2023-08-08,CGB,3371,337,0,2,,,,,,,,REVIEW,insufficient competition metadata to determine official club competition
4097116,2022,2023-08-08,CGB,22,1181,0,2,,,,,,,,REVIEW,insufficient competition metadata to determine official club competition
4097117,2022,2023-08-08,CGB,6699,3537,2,1,,,,,,,,REVIEW,insufficient competition metadata to determine official club competition
4097118,2022,2023-08-08,CGB,3455,1020,1,3,,,,,,,,REVIEW,insufficient competition metadata to determine official club competition
4097119,2022,2023-08-08,CGB,2814,180,3,1,,,,,,,,REVIEW,insufficient competition metadata to determine official club competition
4097120,2022,2023-08-08,CGB,12020,1220,1,0,,,,,,,,REVIEW,insufficient competition metadata to determine official club competition
4097121,2022,2023-08-08,CGB,1110,641,2,3,,,,,,,,REVIEW,insufficient competition metadata to determine official club competition
4097122,2022,2023-08-08,CGB,3008,2454,1,2,,,,,,,,REVIEW,insufficient competition metadata to determine official club competition
4097124,2022,2023-08-08,CGB,991,2805,0,2,,,,,,,,REVIEW,insufficient competition metadata to determine official club competition
4097125,2022,2023-08-08,CGB,3820,1034,2,0,,,,,,,,REVIEW,insufficient competition metadata to determine official club competition
4097126,2022,2023-08-08,CGB,1028,1032,0,4,,,,,,,,REVIEW,insufficient competition metadata to determine official club competition
4097127,2022,2023-08-08,CGB,3716,358,3,1,,,,,,,,REVIEW,insufficient competition metadata to determine official club competition
4097128,2022,2023-08-08,CGB,1045,1198,0,2,,,,,,,,REVIEW,insufficient competition metadata to determine official club competition
4097129,2022,2023-08-08,CGB,1072,352,5,2,,,,,,,,REVIEW,insufficient competition metadata to determine official club competition
4097130,2022,2023-08-08,CGB,2262,1150,2,0,,,,,,,,REVIEW,insufficient competition metadata to determine official club competition
4097131,2022,2023-08-08,CGB,1211,11177,3,2,,,,,,,,REVIEW,insufficient competition metadata to determine official club competition
4097132,2022,2023-08-08,CGB,466,34888,4,6,,,,,,,,REVIEW,insufficient competition metadata to determine official club competition
4097134,2022,2023-08-08,CGB,1194,3697,5,3,,,,,,,,REVIEW,insufficient competition metadata to determine official club competition
4097135,2022,2023-08-08,CGB,1035,1098,5,2,,,,,,,,REVIEW,insufficient competition metadata to determine official club competition
4097136,2022,2023-08-08,CGB,3684,1010,5,4,,,,,,,,REVIEW,insufficient competition metadata to determine official club competition
4097137,2022,2023-08-08,CGB,512,984,2,1,,,,,,,,REVIEW,insufficient competition metadata to determine official club competition
4097138,2022,2023-08-08,CGB,289,1042,4,6,,,,,,,,REVIEW,insufficient competition metadata to determine official club competition
4097139,2022,2023-08-08,CGB,3052,986,8,7,,,,,,,,REVIEW,insufficient competition metadata to determine official club competition
4097140,2022,2023-08-08,CGB,2288,1302,3,0,,,,,,,,REVIEW,insufficient competition metadata to determine official club competition
4097141,2022,2023-08-08,CGB,1112,1071,4,2,,,,,,,,REVIEW,insufficient competition metadata to determine official club competition
4097108,2022,2023-08-09,CGB,3884,990,2,1,,,,,,,,REVIEW,insufficient competition metadata to determine official club competition
4097113,2022,2023-08-09,CGB,698,988,5,1,,,,,,,,REVIEW,insufficient competition metadata to determine official club competition
4097114,2022,2023-08-09,CGB,603,1060,5,2,,,,,,,,REVIEW,insufficient competition metadata to determine official club competition
4097123,2022,2023-08-09,CGB,399,3054,2,1,,,,,,,,REVIEW,insufficient competition metadata to determine official club competition
4097142,2022,2023-08-09,CGB,2963,1003,0,2,,,,,,,,REVIEW,insufficient competition metadata to determine official club competition
4150139,2022,2023-08-09,CGB,677,2455,2,0,,,,,,,,REVIEW,insufficient competition metadata to determine official club competition
4097133,2022,2023-08-16,CGB,1039,1123,0,1,,,,,,,,REVIEW,insufficient competition metadata to determine official club competition
4164098,2022,2023-08-29,CGB,355,641,1,3,,,,,,,,REVIEW,insufficient competition metadata to determine official club competition
4164099,2022,2023-08-29,CGB,1211,1042,2,0,,,,,,,,REVIEW,insufficient competition metadata to determine official club competition
4164100,2022,2023-08-29,CGB,1035,3820,5,6,,,,,,,,REVIEW,insufficient competition metadata to determine official club competition
4164101,2022,2023-08-29,CGB,512,1194,6,1,,,,,,,,REVIEW,insufficient competition metadata to determine official club competition
4164102,2022,2023-08-29,CGB,1074,1003,0,2,,,,,,,,REVIEW,insufficient competition metadata to determine official club competition
4164103,2022,2023-08-29,CGB,543,1181,5,0,,,,,,,,REVIEW,insufficient competition metadata to determine official club competition
4164104,2022,2023-08-29,CGB,1112,1027,4,5,,,,,,,,REVIEW,insufficient competition metadata to determine official club competition
4164105,2022,2023-08-29,CGB,34888,399,10,9,,,,,,,,REVIEW,insufficient competition metadata to determine official club competition
4164106,2022,2023-08-29,CGB,337,603,1,3,,,,,,,,REVIEW,insufficient competition metadata to determine official club competition
4164107,2022,2023-08-29,CGB,698,1123,0,1,,,,,,,,REVIEW,insufficient competition metadata to determine official club competition
4164108,2022,2023-08-29,CGB,6699,3684,6,4,,,,,,,,REVIEW,insufficient competition metadata to determine official club competition
4164109,2022,2023-08-29,CGB,931,148,6,4,,,,,,,,REVIEW,insufficient competition metadata to determine official club competition
4164110,2022,2023-08-29,CGB,1031,2814,3,2,,,,,,,,REVIEW,insufficient competition metadata to determine official club competition
4164111,2022,2023-08-29,CGB,3716,1148,1,4,,,,,,,,REVIEW,insufficient competition metadata to determine official club competition
4164112,2022,2023-08-29,CGB,2262,873,2,4,,,,,,,,REVIEW,insufficient competition metadata to determine official club competition
4164113,2022,2023-08-29,CGB,1020,1072,5,6,,,,,,,,REVIEW,insufficient competition metadata to determine official club competition
4164114,2022,2023-08-29,CGB,2288,989,2,3,,,,,,,,REVIEW,insufficient competition metadata to determine official club competition
4164115,2022,2023-08-29,CGB,2805,3052,0,1,,,,,,,,REVIEW,insufficient competition metadata to determine official club competition
4164116,2022,2023-08-29,CGB,1032,677,3,5,,,,,,,,REVIEW,insufficient competition metadata to determine official club competition
4164117,2022,2023-08-30,CGB,12020,164,0,8,,,,,,,,REVIEW,insufficient competition metadata to determine official club competition
4164118,2022,2023-08-30,CGB,703,1132,0,1,,,,,,,,REVIEW,insufficient competition metadata to determine official club competition
4164119,2022,2023-08-30,CGB,350,1198,2,3,,,,,,,,REVIEW,insufficient competition metadata to determine official club competition
4164120,2022,2023-08-30,CGB,2454,29,1,2,,,,,,,,REVIEW,insufficient competition metadata to determine official club competition
4164121,2022,2023-08-30,CGB,631,3884,2,1,,,,,,,,REVIEW,insufficient competition metadata to determine official club competition
4188439,2022,2023-09-26,CGB,1027,641,0,2,,,,,,,,REVIEW,insufficient competition metadata to determine official club competition
4188440,2022,2023-09-26,CGB,6699,1031,1,0,,,,,,,,REVIEW,insufficient competition metadata to determine official club competition
4188441,2022,2023-09-26,CGB,677,543,3,2,,,,,,,,REVIEW,insufficient competition metadata to determine official club competition
4188442,2022,2023-09-26,CGB,3820,1072,5,3,,,,,,,,REVIEW,insufficient competition metadata to determine official club competition
4188443,2022,2023-09-26,CGB,1211,3052,2,1,,,,,,,,REVIEW,insufficient competition metadata to determine official club competition
4188444,2022,2023-09-26,CGB,34888,1132,0,4,,,,,,,,REVIEW,insufficient competition metadata to determine official club competition
4188445,2022,2023-09-26,CGB,985,873,3,0,,,,,,,,REVIEW,insufficient competition metadata to determine official club competition
4188446,2022,2023-09-27,CGB,405,29,1,2,,,,,,,,REVIEW,insufficient competition metadata to determine official club competition
4188447,2022,2023-09-27,CGB,164,603,5,2,,,,,,,,REVIEW,insufficient competition metadata to determine official club competition
4188448,2022,2023-09-27,CGB,989,512,2,0,,,,,,,,REVIEW,insufficient competition metadata to determine official club competition
4188449,2022,2023-09-27,CGB,1148,11,0,1,,,,,,,,REVIEW,insufficient competition metadata to determine official club competition
4188450,2022,2023-09-27,CGB,631,1237,1,0,,,,,,,,REVIEW,insufficient competition metadata to determine official club competition
4188451,2022,2023-09-27,CGB,931,1123,2,1,,,,,,,,REVIEW,insufficient competition metadata to determine official club competition
4188452,2022,2023-09-27,CGB,1198,379,0,1,,,,,,,,REVIEW,insufficient competition metadata to determine official club competition
4188453,2022,2023-09-27,CGB,31,1003,3,1,,,,,,,,REVIEW,insufficient competition metadata to determine official club competition
4188454,2022,2023-09-27,CGB,762,281,1,0,,,,,,,,REVIEW,insufficient competition metadata to determine official club competition
4220936,2022,2023-10-31,CGB,3820,1211,0,1,,,,,,,,REVIEW,insufficient competition metadata to determine official club competition
4220937,2022,2023-10-31,CGB,6699,641,2,3,,,,,,,,REVIEW,insufficient competition metadata to determine official club competition
4220938,2022,2023-11-01,CGB,379,11,3,1,,,,,,,,REVIEW,insufficient competition metadata to determine official club competition
4220939,2022,2023-11-01,CGB,631,164,2,0,,,,,,,,REVIEW,insufficient competition metadata to determine official club competition
4220940,2022,2023-11-01,CGB,989,31,1,2,,,,,,,,REVIEW,insufficient competition metadata to determine official club competition
4220941,2022,2023-11-01,CGB,29,1132,3,0,,,,,,,,REVIEW,insufficient competition metadata to determine official club competition
4220942,2022,2023-11-01,CGB,677,931,1,3,,,,,,,,REVIEW,insufficient competition metadata to determine official club competition
4220943,2022,2023-11-01,CGB,985,762,0,3,,,,,,,,REVIEW,insufficient competition metadata to determine official club competition
4221834,2022,2023-12-19,CGB,29,931,7,8,,,,,,,,REVIEW,insufficient competition metadata to determine official club competition
4221835,2022,2023-12-19,CGB,631,762,5,3,,,,,,,,REVIEW,insufficient competition metadata to determine official club competition
4221836,2022,2023-12-19,CGB,1211,641,0,3,,,,,,,,REVIEW,insufficient competition metadata to determine official club competition
4221837,2022,2023-12-20,CGB,31,379,5,1,,,,,,,,REVIEW,insufficient competition metadata to determine official club competition
4246517,2022,2024-01-09,CGB,641,631,1,0,,,,,,,,REVIEW,insufficient competition metadata to determine official club competition
4246516,2022,2024-01-10,CGB,31,931,2,1,,,,,,,,REVIEW,insufficient competition metadata to determine official club competition
4246519,2022,2024-01-23,CGB,631,641,6,1,,,,,,,,REVIEW,insufficient competition metadata to determine official club competition
4246518,2022,2024-01-24,CGB,931,31,1,1,,,,,,,,REVIEW,insufficient competition metadata to determine official club competition
4273822,2022,2024-02-25,CGB,631,31,0,1,,,,,,,,REVIEW,insufficient competition metadata to determine official club competition
4132843,2023,2023-07-21,POCP,2432,7056,1,0,,,,,,,,REVIEW,insufficient competition metadata to determine official club competition
4132844,2023,2023-07-22,POCP,2425,7788,3,0,,,,,,,,REVIEW,insufficient competition metadata to determine official club competition
4132845,2023,2023-07-22,POCP,6912,1301,2,1,,,,,,,,REVIEW,insufficient competition metadata to determine official club competition
4132846,2023,2023-07-22,POCP,982,3327,5,3,,,,,,,,REVIEW,insufficient competition metadata to determine official club competition
4132847,2023,2023-07-22,POCP,110302,3325,6,4,,,,,,,,REVIEW,insufficient competition metadata to determine official club competition
4132848,2023,2023-07-22,POCP,1465,2995,2,0,,,,,,,,REVIEW,insufficient competition metadata to determine official club competition
4132849,2023,2023-07-22,POCP,8827,2424,1,0,,,,,,,,REVIEW,insufficient competition metadata to determine official club competition
4132850,2023,2023-07-23,POCP,3345,3349,4,3,,,,,,,,REVIEW,insufficient competition metadata to determine official club competition
4132851,2023,2023-07-23,POCP,979,4294,4,5,,,,,,,,REVIEW,insufficient competition metadata to determine official club competition
4132852,2023,2023-07-23,POCP,8424,3268,0,2,,,,,,,,REVIEW,insufficient competition metadata to determine official club competition
4132853,2023,2023-07-23,POCP,68608,3329,3,2,,,,,,,,REVIEW,insufficient competition metadata to determine official club competition
4132854,2023,2023-07-23,POCP,7378,2431,3,1,,,,,,,,REVIEW,insufficient competition metadata to determine official club competition
4132855,2023,2023-07-24,POCP,2503,2639,4,5,,,,,,,,REVIEW,insufficient competition metadata to determine official club competition
4140349,2023,2023-07-28,POCP,110302,6912,1,0,,,,,,,,REVIEW,insufficient competition metadata to determine official club competition
4132856,2023,2023-07-29,POCP,2423,7179,2,4,,,,,,,,REVIEW,insufficient competition metadata to determine official club competition
4140350,2023,2023-07-29,POCP,4294,8827,3,2,,,,,,,,REVIEW,insufficient competition metadata to determine official club competition
4140351,2023,2023-07-29,POCP,1465,68608,5,1,,,,,,,,REVIEW,insufficient competition metadata to determine official club competition
4140352,2023,2023-07-30,POCP,3345,7378,5,4,,,,,,,,REVIEW,insufficient competition metadata to determine official club competition
4140353,2023,2023-07-30,POCP,2639,982,7,8,,,,,,,,REVIEW,insufficient competition metadata to determine official club competition
4140354,2023,2023-07-30,POCP,2432,3268,0,2,,,,,,,,REVIEW,insufficient competition metadata to determine official club competition
4140355,2023,2023-07-30,POCP,8024,2425,2,0,,,,,,,,REVIEW,insufficient competition metadata to determine official club competition
4192928,2023,2023-09-09,POCP,2420,7179,0,1,,,,,,,,REVIEW,insufficient competition metadata to determine official club competition
4192917,2023,2023-09-26,POCP,110302,8024,1,2,,,,,,,,REVIEW,insufficient competition metadata to determine official club competition
4192918,2023,2023-09-27,POCP,4294,7179,1,0,,,,,,,,REVIEW,insufficient competition metadata to determine official club competition
4192919,2023,2023-09-27,POCP,3345,1465,1,2,,,,,,,,REVIEW,insufficient competition metadata to determine official club competition
4192916,2023,2023-09-28,POCP,3268,982,2,1,,,,,,,,REVIEW,insufficient competition metadata to determine official club competition
4195832,2023,2023-10-31,POCP,8024,294,0,2,,,,,,,,REVIEW,insufficient competition metadata to determine official club competition
4195831,2023,2023-11-01,POCP,1075,3268,1,1,,,,,,,,REVIEW,insufficient competition metadata to determine official club competition
4195833,2023,2023-11-02,POCP,336,4294,4,2,,,,,,,,REVIEW,insufficient competition metadata to determine official club competition
4195834,2023,2023-12-06,POCP,1465,720,3,1,,,,,,,,REVIEW,insufficient competition metadata to determine official club competition
4240777,2023,2023-12-12,KLUB,8023,11391,3,0,,,,,,,,REVIEW,insufficient competition metadata to determine official club competition
4240778,2023,2023-12-15,KLUB,4941,828,0,1,,,,,,,,REVIEW,insufficient competition metadata to determine official club competition
4241256,2023,2023-12-15,KLUB,7,8023,3,1,,,,,,,,REVIEW,insufficient competition metadata to determine official club competition
4243186,2023,2023-12-18,KLUB,2462,7,2,0,,,,,,,,REVIEW,insufficient competition metadata to determine official club competition
4243187,2023,2023-12-19,KLUB,828,281,0,3,,,,,,,,REVIEW,insufficient competition metadata to determine official club competition
4192925,2023,2023-12-21,POCP,294,110302,4,1,,,,,,,,REVIEW,insufficient competition metadata to determine official club competition
4192924,2023,2023-12-22,POCP,982,1075,1,3,,,,,,,,REVIEW,insufficient competition metadata to determine official club competition
4244599,2023,2023-12-22,KLUB,828,7,2,4,,,,,,,,REVIEW,insufficient competition metadata to determine official club competition
4244600,2023,2023-12-22,KLUB,281,2462,4,0,,,,,,,,REVIEW,insufficient competition metadata to determine official club competition
4192926,2023,2023-12-23,POCP,7179,336,1,2,,,,,,,,REVIEW,insufficient competition metadata to determine official club competition
4192927,2023,2023-12-23,POCP,720,3345,2,1,,,,,,,,REVIEW,insufficient competition metadata to determine official club competition
4249677,2023,2024-01-23,POCP,1075,336,1,0,,,,,,,,REVIEW,insufficient competition metadata to determine official club competition
4249678,2023,2024-01-24,POCP,294,1465,5,6,,,,,,,,REVIEW,insufficient competition metadata to determine official club competition
4273950,2023,2024-01-27,POCP,1075,1465,6,5,,,,,,,,REVIEW,insufficient competition metadata to determine official club competition
4428850,2023,2024-08-13,CGB,1220,512,0,2,,,,,,,,REVIEW,insufficient competition metadata to determine official club competition
4428851,2023,2024-08-13,CGB,1098,164,1,6,,,,,,,,REVIEW,insufficient competition metadata to determine official club competition
4428852,2023,2024-08-13,CGB,6168,1211,3,2,,,,,,,,REVIEW,insufficient competition metadata to determine official club competition
4428853,2023,2024-08-13,CGB,355,3820,5,4,,,,,,,,REVIEW,insufficient competition metadata to determine official club competition
4428854,2023,2024-08-13,CGB,2963,1181,0,4,,,,,,,,REVIEW,insufficient competition metadata to determine official club competition
4428855,2023,2024-08-13,CGB,22,1219,2,1,,,,,,,,REVIEW,insufficient competition metadata to determine official club competition
4428856,2023,2024-08-13,CGB,11177,984,2,1,,,,,,,,REVIEW,insufficient competition metadata to determine official club competition
4428857,2023,2024-08-13,CGB,1034,1027,10,9,,,,,,,,REVIEW,insufficient competition metadata to determine official club competition
4428858,2023,2024-08-13,CGB,1110,3697,3,0,,,,,,,,REVIEW,insufficient competition metadata to determine official club competition
4428859,2023,2024-08-13,CGB,1198,12020,1,2,,,,,,,,REVIEW,insufficient competition metadata to determine official club competition
4428860,2023,2024-08-13,CGB,466,289,2,0,,,,,,,,REVIEW,insufficient competition metadata to determine official club competition
4428861,2023,2024-08-13,CGB,1194,1042,2,1,,,,,,,,REVIEW,insufficient competition metadata to determine official club competition
4428862,2023,2024-08-13,CGB,34888,2454,0,2,,,,,,,,REVIEW,insufficient competition metadata to determine official club competition
4428863,2023,2024-08-13,CGB,3054,1045,7,6,,,,,,,,REVIEW,insufficient competition metadata to determine official club competition
4428864,2023,2024-08-13,CGB,1074,3688,3,0,,,,,,,,REVIEW,insufficient competition metadata to determine official club competition
4428865,2023,2024-08-13,CGB,1071,349,3,5,,,,,,,,REVIEW,insufficient competition metadata to determine official club competition
4428866,2023,2024-08-13,CGB,350,1112,4,2,,,,,,,,REVIEW,insufficient competition metadata to determine official club competition
4428870,2023,2024-08-13,CGB,1150,3716,4,1,,,,,,,,REVIEW,insufficient competition metadata to determine official club competition
4428871,2023,2024-08-13,CGB,698,990,0,1,,,,,,,,REVIEW,insufficient competition metadata to determine official club competition
4428872,2023,2024-08-13,CGB,8981,3884,1,2,,,,,,,,REVIEW,insufficient competition metadata to determine official club competition
4428873,2023,2024-08-13,CGB,986,1039,1,2,,,,,,,,REVIEW,insufficient competition metadata to determine official club competition
4428874,2023,2024-08-13,CGB,603,2455,2,0,,,,,,,,REVIEW,insufficient competition metadata to determine official club competition
4428875,2023,2024-08-13,CGB,358,337,0,1,,,,,,,,REVIEW,insufficient competition metadata to determine official club competition
4428876,2023,2024-08-13,CGB,1060,1032,6,5,,,,,,,,REVIEW,insufficient competition metadata to determine official club competition
4428877,2023,2024-08-13,CGB,3537,352,4,2,,,,,,,,REVIEW,insufficient competition metadata to determine official club competition
4428878,2023,2024-08-13,CGB,1302,2805,0,2,,,,,,,,REVIEW,insufficient competition metadata to determine official club competition
4428879,2023,2024-08-13,CGB,1123,3684,4,3,,,,,,,,REVIEW,insufficient competition metadata to determine official club competition
4428880,2023,2024-08-13,CGB,988,1072,2,0,,,,,,,,REVIEW,insufficient competition metadata to determine official club competition
4428881,2023,2024-08-13,CGB,1020,1028,0,1,,,,,,,,REVIEW,insufficient competition metadata to determine official club competition
4428882,2023,2024-08-13,CGB,2288,2814,3,1,,,,,,,,REVIEW,insufficient competition metadata to determine official club competition
4428883,2023,2024-08-13,CGB,899,6699,5,4,,,,,,,,REVIEW,insufficient competition metadata to determine official club competition
4428884,2023,2024-08-13,CGB,1010,991,5,0,,,,,,,,REVIEW,insufficient competition metadata to determine official club competition
4428867,2023,2024-08-14,CGB,3008,1035,1,2,,,,,,,,REVIEW,insufficient competition metadata to determine official club competition
4428868,2023,2024-08-14,CGB,399,641,0,3,,,,,,,,REVIEW,insufficient competition metadata to determine official club competition
4428885,2023,2024-08-14,CGB,2262,3371,3,0,,,,,,,,REVIEW,insufficient competition metadata to determine official club competition
4436222,2023,2024-08-27,CGB,349,350,1,0,,,,,,,,REVIEW,insufficient competition metadata to determine official club competition
4436223,2023,2024-08-27,CGB,6168,22,3,2,,,,,,,,REVIEW,insufficient competition metadata to determine official club competition
4436224,2023,2024-08-27,CGB,990,988,1,0,,,,,,,,REVIEW,insufficient competition metadata to determine official club competition
4436227,2023,2024-08-27,CGB,337,931,0,2,,,,,,,,REVIEW,insufficient competition metadata to determine official club competition
4436228,2023,2024-08-27,CGB,1010,2262,2,0,,,,,,,,REVIEW,insufficient competition metadata to determine official club competition
4436230,2023,2024-08-27,CGB,1039,1031,5,2,,,,,,,,REVIEW,insufficient competition metadata to determine official club competition
4436231,2023,2024-08-27,CGB,1237,3537,4,0,,,,,,,,REVIEW,insufficient competition metadata to determine official club competition
4436232,2023,2024-08-27,CGB,873,1123,4,0,,,,,,,,REVIEW,insufficient competition metadata to determine official club competition
4436234,2023,2024-08-27,CGB,1028,1150,0,1,,,,,,,,REVIEW,insufficient competition metadata to determine official club competition
4436236,2023,2024-08-27,CGB,1034,1035,1,5,,,,,,,,REVIEW,insufficient competition metadata to determine official club competition
4436237,2023,2024-08-27,CGB,29,2454,3,0,,,,,,,,REVIEW,insufficient competition metadata to determine official club competition
4436238,2023,2024-08-27,CGB,11177,1194,2,1,,,,,,,,REVIEW,insufficient competition metadata to determine official club competition
4436239,2023,2024-08-27,CGB,3054,355,0,2,,,,,,,,REVIEW,insufficient competition metadata to determine official club competition
4436241,2023,2024-08-27,CGB,1003,1074,4,0,,,,,,,,REVIEW,insufficient competition metadata to determine official club competition
4436242,2023,2024-08-27,CGB,641,512,0,5,,,,,,,,REVIEW,insufficient competition metadata to determine official club competition
4436243,2023,2024-08-27,CGB,12020,466,0,5,,,,,,,,REVIEW,insufficient competition metadata to determine official club competition
4436244,2023,2024-08-27,CGB,899,1110,3,2,,,,,,,,REVIEW,insufficient competition metadata to determine official club competition
4436246,2023,2024-08-27,CGB,164,1181,1,2,,,,,,,,REVIEW,insufficient competition metadata to determine official club competition
4436225,2023,2024-08-28,CGB,2288,2805,0,1,,,,,,,,REVIEW,insufficient competition metadata to determine official club competition
4436226,2023,2024-08-28,CGB,3884,677,6,4,,,,,,,,REVIEW,insufficient competition metadata to determine official club competition
4436229,2023,2024-08-28,CGB,379,989,1,0,,,,,,,,REVIEW,insufficient competition metadata to determine official club competition
4436233,2023,2024-08-28,CGB,603,180,3,5,,,,,,,,REVIEW,insufficient competition metadata to determine official club competition
4436235,2023,2024-08-28,CGB,1060,1148,0,1,,,,,,,,REVIEW,insufficient competition metadata to determine official club competition
4436240,2023,2024-08-28,CGB,703,762,4,5,,,,,,,,REVIEW,insufficient competition metadata to determine official club competition
4436245,2023,2024-08-28,CGB,543,1132,2,0,,,,,,,,REVIEW,insufficient competition metadata to determine official club competition
4397825,2024,2024-10-29,POCP,336,982,3,1,,,,,,,,REVIEW,insufficient competition metadata to determine official club competition
4397425,2024,2024-10-30,POCP,294,2423,3,0,,,,,,,,REVIEW,insufficient competition metadata to determine official club competition
4397426,2024,2024-10-31,POCP,1075,2420,2,1,,,,,,,,REVIEW,insufficient competition metadata to determine official club competition
4397824,2024,2024-10-31,POCP,720,979,2,0,,,,,,,,REVIEW,insufficient competition metadata to determine official club competition
4484498,2024,2025-01-07,POCP,336,720,1,0,,,,,,,,REVIEW,insufficient competition metadata to determine official club competition
4484497,2024,2025-01-08,POCP,294,1075,3,0,,,,,,,,REVIEW,insufficient competition metadata to determine official club competition
4528105,2024,2025-01-11,POCP,336,294,7,8,,,,,,,,REVIEW,insufficient competition metadata to determine official club competition
3606208,2025,2021-09-22,UKRS,660,338,3,0,,,,,,,,REVIEW,insufficient competition metadata to determine official club competition
4504578,2025,2025-06-15,KLUB,1023,720,0,0,,,,,,,,REVIEW,insufficient competition metadata to determine official club competition
4504579,2025,2025-06-15,KLUB,7,69261,0,0,,,,,,,,REVIEW,insufficient competition metadata to determine official club competition
4504580,2025,2025-06-15,KLUB,583,13,4,0,,,,,,,,REVIEW,insufficient competition metadata to determine official club competition
4504582,2025,2025-06-15,KLUB,27,11391,10,0,,,,,,,,REVIEW,insufficient competition metadata to determine official club competition
4504581,2025,2025-06-16,KLUB,537,9636,2,1,,,,,,,,REVIEW,insufficient competition metadata to determine official club competition
4504583,2025,2025-06-16,KLUB,189,294,2,2,,,,,,,,REVIEW,insufficient competition metadata to determine official club competition
4504585,2025,2025-06-16,KLUB,631,51828,2,0,,,,,,,,REVIEW,insufficient competition metadata to determine official club competition
4504584,2025,2025-06-17,KLUB,614,3342,2,0,,,,,,,,REVIEW,insufficient competition metadata to determine official club competition
4504586,2025,2025-06-17,KLUB,209,828,3,1,,,,,,,,REVIEW,insufficient competition metadata to determine official club competition
4504588,2025,2025-06-17,KLUB,2462,16,0,0,,,,,,,,REVIEW,insufficient competition metadata to determine official club competition
4504589,2025,2025-06-17,KLUB,3535,6356,0,1,,,,,,,,REVIEW,insufficient competition metadata to determine official club competition
4504587,2025,2025-06-18,KLUB,2407,46,1,1,,,,,,,,REVIEW,insufficient competition metadata to determine official club competition
4504590,2025,2025-06-18,KLUB,281,6603,2,0,,,,,,,,REVIEW,insufficient competition metadata to determine official club competition
4504592,2025,2025-06-18,KLUB,418,1114,1,1,,,,,,,,REVIEW,insufficient competition metadata to determine official club competition
4504593,2025,2025-06-18,KLUB,4035,409,1,2,,,,,,,,REVIEW,insufficient competition metadata to determine official club competition
4504591,2025,2025-06-19,KLUB,2150,506,0,5,,,,,,,,REVIEW,insufficient competition metadata to determine official club competition
4506832,2025,2025-06-19,KLUB,1023,7,2,0,,,,,,,,REVIEW,insufficient competition metadata to determine official club competition
4506833,2025,2025-06-19,KLUB,69261,720,2,1,,,,,,,,REVIEW,insufficient competition metadata to determine official club competition
4506834,2025,2025-06-19,KLUB,9636,13,1,3,,,,,,,,REVIEW,insufficient competition metadata to determine official club competition
4506835,2025,2025-06-20,KLUB,583,537,0,1,,,,,,,,REVIEW,insufficient competition metadata to determine official club competition
4506836,2025,2025-06-20,KLUB,294,11391,6,0,,,,,,,,REVIEW,insufficient competition metadata to determine official club competition
4506837,2025,2025-06-20,KLUB,614,631,3,1,,,,,,,,REVIEW,insufficient competition metadata to determine official club competition
4506838,2025,2025-06-20,KLUB,51828,3342,0,1,,,,,,,,REVIEW,insufficient competition metadata to determine official club competition
4506539,2025,2025-06-21,KLUB,27,189,2,1,,,,,,,,REVIEW,insufficient competition metadata to determine official club competition
4506839,2025,2025-06-21,KLUB,46,828,2,1,,,,,,,,REVIEW,insufficient competition metadata to determine official club competition
4506840,2025,2025-06-21,KLUB,6356,16,3,4,,,,,,,,REVIEW,insufficient competition metadata to determine official club competition
4506841,2025,2025-06-21,KLUB,2462,3535,4,2,,,,,,,,REVIEW,insufficient competition metadata to determine official club competition
4506537,2025,2025-06-22,KLUB,209,2407,0,0,,,,,,,,REVIEW,insufficient competition metadata to determine official club competition
4506842,2025,2025-06-22,KLUB,506,6603,4,1,,,,,,,,REVIEW,insufficient competition metadata to determine official club competition
4506844,2025,2025-06-22,KLUB,418,4035,3,1,,,,,,,,REVIEW,insufficient competition metadata to determine official club competition
4506845,2025,2025-06-22,KLUB,409,1114,0,0,,,,,,,,REVIEW,insufficient competition metadata to determine official club competition
4506843,2025,2025-06-23,KLUB,281,2150,6,0,,,,,,,,REVIEW,insufficient competition metadata to determine official club competition
4506848,2025,2025-06-23,KLUB,9636,583,0,2,,,,,,,,REVIEW,insufficient competition metadata to determine official club competition
4506849,2025,2025-06-23,KLUB,13,537,1,0,,,,,,,,REVIEW,insufficient competition metadata to determine official club competition
4506540,2025,2025-06-24,KLUB,11391,189,1,1,,,,,,,,REVIEW,insufficient competition metadata to determine official club competition
4506846,2025,2025-06-24,KLUB,69261,1023,2,2,,,,,,,,REVIEW,insufficient competition metadata to determine official club competition
4506847,2025,2025-06-24,KLUB,720,7,4,4,,,,,,,,REVIEW,insufficient competition metadata to determine official club competition
4506850,2025,2025-06-24,KLUB,294,27,1,0,,,,,,,,REVIEW,insufficient competition metadata to determine official club competition
4506851,2025,2025-06-25,KLUB,51828,614,1,1,,,,,,,,REVIEW,insufficient competition metadata to determine official club competition
4506852,2025,2025-06-25,KLUB,3342,631,0,3,,,,,,,,REVIEW,insufficient competition metadata to determine official club competition
4506854,2025,2025-06-25,KLUB,16,3535,1,0,,,,,,,,REVIEW,insufficient competition metadata to determine official club competition
4506855,2025,2025-06-25,KLUB,6356,2462,0,0,,,,,,,,REVIEW,insufficient competition metadata to determine official club competition
4506538,2025,2025-06-26,KLUB,46,209,2,0,,,,,,,,REVIEW,insufficient competition metadata to determine official club competition
4506853,2025,2025-06-26,KLUB,828,2407,0,4,,,,,,,,REVIEW,insufficient competition metadata to determine official club competition
4506856,2025,2025-06-26,KLUB,506,281,2,5,,,,,,,,REVIEW,insufficient competition metadata to determine official club competition
4506857,2025,2025-06-26,KLUB,6603,2150,1,2,,,,,,,,REVIEW,insufficient competition metadata to determine official club competition
4506858,2025,2025-06-27,KLUB,1114,4035,2,0,,,,,,,,REVIEW,insufficient competition metadata to determine official club competition
4506859,2025,2025-06-27,KLUB,409,418,0,3,,,,,,,,REVIEW,insufficient competition metadata to determine official club competition
4506860,2025,2025-06-28,KLUB,1023,537,1,0,,,,,,,,REVIEW,insufficient competition metadata to determine official club competition
4506861,2025,2025-06-28,KLUB,294,631,1,4,,,,,,,,REVIEW,insufficient competition metadata to determine official club competition
4506862,2025,2025-06-29,KLUB,583,69261,4,0,,,,,,,,REVIEW,insufficient competition metadata to determine official club competition
4506863,2025,2025-06-29,KLUB,614,27,2,4,,,,,,,,REVIEW,insufficient competition metadata to determine official club competition
4506864,2025,2025-06-30,KLUB,46,2462,0,2,,,,,,,,REVIEW,insufficient competition metadata to determine official club competition
4506865,2025,2025-07-01,KLUB,281,1114,3,4,,,,,,,,REVIEW,insufficient competition metadata to determine official club competition
4506866,2025,2025-07-01,KLUB,418,506,1,0,,,,,,,,REVIEW,insufficient competition metadata to determine official club competition
4506867,2025,2025-07-02,KLUB,16,2407,2,1,,,,,,,,REVIEW,insufficient competition metadata to determine official club competition
4506868,2025,2025-07-04,KLUB,2462,1114,2,1,,,,,,,,REVIEW,insufficient competition metadata to determine official club competition
4506869,2025,2025-07-05,KLUB,1023,631,1,2,,,,,,,,REVIEW,insufficient competition metadata to determine official club competition
4506870,2025,2025-07-05,KLUB,583,27,2,0,,,,,,,,REVIEW,insufficient competition metadata to determine official club competition
4506871,2025,2025-07-05,KLUB,418,16,3,2,,,,,,,,REVIEW,insufficient competition metadata to determine official club competition
4506872,2025,2025-07-08,KLUB,2462,631,0,2,,,,,,,,REVIEW,insufficient competition metadata to determine official club competition
4506873,2025,2025-07-09,KLUB,583,418,4,0,,,,,,,,REVIEW,insufficient competition metadata to determine official club competition
4654967,2025,2025-07-12,COL1,38628,2352,0,0,,,,,,,,REVIEW,insufficient competition metadata to determine official club competition
4654968,2025,2025-07-12,COL1,6984,8172,1,3,,,,,,,,REVIEW,insufficient competition metadata to determine official club competition
4654969,2025,2025-07-12,COL1,10090,10503,3,2,,,,,,,,REVIEW,insufficient competition metadata to determine official club competition
4654970,2025,2025-07-12,COL1,7136,32041,0,1,,,,,,,,REVIEW,insufficient competition metadata to determine official club competition
4506874,2025,2025-07-13,KLUB,631,583,3,0,,,,,,,,REVIEW,insufficient competition metadata to determine official club competition
4654971,2025,2025-07-13,COL1,6495,14649,1,1,,,,,,,,REVIEW,insufficient competition metadata to determine official club competition
4654972,2025,2025-07-13,COL1,9961,11854,0,2,,,,,,,,REVIEW,insufficient competition metadata to determine official club competition
4654973,2025,2025-07-13,COL1,10093,22902,1,1,,,,,,,,REVIEW,insufficient competition metadata to determine official club competition
4654974,2025,2025-07-13,COL1,9811,11648,2,2,,,,,,,,REVIEW,insufficient competition metadata to determine official club competition
4654975,2025,2025-07-14,COL1,17425,20590,0,0,,,,,,,,REVIEW,insufficient competition metadata to determine official club competition
4654977,2025,2025-07-19,COL1,14680,38628,0,0,,,,,,,,REVIEW,insufficient competition metadata to determine official club competition
4654978,2025,2025-07-19,COL1,10503,11648,0,1,,,,,,,,REVIEW,insufficient competition metadata to determine official club competition
4654979,2025,2025-07-19,COL1,20590,11854,2,3,,,,,,,,REVIEW,insufficient competition metadata to determine official club competition
4654980,2025,2025-07-19,COL1,22902,9811,1,0,,,,,,,,REVIEW,insufficient competition metadata to determine official club competition
4654981,2025,2025-07-20,COL1,8172,17425,3,1,,,,,,,,REVIEW,insufficient competition metadata to determine official club competition
4654982,2025,2025-07-20,COL1,14649,10093,2,0,,,,,,,,REVIEW,insufficient competition metadata to determine official club competition
4654983,2025,2025-07-20,COL1,7136,9961,0,0,,,,,,,,REVIEW,insufficient competition metadata to determine official club competition
4654984,2025,2025-07-20,COL1,32041,6984,2,1,,,,,,,,REVIEW,insufficient competition metadata to determine official club competition
4656641,2025,2025-07-22,COL1,22902,10503,0,1,,,,,,,,REVIEW,insufficient competition metadata to determine official club competition
4656642,2025,2025-07-23,COL1,11648,20590,0,0,,,,,,,,REVIEW,insufficient competition metadata to determine official club competition
4656643,2025,2025-07-23,COL1,9811,8172,2,1,,,,,,,,REVIEW,insufficient competition metadata to determine official club competition
4656644,2025,2025-07-23,COL1,38628,14649,2,1,,,,,,,,REVIEW,insufficient competition metadata to determine official club competition
4656645,2025,2025-07-24,COL1,11854,14680,4,1,,,,,,,,REVIEW,insufficient competition metadata to determine official club competition
4656646,2025,2025-07-24,COL1,17425,2350,1,0,,,,,,,,REVIEW,insufficient competition metadata to determine official club competition
4656647,2025,2025-07-25,COL1,10093,7136,3,4,,,,,,,,REVIEW,insufficient competition metadata to determine official club competition
4656648,2025,2025-07-25,COL1,9961,32041,1,1,,,,,,,,REVIEW,insufficient competition metadata to determine official club competition
4684693,2025,2025-07-26,COL1,10503,9811,1,0,,,,,,,,REVIEW,insufficient competition metadata to determine official club competition
4684694,2025,2025-07-26,COL1,8172,11648,1,1,,,,,,,,REVIEW,insufficient competition metadata to determine official club competition
4684695,2025,2025-07-26,COL1,14649,10090,2,2,,,,,,,,REVIEW,insufficient competition metadata to determine official club competition
4684696,2025,2025-07-27,COL1,6984,11854,2,2,,,,,,,,REVIEW,insufficient competition metadata to determine official club competition
4684697,2025,2025-07-27,COL1,2352,20590,2,1,,,,,,,,REVIEW,insufficient competition metadata to determine official club competition
4684698,2025,2025-07-27,COL1,7136,17425,1,1,,,,,,,,REVIEW,insufficient competition metadata to determine official club competition
4684699,2025,2025-07-28,COL1,14680,10093,0,2,,,,,,,,REVIEW,insufficient competition metadata to determine official club competition
4684700,2025,2025-07-28,COL1,32041,22902,2,2,,,,,,,,REVIEW,insufficient competition metadata to determine official club competition
4634016,2025,2025-07-29,CGB,2804,3716,4,6,,,,,,,,REVIEW,insufficient competition metadata to determine official club competition
4684701,2025,2025-07-29,COL1,6495,9961,2,3,,,,,,,,REVIEW,insufficient competition metadata to determine official club competition
4684702,2025,2025-07-29,COL1,2350,38628,0,1,,,,,,,,REVIEW,insufficient competition metadata to determine official club competition
4692726,2025,2025-08-02,COL1,17425,14680,0,1,,,,,,,,REVIEW,insufficient competition metadata to determine official club competition
4692728,2025,2025-08-02,COL1,9961,38628,0,3,,,,,,,,REVIEW,insufficient competition metadata to determine official club competition
4692729,2025,2025-08-02,COL1,11854,14649,2,0,,,,,,,,REVIEW,insufficient competition metadata to determine official club competition
4692730,2025,2025-08-03,COL1,10503,8172,0,0,,,,,,,,REVIEW,insufficient competition metadata to determine official club competition
4692731,2025,2025-08-03,COL1,11648,2352,2,1,,,,,,,,REVIEW,insufficient competition metadata to determine official club competition
4692732,2025,2025-08-03,COL1,9811,6984,2,1,,,,,,,,REVIEW,insufficient competition metadata to determine official club competition
4692733,2025,2025-08-03,COL1,22902,6495,1,3,,,,,,,,REVIEW,insufficient competition metadata to determine official club competition
4692734,2025,2025-08-04,COL1,10093,2350,1,0,,,,,,,,REVIEW,insufficient competition metadata to determine official club competition
4692735,2025,2025-08-04,COL1,20590,32041,2,2,,,,,,,,REVIEW,insufficient competition metadata to determine official club competition
4634015,2025,2025-08-05,CGB,3688,1078,3,1,,,,,,,,REVIEW,insufficient competition metadata to determine official club competition
4693216,2025,2025-08-08,COL1,14680,10090,1,1,,,,,,,,REVIEW,insufficient competition metadata to determine official club competition
4693218,2025,2025-08-08,COL1,8172,22902,3,0,,,,,,,,REVIEW,insufficient competition metadata to determine official club competition
4693219,2025,2025-08-09,COL1,2350,9961,3,3,,,,,,,,REVIEW,insufficient competition metadata to determine official club competition
4693220,2025,2025-08-09,COL1,6984,20590,1,1,,,,,,,,REVIEW,insufficient competition metadata to determine official club competition
4693221,2025,2025-08-09,COL1,2352,10503,0,1,,,,,,,,REVIEW,insufficient competition metadata to determine official club competition
4693222,2025,2025-08-10,COL1,6495,11648,2,1,,,,,,,,REVIEW,insufficient competition metadata to determine official club competition
4693223,2025,2025-08-10,COL1,7136,11854,1,1,,,,,,,,REVIEW,insufficient competition metadata to determine official club competition
4693224,2025,2025-08-10,COL1,32041,9811,0,0,,,,,,,,REVIEW,insufficient competition metadata to determine official club competition
4693225,2025,2025-08-11,COL1,38628,10093,0,1,,,,,,,,REVIEW,insufficient competition metadata to determine official club competition
4634017,2025,2025-08-12,CGB,6168,466,0,1,,,,,,,,REVIEW,insufficient competition metadata to determine official club competition
4634018,2025,2025-08-12,CGB,1034,3054,3,1,,,,,,,,REVIEW,insufficient competition metadata to determine official club competition
4634019,2025,2025-08-12,CGB,1181,1211,0,1,,,,,,,,REVIEW,insufficient competition metadata to determine official club competition
4634020,2025,2025-08-12,CGB,34888,1194,2,3,,,,,,,,REVIEW,insufficient competition metadata to determine official club competition
4634021,2025,2025-08-12,CGB,12020,1198,1,3,,,,,,,,REVIEW,insufficient competition metadata to determine official club competition
4634022,2025,2025-08-12,CGB,1074,2963,5,6,,,,,,,,REVIEW,insufficient competition metadata to determine official club competition
4634023,2025,2025-08-12,CGB,1098,1042,3,1,,,,,,,,REVIEW,insufficient competition metadata to determine official club competition
4634025,2025,2025-08-12,CGB,1112,3008,8,6,,,,,,,,REVIEW,insufficient competition metadata to determine official club competition
4634027,2025,2025-08-12,CGB,512,899,4,3,,,,,,,,REVIEW,insufficient competition metadata to determine official club competition
4634029,2025,2025-08-12,CGB,164,1027,1,2,,,,,,,,REVIEW,insufficient competition metadata to determine official club competition
4634030,2025,2025-08-12,CGB,641,2454,0,4,,,,,,,,REVIEW,insufficient competition metadata to determine official club competition
4634031,2025,2025-08-12,CGB,984,22,3,4,,,,,,,,REVIEW,insufficient competition metadata to determine official club competition
4634033,2025,2025-08-12,CGB,1219,3820,0,2,,,,,,,,REVIEW,insufficient competition metadata to determine official club competition
4634035,2025,2025-08-12,CGB,1071,1045,1,0,,,,,,,,REVIEW,insufficient competition metadata to determine official club competition
4634036,2025,2025-08-12,CGB,990,1031,1,0,,,,,,,,REVIEW,insufficient competition metadata to determine official club competition
4634037,2025,2025-08-12,CGB,698,991,2,0,,,,,,,,REVIEW,insufficient competition metadata to determine official club competition
4634038,2025,2025-08-12,CGB,8981,677,6,5,,,,,,,,REVIEW,insufficient competition metadata to determine official club competition
4634039,2025,2025-08-12,CGB,2455,986,0,2,,,,,,,,REVIEW,insufficient competition metadata to determine official club competition
4634040,2025,2025-08-12,CGB,1150,2805,0,1,,,,,,,,REVIEW,insufficient competition metadata to determine official club competition
4634041,2025,2025-08-12,CGB,1010,1123,1,2,,,,,,,,REVIEW,insufficient competition metadata to determine official club competition
4634042,2025,2025-08-12,CGB,358,3684,3,1,,,,,,,,REVIEW,insufficient competition metadata to determine official club competition
4634043,2025,2025-08-12,CGB,988,1060,1,0,,,,,,,,REVIEW,insufficient competition metadata to determine official club competition
4634045,2025,2025-08-12,CGB,603,352,2,1,,,,,,,,REVIEW,insufficient competition metadata to determine official club competition
4634046,2025,2025-08-12,CGB,2814,3884,3,5,,,,,,,,REVIEW,insufficient competition metadata to determine official club competition
4634047,2025,2025-08-12,CGB,1302,180,0,1,,,,,,,,REVIEW,insufficient competition metadata to determine official club competition
4634049,2025,2025-08-12,CGB,2262,1039,3,2,,,,,,,,REVIEW,insufficient competition metadata to determine official club competition
4634050,2025,2025-08-12,CGB,2288,3537,3,1,,,,,,,,REVIEW,insufficient competition metadata to determine official club competition
4634051,2025,2025-08-12,CGB,1020,1032,1,2,,,,,,,,REVIEW,insufficient competition metadata to determine official club competition
4693217,2025,2025-08-12,COL1,14649,17425,0,0,,,,,,,,REVIEW,insufficient competition metadata to determine official club competition
4699496,2025,2025-08-12,CGB,3716,1028,0,1,,,,,,,,REVIEW,insufficient competition metadata to determine official club competition
4699497,2025,2025-08-12,CGB,3688,1072,2,1,,,,,,,,REVIEW,insufficient competition metadata to determine official club competition
4634024,2025,2025-08-13,CGB,1110,1003,5,4,,,,,,,,REVIEW,insufficient competition metadata to determine official club competition
4634026,2025,2025-08-13,CGB,337,350,2,1,,,,,,,,REVIEW,insufficient competition metadata to determine official club competition
4634032,2025,2025-08-13,CGB,355,1035,5,7,,,,,,,,REVIEW,insufficient competition metadata to determine official club competition
4634034,2025,2025-08-13,CGB,349,11177,7,6,,,,,,,,REVIEW,insufficient competition metadata to determine official club competition
4634048,2025,2025-08-13,CGB,3371,6699,2,0,,,,,,,,REVIEW,insufficient competition metadata to determine official club competition
4693226,2025,2025-08-14,COL1,9961,14680,3,1,,,,,,,,REVIEW,insufficient competition metadata to determine official club competition
4692727,2025,2025-08-15,COL1,10090,7136,0,1,,,,,,,,REVIEW,insufficient competition metadata to determine official club competition
4693230,2025,2025-08-15,COL1,22902,6984,0,0,,,,,,,,REVIEW,insufficient competition metadata to determine official club competition
4693232,2025,2025-08-15,COL1,9811,2352,2,1,,,,,,,,REVIEW,insufficient competition metadata to determine official club competition
4693227,2025,2025-08-16,COL1,17425,38628,2,1,,,,,,,,REVIEW,insufficient competition metadata to determine official club competition
4693228,2025,2025-08-16,COL1,20590,14649,2,0,,,,,,,,REVIEW,insufficient competition metadata to determine official club competition
4693229,2025,2025-08-17,COL1,8172,32041,2,2,,,,,,,,REVIEW,insufficient competition metadata to determine official club competition
4693231,2025,2025-08-18,COL1,10503,2350,3,1,,,,,,,,REVIEW,insufficient competition metadata to determine official club competition
4693233,2025,2025-08-18,COL1,11854,6495,2,1,,,,,,,,REVIEW,insufficient competition metadata to determine official club competition
4693234,2025,2025-08-19,COL1,10090,10093,1,2,,,,,,,,REVIEW,insufficient competition metadata to determine official club competition
4693235,2025,2025-08-20,COL1,11648,7136,1,0,,,,,,,,REVIEW,insufficient competition metadata to determine official club competition
4654976,2025,2025-08-21,COL1,2350,14680,1,2,,,,,,,,REVIEW,insufficient competition metadata to determine official club competition
4693237,2025,2025-08-23,COL1,38628,10090,2,1,,,,,,,,REVIEW,insufficient competition metadata to determine official club competition
4693238,2025,2025-08-23,COL1,10093,17425,3,1,,,,,,,,REVIEW,insufficient competition metadata to determine official club competition
4693239,2025,2025-08-23,COL1,7136,9811,1,1,,,,,,,,REVIEW,insufficient competition metadata to determine official club competition
4693240,2025,2025-08-24,COL1,32041,11648,2,0,,,,,,,,REVIEW,insufficient competition metadata to determine official club competition
4693241,2025,2025-08-24,COL1,2350,11854,3,0,,,,,,,,REVIEW,insufficient competition metadata to determine official club competition
4693242,2025,2025-08-24,COL1,6984,10503,0,1,,,,,,,,REVIEW,insufficient competition metadata to determine official club competition
4693243,2025,2025-08-24,COL1,14680,22902,2,3,,,,,,,,REVIEW,insufficient competition metadata to determine official club competition
4693244,2025,2025-08-25,COL1,2352,8172,1,1,,,,,,,,REVIEW,insufficient competition metadata to determine official club competition
4693245,2025,2025-08-25,COL1,6495,20590,4,0,,,,,,,,REVIEW,insufficient competition metadata to determine official club competition
4693236,2025,2025-08-26,COL1,14649,9961,0,0,,,,,,,,REVIEW,insufficient competition metadata to determine official club competition
4709783,2025,2025-08-26,CGB,3688,2454,0,2,,,,,,,,REVIEW,insufficient competition metadata to determine official club competition
4709784,2025,2025-08-26,CGB,1071,1098,1,0,,,,,,,,REVIEW,insufficient competition metadata to determine official club competition
4709785,2025,2025-08-26,CGB,512,1027,0,3,,,,,,,,REVIEW,insufficient competition metadata to determine official club competition
4709786,2025,2025-08-26,CGB,1132,22,2,1,,,,,,,,REVIEW,insufficient competition metadata to determine official club competition
4709787,2025,2025-08-26,CGB,1032,3884,2,1,,,,,,,,REVIEW,insufficient competition metadata to determine official club competition
4709788,2025,2025-08-26,CGB,543,379,3,2,,,,,,,,REVIEW,insufficient competition metadata to determine official club competition
4709789,2025,2025-08-26,CGB,986,358,3,1,,,,,,,,REVIEW,insufficient competition metadata to determine official club competition
4709790,2025,2025-08-26,CGB,289,1110,6,7,,,,,,,,REVIEW,insufficient competition metadata to determine official club competition
4709791,2025,2025-08-26,CGB,466,1112,2,3,,,,,,,,REVIEW,insufficient competition metadata to determine official club competition
4709792,2025,2025-08-26,CGB,349,1194,2,1,,,,,,,,REVIEW,insufficient competition metadata to determine official club competition
4709793,2025,2025-08-26,CGB,1123,180,0,3,,,,,,,,REVIEW,insufficient competition metadata to determine official club competition
4709794,2025,2025-08-26,CGB,989,1148,0,2,,,,,,,,REVIEW,insufficient competition metadata to determine official club competition
4709795,2025,2025-08-26,CGB,1028,990,2,1,,,,,,,,REVIEW,insufficient competition metadata to determine official club competition
4709796,2025,2025-08-26,CGB,2288,2262,6,4,,,,,,,,REVIEW,insufficient competition metadata to determine official club competition
4709797,2025,2025-08-26,CGB,8981,2805,5,6,,,,,,,,REVIEW,insufficient competition metadata to determine official club competition
4709798,2025,2025-08-26,CGB,603,3371,3,0,,,,,,,,REVIEW,insufficient competition metadata to determine official club competition
4709803,2025,2025-08-26,CGB,1035,399,4,1,,,,,,,,REVIEW,insufficient competition metadata to determine official club competition
4715177,2025,2025-08-26,CGB,2963,1198,0,1,,,,,,,,REVIEW,insufficient competition metadata to determine official club competition
4715178,2025,2025-08-26,CGB,337,1211,0,1,,,,,,,,REVIEW,insufficient competition metadata to determine official club competition
4709799,2025,2025-08-27,CGB,29,3820,2,0,,,,,,,,REVIEW,insufficient competition metadata to determine official club competition
4709800,2025,2025-08-27,CGB,931,698,2,0,,,,,,,,REVIEW,insufficient competition metadata to determine official club competition
4709801,2025,2025-08-27,CGB,988,1237,0,6,,,,,,,,REVIEW,insufficient competition metadata to determine official club competition
4709802,2025,2025-08-27,CGB,1034,985,14,13,,,,,,,,REVIEW,insufficient competition metadata to determine official club competition
4693251,2025,2025-08-30,COL1,11854,38628,4,0,,,,,,,,REVIEW,insufficient competition metadata to determine official club competition
4693252,2025,2025-08-30,COL1,20590,2350,1,2,,,,,,,,REVIEW,insufficient competition metadata to determine official club competition
4693253,2025,2025-08-30,COL1,14649,14680,1,0,,,,,,,,REVIEW,insufficient competition metadata to determine official club competition
4693246,2025,2025-08-31,COL1,9961,10093,1,3,,,,,,,,REVIEW,insufficient competition metadata to determine official club competition
4693247,2025,2025-08-31,COL1,8172,7136,1,0,,,,,,,,REVIEW,insufficient competition metadata to determine official club competition
4693248,2025,2025-08-31,COL1,22902,2352,1,0,,,,,,,,REVIEW,insufficient competition metadata to determine official club competition
4693255,2025,2025-08-31,COL1,9811,6495,0,1,,,,,,,,REVIEW,insufficient competition metadata to determine official club competition
4693249,2025,2025-09-01,COL1,10503,32041,1,1,,,,,,,,REVIEW,insufficient competition metadata to determine official club competition
4693254,2025,2025-09-01,COL1,17425,10090,0,0,,,,,,,,REVIEW,insufficient competition metadata to determine official club competition
4693250,2025,2025-09-02,COL1,11648,6984,1,2,,,,,,,,REVIEW,insufficient competition metadata to determine official club competition
4693256,2025,2025-09-06,COL1,10090,14649,2,0,,,,,,,,REVIEW,insufficient competition metadata to determine official club competition
4693257,2025,2025-09-06,COL1,6984,9811,1,0,,,,,,,,REVIEW,insufficient competition metadata to determine official club competition
4693258,2025,2025-09-06,COL1,6495,22902,3,1,,,,,,,,REVIEW,insufficient competition metadata to determine official club competition
4693259,2025,2025-09-06,COL1,38628,10503,1,0,,,,,,,,REVIEW,insufficient competition metadata to determine official club competition
4693260,2025,2025-09-07,COL1,14680,11854,3,1,,,,,,,,REVIEW,insufficient competition metadata to determine official club competition
4693261,2025,2025-09-07,COL1,2350,11648,0,0,,,,,,,,REVIEW,insufficient competition metadata to determine official club competition
4693262,2025,2025-09-07,COL1,7136,20590,1,1,,,,,,,,REVIEW,insufficient competition metadata to determine official club competition
4693263,2025,2025-09-07,COL1,2352,9961,0,0,,,,,,,,REVIEW,insufficient competition metadata to determine official club competition
4693264,2025,2025-09-08,COL1,10093,8172,3,3,,,,,,,,REVIEW,insufficient competition metadata to determine official club competition
4693265,2025,2025-09-08,COL1,32041,17425,1,0,,,,,,,,REVIEW,insufficient competition metadata to determine official club competition
4718616,2025,2025-09-10,COL1,6495,6984,0,0,,,,,,,,REVIEW,insufficient competition metadata to determine official club competition
4654985,2025,2025-09-11,COL1,2350,10090,1,0,,,,,,,,REVIEW,insufficient competition metadata to determine official club competition
4693267,2025,2025-09-13,COL1,11854,17425,1,1,,,,,,,,REVIEW,insufficient competition metadata to determine official club competition
4693268,2025,2025-09-13,COL1,32041,2352,1,0,,,,,,,,REVIEW,insufficient competition metadata to determine official club competition
4693269,2025,2025-09-13,COL1,22902,2350,3,0,,,,,,,,REVIEW,insufficient competition metadata to determine official club competition
4693270,2025,2025-09-14,COL1,6984,7136,1,0,,,,,,,,REVIEW,insufficient competition metadata to determine official club competition
4693271,2025,2025-09-14,COL1,8172,6495,0,3,,,,,,,,REVIEW,insufficient competition metadata to determine official club competition
4693272,2025,2025-09-14,COL1,11648,14680,2,0,,,,,,,,REVIEW,insufficient competition metadata to determine official club competition
4693273,2025,2025-09-14,COL1,9961,10090,2,1,,,,,,,,REVIEW,insufficient competition metadata to determine official club competition
4693274,2025,2025-09-15,COL1,9811,38628,0,0,,,,,,,,REVIEW,insufficient competition metadata to determine official club competition
4693275,2025,2025-09-15,COL1,10503,14649,4,0,,,,,,,,REVIEW,insufficient competition metadata to determine official club competition
4715840,2025,2025-09-16,CGB,873,1028,5,3,,,,,,,,REVIEW,insufficient competition metadata to determine official club competition
4715842,2025,2025-09-16,CGB,1148,405,5,3,,,,,,,,REVIEW,insufficient competition metadata to determine official club competition
4715850,2025,2025-09-16,CGB,1035,1034,0,1,,,,,,,,REVIEW,insufficient competition metadata to determine official club competition
4715851,2025,2025-09-17,CGB,2288,703,3,2,,,,,,,,REVIEW,insufficient competition metadata to determine official club competition
4718615,2025,2025-09-17,COL1,2352,6495,0,0,,,,,,,,REVIEW,insufficient competition metadata to determine official club competition
4693276,2025,2025-09-20,COL1,6495,10503,2,0,,,,,,,,REVIEW,insufficient competition metadata to determine official club competition
4693277,2025,2025-09-20,COL1,2352,6984,2,1,,,,,,,,REVIEW,insufficient competition metadata to determine official club competition
4693278,2025,2025-09-20,COL1,7136,22902,0,0,,,,,,,,REVIEW,insufficient competition metadata to determine official club competition
4693279,2025,2025-09-20,COL1,38628,20590,0,1,,,,,,,,REVIEW,insufficient competition metadata to determine official club competition
4693280,2025,2025-09-21,COL1,10090,11648,1,1,,,,,,,,REVIEW,insufficient competition metadata to determine official club competition
4693281,2025,2025-09-21,COL1,17425,9961,0,4,,,,,,,,REVIEW,insufficient competition metadata to determine official club competition
4693282,2025,2025-09-21,COL1,2350,32041,3,2,,,,,,,,REVIEW,insufficient competition metadata to determine official club competition
4693283,2025,2025-09-21,COL1,14680,8172,1,2,,,,,,,,REVIEW,insufficient competition metadata to determine official club competition
4693284,2025,2025-09-22,COL1,10093,11854,2,2,,,,,,,,REVIEW,insufficient competition metadata to determine official club competition
4693285,2025,2025-09-22,COL1,14649,9811,1,1,,,,,,,,REVIEW,insufficient competition metadata to determine official club competition
4715841,2025,2025-09-23,CGB,349,1237,0,6,,,,,,,,REVIEW,insufficient competition metadata to determine official club competition
4715843,2025,2025-09-23,CGB,1132,603,1,2,,,,,,,,REVIEW,insufficient competition metadata to determine official club competition
4715844,2025,2025-09-23,CGB,931,986,1,0,,,,,,,,REVIEW,insufficient competition metadata to determine official club competition
4715845,2025,2025-09-23,CGB,31,180,2,1,,,,,,,,REVIEW,insufficient competition metadata to determine official club competition
4715847,2025,2025-09-23,CGB,1198,631,1,2,,,,,,,,REVIEW,insufficient competition metadata to determine official club competition
4715853,2025,2025-09-23,CGB,1071,2805,0,2,,,,,,,,REVIEW,insufficient competition metadata to determine official club competition
4715854,2025,2025-09-23,CGB,543,29,2,0,,,,,,,,REVIEW,insufficient competition metadata to determine official club competition
4715855,2025,2025-09-23,CGB,1112,1032,2,0,,,,,,,,REVIEW,insufficient competition metadata to determine official club competition
4715846,2025,2025-09-24,CGB,1110,281,0,2,,,,,,,,REVIEW,insufficient competition metadata to determine official club competition
4715848,2025,2025-09-24,CGB,762,1027,4,1,,,,,,,,REVIEW,insufficient competition metadata to determine official club competition
4715849,2025,2025-09-24,CGB,1211,11,0,2,,,,,,,,REVIEW,insufficient competition metadata to determine official club competition
4715852,2025,2025-09-24,CGB,148,2454,3,0,,,,,,,,REVIEW,insufficient competition metadata to determine official club competition
4718617,2025,2025-09-25,COL1,10090,2352,0,2,,,,,,,,REVIEW,insufficient competition metadata to determine official club competition
4693286,2025,2025-09-27,COL1,6984,14649,5,2,,,,,,,,REVIEW,insufficient competition metadata to determine official club competition
4693287,2025,2025-09-27,COL1,32041,6495,2,1,,,,,,,,REVIEW,insufficient competition metadata to determine official club competition
4693288,2025,2025-09-27,COL1,9811,14680,2,2,,,,,,,,REVIEW,insufficient competition metadata to determine official club competition
4693289,2025,2025-09-27,COL1,22902,38628,3,1,,,,,,,,REVIEW,insufficient competition metadata to determine official club competition
4693290,2025,2025-09-28,COL1,10503,10093,2,3,,,,,,,,REVIEW,insufficient competition metadata to determine official club competition
4693291,2025,2025-09-28,COL1,8172,2350,2,0,,,,,,,,REVIEW,insufficient competition metadata to determine official club competition
4693292,2025,2025-09-28,COL1,2352,7136,1,1,,,,,,,,REVIEW,insufficient competition metadata to determine official club competition
4693293,2025,2025-09-28,COL1,20590,9961,3,1,,,,,,,,REVIEW,insufficient competition metadata to determine official club competition
4693294,2025,2025-09-29,COL1,11648,17425,3,0,,,,,,,,REVIEW,insufficient competition metadata to determine official club competition
4693295,2025,2025-09-29,COL1,11854,10090,2,0,,,,,,,,REVIEW,insufficient competition metadata to determine official club competition
4693296,2025,2025-10-04,COL1,9961,9811,1,0,,,,,,,,REVIEW,insufficient competition metadata to determine official club competition
4693297,2025,2025-10-04,COL1,7136,6495,1,2,,,,,,,,REVIEW,insufficient competition metadata to determine official club competition
4693298,2025,2025-10-04,COL1,14680,20590,3,2,,,,,,,,REVIEW,insufficient competition metadata to determine official club competition
4693299,2025,2025-10-05,COL1,38628,32041,0,0,,,,,,,,REVIEW,insufficient competition metadata to determine official club competition
4693301,2025,2025-10-05,COL1,10090,22902,3,3,,,,,,,,REVIEW,insufficient competition metadata to determine official club competition
4693302,2025,2025-10-05,COL1,11854,10503,0,1,,,,,,,,REVIEW,insufficient competition metadata to determine official club competition
4693303,2025,2025-10-06,COL1,14649,8172,1,1,,,,,,,,REVIEW,insufficient competition metadata to determine official club competition
4693304,2025,2025-10-07,COL1,17425,6984,0,1,,,,,,,,REVIEW,insufficient competition metadata to determine official club competition
4693266,2025,2025-10-08,COL1,20590,10093,2,1,,,,,,,,REVIEW,insufficient competition metadata to determine official club competition
4693305,2025,2025-10-08,COL1,2350,2352,2,1,,,,,,,,REVIEW,insufficient competition metadata to determine official club competition
4693306,2025,2025-10-11,COL1,10503,7136,1,2,,,,,,,,REVIEW,insufficient competition metadata to determine official club competition
4693308,2025,2025-10-12,COL1,2352,17425,3,2,,,,,,,,REVIEW,insufficient competition metadata to determine official club competition
4693309,2025,2025-10-12,COL1,11648,38628,1,3,,,,,,,,REVIEW,insufficient competition metadata to determine official club competition
4693312,2025,2025-10-12,COL1,22902,11854,0,1,,,,,,,,REVIEW,insufficient competition metadata to determine official club competition
4693307,2025,2025-10-13,COL1,6984,10093,1,5,,,,,,,,REVIEW,insufficient competition metadata to determine official club competition
4693310,2025,2025-10-13,COL1,6495,14680,1,0,,,,,,,,REVIEW,insufficient competition metadata to determine official club competition
4693311,2025,2025-10-13,COL1,20590,10090,2,2,,,,,,,,REVIEW,insufficient competition metadata to determine official club competition
4693313,2025,2025-10-14,COL1,32041,14649,1,0,,,,,,,,REVIEW,insufficient competition metadata to determine official club competition
4693314,2025,2025-10-15,COL1,8172,9961,2,1,,,,,,,,REVIEW,insufficient competition metadata to determine official club competition
4693315,2025,2025-10-16,COL1,9811,2350,3,2,,,,,,,,REVIEW,insufficient competition metadata to determine official club competition
4693316,2025,2025-10-18,COL1,10093,32041,3,1,,,,,,,,REVIEW,insufficient competition metadata to determine official club competition
4693317,2025,2025-10-18,COL1,14680,7136,3,1,,,,,,,,REVIEW,insufficient competition metadata to determine official club competition
4693318,2025,2025-10-18,COL1,10090,8172,2,2,,,,,,,,REVIEW,insufficient competition metadata to determine official club competition
4693319,2025,2025-10-18,COL1,20590,22902,1,0,,,,,,,,REVIEW,insufficient competition metadata to determine official club competition
4693321,2025,2025-10-18,COL1,14649,11648,0,0,,,,,,,,REVIEW,insufficient competition metadata to determine official club competition
4693320,2025,2025-10-19,COL1,11854,9811,3,2,,,,,,,,REVIEW,insufficient competition metadata to determine official club competition
4693323,2025,2025-10-19,COL1,38628,6984,2,0,,,,,,,,REVIEW,insufficient competition metadata to determine official club competition
4693324,2025,2025-10-19,COL1,9961,2352,0,2,,,,,,,,REVIEW,insufficient competition metadata to determine official club competition
4693300,2025,2025-10-21,COL1,10093,11648,1,1,,,,,,,,REVIEW,insufficient competition metadata to determine official club competition
4693322,2025,2025-10-21,COL1,17425,10503,0,2,,,,,,,,REVIEW,insufficient competition metadata to determine official club competition
4693325,2025,2025-10-22,COL1,2350,6495,1,1,,,,,,,,REVIEW,insufficient competition metadata to determine official club competition
4693330,2025,2025-10-24,COL1,22902,17425,2,0,,,,,,,,REVIEW,insufficient competition metadata to determine official club competition
4693327,2025,2025-10-25,COL1,32041,10090,2,0,,,,,,,,REVIEW,insufficient competition metadata to determine official club competition
4693328,2025,2025-10-25,COL1,9811,20590,1,5,,,,,,,,REVIEW,insufficient competition metadata to determine official club competition
4693329,2025,2025-10-25,COL1,7136,14649,0,2,,,,,,,,REVIEW,insufficient competition metadata to determine official club competition
4693331,2025,2025-10-25,COL1,10503,9961,2,1,,,,,,,,REVIEW,insufficient competition metadata to determine official club competition
4693332,2025,2025-10-25,COL1,6495,38628,2,0,,,,,,,,REVIEW,insufficient competition metadata to determine official club competition
4693335,2025,2025-10-25,COL1,2352,11854,2,1,,,,,,,,REVIEW,insufficient competition metadata to determine official club competition
4693326,2025,2025-10-26,COL1,11648,2350,0,1,,,,,,,,REVIEW,insufficient competition metadata to determine official club competition
4693333,2025,2025-10-26,COL1,8172,10093,5,2,,,,,,,,REVIEW,insufficient competition metadata to determine official club competition
4693334,2025,2025-10-26,COL1,6984,14680,1,0,,,,,,,,REVIEW,insufficient competition metadata to determine official club competition
4612540,2025,2025-10-28,POCP,336,2521,5,1,,,,,,,,REVIEW,insufficient competition metadata to determine official club competition
4693336,2025,2025-10-28,COL1,10090,9811,4,0,,,,,,,,REVIEW,insufficient competition metadata to determine official club competition
4693337,2025,2025-10-28,COL1,20590,7136,1,0,,,,,,,,REVIEW,insufficient competition metadata to determine official club competition
4693338,2025,2025-10-28,COL1,9961,22902,0,1,,,,,,,,REVIEW,insufficient competition metadata to determine official club competition
4740847,2025,2025-10-28,CGB,1034,1148,0,5,,,,,,,,REVIEW,insufficient competition metadata to determine official club competition
4740848,2025,2025-10-28,CGB,2805,931,5,6,,,,,,,,REVIEW,insufficient competition metadata to determine official club competition
4740849,2025,2025-10-28,CGB,1112,603,1,2,,,,,,,,REVIEW,insufficient competition metadata to determine official club competition
4612541,2025,2025-10-29,POCP,294,7179,3,0,,,,,,,,REVIEW,insufficient competition metadata to determine official club competition
4612543,2025,2025-10-29,POCP,1075,2423,5,0,,,,,,,,REVIEW,insufficient competition metadata to determine official club competition
4693340,2025,2025-10-29,COL1,17425,32041,0,1,,,,,,,,REVIEW,insufficient competition metadata to determine official club competition
4693341,2025,2025-10-29,COL1,10093,6495,3,0,,,,,,,,REVIEW,insufficient competition metadata to determine official club competition
4693344,2025,2025-10-29,COL1,11854,11648,1,2,,,,,,,,REVIEW,insufficient competition metadata to determine official club competition
4740850,2025,2025-10-29,CGB,11,1237,2,0,,,,,,,,REVIEW,insufficient competition metadata to determine official club competition
4740851,2025,2025-10-29,CGB,31,873,0,3,,,,,,,,REVIEW,insufficient competition metadata to determine official club competition
4740852,2025,2025-10-29,CGB,2288,281,1,3,,,,,,,,REVIEW,insufficient competition metadata to determine official club competition
4740853,2025,2025-10-29,CGB,543,631,3,4,,,,,,,,REVIEW,insufficient competition metadata to determine official club competition
4740854,2025,2025-10-29,CGB,762,148,2,0,,,,,,,,REVIEW,insufficient competition metadata to determine official club competition
4693342,2025,2025-10-30,COL1,2350,6984,0,0,,,,,,,,REVIEW,insufficient competition metadata to determine official club competition
4693343,2025,2025-10-30,COL1,14680,10503,0,2,,,,,,,,REVIEW,insufficient competition metadata to determine official club competition
4693345,2025,2025-10-31,COL1,38628,8172,0,3,,,,,,,,REVIEW,insufficient competition metadata to determine official club competition
4693339,2025,2025-11-06,COL1,14649,2352,0,2,,,,,,,,REVIEW,insufficient competition metadata to determine official club competition
4693347,2025,2025-11-07,COL1,9811,10093,1,4,,,,,,,,REVIEW,insufficient competition metadata to determine official club competition
4693353,2025,2025-11-07,COL1,7136,2350,1,1,,,,,,,,REVIEW,insufficient competition metadata to determine official club competition
4693350,2025,2025-11-08,COL1,8172,20590,2,1,,,,,,,,REVIEW,insufficient competition metadata to determine official club competition
4693351,2025,2025-11-08,COL1,32041,11854,1,1,,,,,,,,REVIEW,insufficient competition metadata to determine official club competition
4693355,2025,2025-11-08,COL1,10503,38628,3,1,,,,,,,,REVIEW,insufficient competition metadata to determine official club competition
4693346,2025,2025-11-09,COL1,22902,14649,2,0,,,,,,,,REVIEW,insufficient competition metadata to determine official club competition
4693348,2025,2025-11-09,COL1,6984,10090,1,0,,,,,,,,REVIEW,insufficient competition metadata to determine official club competition
4693349,2025,2025-11-09,COL1,6495,17425,2,1,,,,,,,,REVIEW,insufficient competition metadata to determine official club competition
4693354,2025,2025-11-09,COL1,2352,14680,3,0,,,,,,,,REVIEW,insufficient competition metadata to determine official club competition
4693352,2025,2025-11-10,COL1,11648,9961,1,0,,,,,,,,REVIEW,insufficient competition metadata to determine official club competition
4766958,2025,2025-11-12,COL1,17425,9811,4,0,,,,,,,,REVIEW,insufficient competition metadata to determine official club competition
4766959,2025,2025-11-13,COL1,14649,2350,1,2,,,,,,,,REVIEW,insufficient competition metadata to determine official club competition
4766960,2025,2025-11-14,COL1,38628,7136,0,3,,,,,,,,REVIEW,insufficient competition metadata to determine official club competition
4766961,2025,2025-11-14,COL1,11648,22902,1,0,,,,,,,,REVIEW,insufficient competition metadata to determine official club competition
4766962,2025,2025-11-14,COL1,20590,10503,1,2,,,,,,,,REVIEW,insufficient competition metadata to determine official club competition
4766963,2025,2025-11-14,COL1,10093,2352,3,0,,,,,,,,REVIEW,insufficient competition metadata to determine official club competition
4766964,2025,2025-11-14,COL1,14680,32041,2,0,,,,,,,,REVIEW,insufficient competition metadata to determine official club competition
4766965,2025,2025-11-14,COL1,10090,6495,3,0,,,,,,,,REVIEW,insufficient competition metadata to determine official club competition
4766966,2025,2025-11-14,COL1,9961,6984,1,1,,,,,,,,REVIEW,insufficient competition metadata to determine official club competition
4766967,2025,2025-11-14,COL1,11854,8172,2,1,,,,,,,,REVIEW,insufficient competition metadata to determine official club competition
4612542,2025,2025-12-04,POCP,720,2420,1,3,,,,,,,,REVIEW,insufficient competition metadata to determine official club competition
4769166,2025,2025-12-16,CGB,603,631,1,3,,,,,,,,REVIEW,insufficient competition metadata to determine official club competition
4769163,2025,2025-12-17,CGB,281,1148,2,0,,,,,,,,REVIEW,insufficient competition metadata to determine official club competition
4769164,2025,2025-12-17,CGB,762,931,2,1,,,,,,,,REVIEW,insufficient competition metadata to determine official club competition
4769165,2025,2025-12-23,CGB,11,873,9,8,,,,,,,,REVIEW,insufficient competition metadata to determine official club competition
4780000,2025,2026-01-06,POCP,336,2420,1,2,,,,,,,,REVIEW,insufficient competition metadata to determine official club competition
4779999,2025,2026-01-07,POCP,294,1075,1,3,,,,,,,,REVIEW,insufficient competition metadata to determine official club competition
4800935,2025,2026-01-10,POCP,2420,1075,2,1,,,,,,,,REVIEW,insufficient competition metadata to determine official club competition
4798808,2025,2026-01-13,CGB,762,281,0,2,,,,,,,,REVIEW,insufficient competition metadata to determine official club competition
4798809,2025,2026-01-14,CGB,631,11,2,3,,,,,,,,REVIEW,insufficient competition metadata to determine official club competition
4798810,2025,2026-02-03,CGB,11,631,1,0,,,,,,,,REVIEW,insufficient competition metadata to determine official club competition
4798811,2025,2026-02-04,CGB,281,762,3,1,,,,,,,,REVIEW,insufficient competition metadata to determine official club competition
4818788,2025,2026-03-22,CGB,11,281,0,2,,,,,,,,REVIEW,insufficient competition metadata to determine official club competition
